v 0.495355 0.500137 0.498563
v 0.498064 0.507855 0.504286
v 0.497395 0.500572 0.510129
v 0.494232 0.508037 0.508135
v 0.503513 0.505764 0.511561
v 0.498212 0.503939 0.508044
v 0.500795 0.505605 0.505394
v 0.493593 0.503597 0.501108
v 0.497786 0.501045 0.510325
v 0.494759 0.505999 0.498506
v 0.496602 0.508015 0.509131
v 0.494390 0.500739 0.504327
v 0.498245 0.506147 0.509281
v 0.496116 0.510341 0.509960
v 0.503636 0.506736 0.509942
v 0.500089 0.495491 0.509512
v 0.503926 0.503275 0.513371
v 0.493532 0.499581 0.506569
v 0.501613 0.513799 0.511839
v 0.493069 0.508082 0.508078
v 0.499927 0.510278 0.511156
v 0.489180 0.495609 0.507678
v 0.506147 0.504586 0.510715
v 0.493441 0.499357 0.508281
v 0.504531 0.501148 0.508172
v 0.496875 0.500905 0.509221
v 0.500669 0.510561 0.507562
v 0.496292 0.506842 0.509189
v 0.503632 0.503425 0.506359
v 0.499889 0.496128 0.505416
v 0.499348 0.500144 0.510586
v 0.489933 0.498473 0.507981
v 0.500426 0.513779 0.513472
v 0.497224 0.496203 0.504849
v 0.503355 0.502058 0.513970
v 0.494169 0.500410 0.509501
v 0.505923 0.505069 0.510571
v 0.493033 0.501390 0.512314
v 0.504644 0.507348 0.512683
v 0.497464 0.506938 0.502258
v 0.504191 0.504178 0.508838
v 0.498582 0.502421 0.509511
v 0.496857 0.507234 0.507372
v 0.500267 0.500728 0.506398
v 0.504483 0.511791 0.511623
v 0.497179 0.494270 0.507914
v 0.510313 0.503453 0.508474
v 0.498603 0.494382 0.505876
v 0.502370 0.497891 0.511837
v 0.498284 0.498033 0.514741
v 0.499673 0.496403 0.509461
v 0.497619 0.497836 0.508005
v 0.503312 0.505943 0.507707
v 0.495723 0.500791 0.504567
v 0.504482 0.504306 0.510832
v 0.494947 0.501128 0.508324
v 0.504842 0.503868 0.511491
v 0.494733 0.500166 0.502477
v 0.504574 0.502119 0.508631
v 0.501408 0.507351 0.506430
v 0.497520 0.501331 0.503817
v 0.495170 0.503092 0.504896
v 0.500263 0.506325 0.504032
v 0.498157 0.501680 0.500173
v 0.498703 0.501678 0.507067
v 0.497932 0.505476 0.506962
v 0.498388 0.499838 0.506061
v 0.497663 0.503231 0.506605
v 0.499866 0.503279 0.504873
v 0.498585 0.500468 0.504415
v 0.499606 0.502473 0.503781
v 0.496242 0.501266 0.503703
v 0.501364 0.502033 0.506296
v 0.496754 0.498963 0.506202
v 0.501397 0.506412 0.505586
v 0.496452 0.502820 0.506558
v 0.499512 0.505741 0.504334
v 0.495459 0.505723 0.505981
v 0.497972 0.501238 0.506438
v 0.498709 0.502944 0.505241
v 0.499702 0.502944 0.504123
v 0.495763 0.503275 0.503670
v 0.497182 0.507437 0.506233
v 0.496512 0.505989 0.506397
v 0.495778 0.507595 0.505023
v 0.497457 0.504965 0.504405
v 0.498233 0.506027 0.507921
v 0.496460 0.508532 0.505959
v 0.497902 0.508157 0.507538
v 0.496735 0.504967 0.503793
v 0.500242 0.503681 0.506870
v 0.496805 0.503814 0.504810
v 0.502640 0.504495 0.505973
v 0.496940 0.501350 0.505948
v 0.500864 0.504784 0.504794
v 0.495871 0.501883 0.506857
v 0.502991 0.507150 0.508112
v 0.496616 0.502880 0.502193
v 0.499697 0.505406 0.504552
v 0.493560 0.504710 0.504929
v 0.498110 0.506364 0.505477
v 0.496332 0.501579 0.502645
v 0.501556 0.502019 0.506033
v 0.497905 0.499646 0.501716
v 0.498957 0.503936 0.509796
v 0.497718 0.504616 0.504601
v 0.497517 0.505339 0.506973
v 0.496263 0.502608 0.504545
v 0.500793 0.507021 0.504771
v 0.495976 0.500747 0.503955
v 0.496586 0.505419 0.506403
v 0.497596 0.505196 0.504995
v 0.500514 0.505016 0.506725
v 0.497630 0.500231 0.506479
v 0.501544 0.503139 0.505987
v 0.498667 0.502327 0.504927
v 0.499093 0.505790 0.505733
v 0.496490 0.506905 0.502284
v 0.496966 0.505010 0.505585
v 0.498198 0.502388 0.501447
v 0.499452 0.499956 0.501821
v 0.499383 0.500504 0.502945
v 0.500166 0.500843 0.502936
v 0.499361 0.501927 0.502858
v 0.500114 0.500865 0.502507
v 0.499240 0.501429 0.503433
v 0.499769 0.500978 0.503024
v 0.498583 0.501748 0.504069
v 0.498765 0.500866 0.502690
v 0.499402 0.502153 0.502836
v 0.499501 0.501492 0.502229
v 0.498946 0.501842 0.503032
v 0.499743 0.501003 0.502542
v 0.499441 0.502262 0.502338
v 0.500338 0.500854 0.502813
v 0.499427 0.500261 0.503028
v 0.500046 0.501146 0.503153
v 0.499202 0.501106 0.502841
v 0.499791 0.501912 0.502226
v 0.499477 0.502403 0.502308
v 0.499687 0.500876 0.502489
v 0.498628 0.501223 0.503219
v 0.499650 0.500859 0.502466
v 0.499227 0.501962 0.502404
v 0.499797 0.500544 0.503345
v 0.499195 0.501204 0.502706
v 0.499043 0.501171 0.502735
v 0.499363 0.501501 0.502905
v 0.500385 0.501188 0.502520
v 0.499253 0.501603 0.502480
v 0.499123 0.500764 0.502550
v 0.498410 0.501289 0.503080
v 0.499768 0.501858 0.503206
v 0.499619 0.501144 0.502983
v 0.499936 0.500380 0.503232
v 0.499177 0.501123 0.502689
v 0.499421 0.501192 0.503134
v 0.499447 0.500551 0.502946
v 0.499889 0.501913 0.502760
v 0.499926 0.500554 0.502540
v 0.499683 0.500253 0.503020
v 0.499361 0.501636 0.502760
v 0.499450 0.501416 0.502657
v 0.499624 0.501028 0.502370
v 0.499686 0.501417 0.503001
v 0.498601 0.501111 0.503018
v 0.499876 0.500972 0.502723
v 0.499754 0.500263 0.502658
v 0.499704 0.500702 0.503128
v 0.499656 0.501407 0.503342
v 0.499871 0.500302 0.502718
v 0.499637 0.500834 0.503208
v 0.499551 0.501019 0.502746
v 0.499661 0.501436 0.502725
v 0.499877 0.500653 0.502964
v 0.499007 0.501360 0.502851
v 0.499786 0.501057 0.502853
v 0.499168 0.501191 0.502635
v 0.499874 0.500664 0.502947
v 0.500235 0.501750 0.501970
v 0.497594 0.500314 0.500007
v 0.498982 0.504067 0.502950
v 0.498790 0.500399 0.505892
v 0.497008 0.504376 0.505315
v 0.501396 0.502841 0.506787
v 0.498776 0.502400 0.505276
v 0.500162 0.503250 0.503820
v 0.496979 0.502489 0.501922
v 0.498416 0.500731 0.506224
v 0.497424 0.503595 0.500209
v 0.498087 0.504154 0.505464
v 0.497156 0.500683 0.503186
v 0.499002 0.503332 0.505473
v 0.498079 0.505596 0.505760
v 0.501528 0.503501 0.505960
v 0.499842 0.497729 0.505526
v 0.501668 0.501793 0.507474
v 0.496861 0.500012 0.504629
v 0.500533 0.507015 0.506517
v 0.496472 0.504330 0.504924
v 0.499524 0.504861 0.506422
v 0.494570 0.498190 0.505110
v 0.502830 0.502377 0.505972
v 0.497047 0.500560 0.505145
v 0.501720 0.500546 0.505358
v 0.498235 0.500926 0.505713
v 0.499943 0.505131 0.504764
v 0.497761 0.503969 0.505450
v 0.501692 0.501814 0.504080
v 0.499756 0.498185 0.503675
v 0.499393 0.500183 0.505948
v 0.494832 0.499470 0.504981
v 0.499782 0.507099 0.507627
v 0.498645 0.498649 0.503637
v 0.501486 0.501199 0.508056
v 0.496952 0.500757 0.505423
v 0.502470 0.502582 0.506267
v 0.496779 0.500887 0.506864
v 0.501949 0.504165 0.507105
v 0.498638 0.503601 0.502134
v 0.501551 0.502434 0.505495
v 0.499237 0.501719 0.505260
v 0.498338 0.503679 0.504277
v 0.499825 0.501036 0.504062
v 0.501743 0.506087 0.506926
v 0.498609 0.497729 0.505084
v 0.504274 0.501545 0.504982
v 0.499187 0.497777 0.504012
v 0.500819 0.498769 0.506750
v 0.499307 0.499524 0.508333
v 0.499441 0.498484 0.505336
v 0.498823 0.499314 0.504824
v 0.501081 0.503451 0.504605
v 0.497852 0.501286 0.503310
v 0.501802 0.502037 0.506102
v 0.497591 0.500860 0.504993
v 0.502160 0.502183 0.506523
v 0.497341 0.500473 0.502126
v 0.501597 0.501531 0.504939
v 0.500795 0.503770 0.503879
v 0.500150 0.497693 0.508966
v 0.493785 0.499934 0.505316
v 0.502963 0.506105 0.507143
v 0.497465 0.496574 0.510288
v 0.501718 0.503526 0.508050
v 0.500471 0.498997 0.502251
v 0.502475 0.499896 0.514240
v 0.496487 0.498474 0.503954
v 0.503045 0.501530 0.508437
v 0.492518 0.502206 0.512011
v 0.505308 0.501891 0.510814
v 0.503012 0.502081 0.509801
v 0.503194 0.497141 0.507694
v 0.494227 0.497013 0.504881
v 0.499737 0.498443 0.508119
v 0.500978 0.502760 0.505477
v 0.497997 0.503742 0.507614
v 0.491900 0.504315 0.503999
v 0.502216 0.505966 0.506351
v 0.492602 0.492184 0.503439
v 0.502174 0.510215 0.511807
v 0.501294 0.499725 0.508670
v 0.503531 0.503816 0.506089
v 0.498055 0.497810 0.503882
v 0.503524 0.504757 0.508901
v 0.500860 0.496833 0.505578
v 0.504898 0.506798 0.510210
v 0.497170 0.497814 0.508486
v 0.499932 0.498719 0.509708
v 0.494659 0.498154 0.510680
v 0.498654 0.508974 0.514731
v 0.496655 0.505343 0.507363
v 0.499284 0.502514 0.513636
v 0.495440 0.502180 0.511540
v 0.501627 0.506241 0.507930
v 0.496533 0.504099 0.508243
v 0.501391 0.504364 0.508729
v 0.495332 0.501466 0.505428
v 0.498655 0.498378 0.509096
v 0.492285 0.505230 0.505930
v 0.504628 0.503502 0.511873
v 0.494516 0.496391 0.511263
v 0.499511 0.505662 0.507741
v 0.495376 0.503019 0.506882
v 0.507880 0.498507 0.509033
v 0.498351 0.493944 0.511122
v 0.500787 0.500477 0.506649
v 0.497175 0.504669 0.508208
v 0.502278 0.505338 0.508091
v 0.495307 0.498825 0.511752
v 0.499349 0.504300 0.509015
v 0.496293 0.497058 0.507033
v 0.499520 0.507578 0.516580
v 0.496313 0.498218 0.510692
v 0.502249 0.508567 0.508196
v 0.498157 0.503306 0.509643
v 0.498260 0.500792 0.509534
v 0.499167 0.499562 0.510711
v 0.500329 0.506934 0.510301
v 0.498771 0.500934 0.506249
v 0.500382 0.498059 0.508943
v 0.494324 0.501844 0.505419
v 0.503376 0.507405 0.507667
v 0.500007 0.498874 0.504183
v 0.500072 0.506075 0.512469
v 0.501240 0.498453 0.508146
v 0.501263 0.497395 0.514978
v 0.497082 0.500874 0.511442
v 0.500786 0.500149 0.505438
v 0.494992 0.500738 0.513388
v 0.499839 0.502417 0.506993
v 0.499928 0.501335 0.507050
v 0.503993 0.496695 0.509691
v 0.495059 0.498710 0.504559
v 0.497319 0.501535 0.508468
v 0.498862 0.503894 0.509820
v 0.498965 0.504249 0.509104
v 0.490433 0.505468 0.509270
v 0.500847 0.502822 0.509290
v 0.495037 0.495359 0.503548
v 0.501807 0.508769 0.510478
v 0.496902 0.498360 0.509848
v 0.501840 0.506951 0.507215
v 0.499017 0.500754 0.507576
v 0.498922 0.509808 0.507712
v 0.501382 0.500026 0.506156
v 0.503205 0.507872 0.511851
v 0.494191 0.504966 0.507702
v 0.501187 0.504047 0.511325
v 0.491273 0.497789 0.508921
v 0.498796 0.509090 0.515667
v 0.497895 0.506428 0.507783
v 0.501334 0.506243 0.514120
v 0.494298 0.499769 0.509661
v 0.502107 0.507638 0.506780
v 0.495367 0.500860 0.510671
v 0.501510 0.508093 0.512005
v 0.494524 0.502553 0.504888
v 0.501301 0.500029 0.508070
v 0.492705 0.506807 0.505861
v 0.502514 0.506688 0.511880
v 0.494835 0.496947 0.508954
v 0.502751 0.502309 0.509895
v 0.497879 0.503299 0.502489
v 0.503265 0.502209 0.511717
v 0.500088 0.498067 0.508882
v 0.498745 0.505619 0.508030
v 0.495816 0.503789 0.508015
v 0.501402 0.505642 0.505471
v 0.493234 0.500319 0.509563
v 0.495392 0.506098 0.510102
v 0.493900 0.502983 0.507517
v 0.501365 0.510883 0.515327
v 0.496304 0.499577 0.508826
v 0.502506 0.505823 0.508634
v 0.498807 0.502445 0.508895
v 0.498587 0.502318 0.510409
v 0.494794 0.506366 0.508386
v 0.497019 0.506187 0.509877
v 0.498349 0.500335 0.503311
v 0.500427 0.496978 0.510512
v 0.492504 0.499929 0.505430
v 0.504139 0.507124 0.508529
v 0.497211 0.495275 0.511064
v 0.502031 0.504599 0.509415
v 0.501052 0.498171 0.502562
v 0.503197 0.498909 0.517140
v 0.496215 0.497533 0.505587
v 0.503570 0.501126 0.509042
v 0.491084 0.501767 0.514479
v 0.506234 0.502158 0.512149
v 0.503621 0.502246 0.511139
v 0.504126 0.495932 0.509031
v 0.493506 0.496142 0.504912
v 0.499376 0.498294 0.509612
v 0.501089 0.502712 0.506447
v 0.497671 0.504282 0.509212
v 0.490314 0.504932 0.505065
v 0.502896 0.507080 0.507397
v 0.491728 0.490592 0.503725
v 0.502656 0.511508 0.513645
v 0.501188 0.499080 0.510403
v 0.504546 0.504523 0.506709
v 0.498215 0.497550 0.503938
v 0.504152 0.506029 0.510213
v 0.501124 0.495827 0.505954
v 0.506035 0.507650 0.512029
v 0.496252 0.497647 0.509496
v 0.500428 0.498590 0.511774
v 0.492998 0.497180 0.512469
v 0.498177 0.510476 0.517590
v 0.496415 0.506282 0.508692
v 0.499693 0.503200 0.516106
v 0.494502 0.502353 0.513107
v 0.502315 0.507739 0.508831
v 0.496045 0.504302 0.509562
v 0.501637 0.505487 0.510617
v 0.494425 0.501713 0.505833
v 0.498800 0.497723 0.510541
v 0.490814 0.505683 0.506658
v 0.505684 0.504385 0.514210
v 0.493558 0.495091 0.512774
v 0.500323 0.505918 0.509318
v 0.494730 0.503234 0.507273
v 0.509367 0.498192 0.510947
v 0.497992 0.493272 0.512628
v 0.500785 0.500861 0.507929
v 0.496413 0.504656 0.509899
v 0.502528 0.505942 0.508982
v 0.494146 0.498286 0.513857
v 0.498823 0.505369 0.510305
v 0.495542 0.496555 0.508114
v 0.499647 0.509155 0.519509
v 0.496005 0.497548 0.512364
v 0.502728 0.509778 0.509410
v 0.498015 0.503688 0.511026
v 0.498036 0.500875 0.511243
v 0.498704 0.500309 0.512131
v 0.499988 0.507797 0.512095
v 0.498137 0.500660 0.507268
v 0.498418 0.500645 0.505718
v 0.494784 0.502623 0.504390
v 0.498357 0.506474 0.503535
v 0.496045 0.502535 0.508379
v 0.502355 0.503102 0.506107
v 0.497678 0.502705 0.502035
v 0.499730 0.502792 0.508917
v 0.494538 0.502759 0.499941
v 0.503316 0.504536 0.510030
v 0.493795 0.504925 0.508362
v 0.503393 0.502325 0.510463
v 0.499865 0.499968 0.507152
v 0.499434 0.501451 0.507390
v 0.492019 0.500705 0.506731
v 0.501777 0.500702 0.507072
v 0.499858 0.504651 0.504476
v 0.501350 0.504921 0.505398
v 0.493074 0.502367 0.501467
v 0.501832 0.506261 0.507113
v 0.492872 0.498621 0.502850
v 0.501854 0.511077 0.510933
v 0.501975 0.504121 0.506600
v 0.503503 0.504935 0.506759
v 0.495239 0.499079 0.505991
v 0.504138 0.502292 0.507743
v 0.499279 0.501341 0.505140
v 0.502593 0.507147 0.506933
v 0.498877 0.496328 0.506438
v 0.499184 0.499813 0.505982
v 0.497118 0.503112 0.507414
v 0.500250 0.508011 0.510973
v 0.494007 0.505723 0.504842
v 0.497867 0.502139 0.511888
v 0.496994 0.501179 0.509083
v 0.500733 0.503472 0.508410
v 0.496887 0.504067 0.504980
v 0.502172 0.502695 0.505259
v 0.495564 0.501149 0.508505
v 0.498406 0.500111 0.507004
v 0.493544 0.508141 0.503547
v 0.505629 0.502181 0.507337
v 0.493788 0.499936 0.510865
v 0.496976 0.508631 0.506811
v 0.496359 0.505184 0.505715
v 0.507242 0.503651 0.505332
v 0.497680 0.495791 0.509809
v 0.503715 0.500311 0.505819
v 0.497767 0.503428 0.504809
v 0.503716 0.505222 0.508827
v 0.497499 0.499754 0.509434
v 0.501151 0.503578 0.508920
v 0.496061 0.496415 0.506828
v 0.499391 0.504802 0.513134
v 0.493615 0.500723 0.506868
v 0.502119 0.506651 0.508355
v 0.498629 0.502176 0.508145
v 0.499876 0.502743 0.506350
v 0.499457 0.499673 0.506903
v 0.502991 0.505604 0.505210
v 0.501366 0.503194 0.503778
v 0.499918 0.499022 0.506918
v 0.495502 0.502400 0.505088
v 0.502319 0.506030 0.505608
v 0.500232 0.500104 0.502685
v 0.499534 0.504490 0.510707
v 0.500575 0.499940 0.507350
v 0.500240 0.498075 0.511057
v 0.497606 0.501240 0.509422
v 0.499949 0.500415 0.504632
v 0.496860 0.500828 0.510196
v 0.499374 0.502015 0.505177
v 0.499376 0.500958 0.505448
v 0.502932 0.498117 0.507994
v 0.496052 0.499747 0.504280
v 0.498170 0.501819 0.506996
v 0.498500 0.503457 0.508281
v 0.499415 0.504009 0.506912
v 0.492654 0.504977 0.507739
v 0.500042 0.501807 0.507730
v 0.496233 0.497416 0.503659
v 0.500864 0.506161 0.507896
v 0.497034 0.499502 0.507506
v 0.500180 0.506067 0.506096
v 0.498504 0.501847 0.506690
v 0.497766 0.508253 0.505885
v 0.500717 0.500959 0.505317
v 0.501844 0.506341 0.509127
v 0.495241 0.505513 0.506763
v 0.500453 0.504715 0.509282
v 0.493765 0.499170 0.506694
v 0.499226 0.506747 0.511796
v 0.498287 0.505175 0.506287
v 0.500981 0.504971 0.511060
v 0.495647 0.500526 0.507335
v 0.501494 0.506251 0.505413
v 0.496328 0.500922 0.508981
v 0.501401 0.506899 0.509633
v 0.496306 0.502319 0.503956
v 0.501069 0.501135 0.506174
v 0.493973 0.505732 0.504417
v 0.501254 0.505357 0.508680
v 0.495784 0.498643 0.506361
v 0.502202 0.501842 0.507912
v 0.498763 0.502396 0.502030
v 0.501343 0.502501 0.509882
v 0.500244 0.499658 0.506497
v 0.498938 0.505274 0.506950
v 0.496255 0.503666 0.505938
v 0.501230 0.505059 0.504781
v 0.495102 0.500795 0.506681
v 0.496309 0.504678 0.508363
v 0.495473 0.503294 0.506314
v 0.500926 0.508201 0.511352
v 0.497191 0.499815 0.506800
v 0.501999 0.503823 0.506696
v 0.498854 0.501944 0.507158
v 0.498472 0.502194 0.508042
v 0.495545 0.506202 0.505875
v 0.497106 0.504734 0.507758
v 0.498741 0.500536 0.502496
v 0.500671 0.497692 0.508452
v 0.494340 0.500799 0.503730
v 0.503594 0.505688 0.507426
v 0.498444 0.497419 0.507005
v 0.500672 0.504814 0.508469
v 0.501408 0.498296 0.504481
v 0.502426 0.498227 0.514219
v 0.497175 0.498838 0.507819
v 0.502204 0.500867 0.505905
v 0.493593 0.500322 0.512480
v 0.503277 0.501713 0.508339
v 0.502231 0.501567 0.508037
v 0.503832 0.496007 0.508140
v 0.495509 0.497192 0.503685
v 0.497653 0.499715 0.507667
v 0.500235 0.502448 0.506175
v 0.498594 0.503216 0.508696
v 0.492470 0.503763 0.506437
v 0.502154 0.504404 0.507201
v 0.494762 0.492997 0.502962
v 0.501315 0.508796 0.510919
v 0.499435 0.498554 0.508848
v 0.503376 0.505000 0.505621
v 0.499723 0.498821 0.504121
v 0.502624 0.505910 0.508487
v 0.500879 0.497412 0.504856
v 0.504115 0.505867 0.510987
v 0.495903 0.500522 0.507141
v 0.501279 0.500466 0.510108
v 0.492530 0.497607 0.510012
v 0.498204 0.507791 0.514490
v 0.497909 0.505431 0.507334
v 0.500726 0.503881 0.513056
v 0.495075 0.500897 0.510408
v 0.501749 0.506312 0.506798
v 0.496983 0.501866 0.508936
v 0.500924 0.505358 0.510155
v 0.495005 0.502032 0.504487
v 0.500071 0.498428 0.508394
v 0.493318 0.504556 0.505483
v 0.503651 0.504341 0.512456
v 0.495276 0.496873 0.509563
v 0.501389 0.503857 0.508443
v 0.496535 0.502475 0.504374
v 0.505891 0.499911 0.509721
v 0.498844 0.496703 0.509389
v 0.499515 0.502704 0.507449
v 0.497026 0.502720 0.509118
v 0.500814 0.504165 0.506170
v 0.494132 0.499944 0.511288
v 0.496948 0.505034 0.508340
v 0.495928 0.498992 0.507037
v 0.500064 0.508150 0.515589
v 0.497345 0.498646 0.509489
v 0.501910 0.506521 0.508168
v 0.498902 0.502230 0.509016
v 0.498347 0.500997 0.509706
v 0.497243 0.503129 0.509616
v 0.498236 0.505959 0.509620
v 0.498306 0.500403 0.505036
v 0.499316 0.500493 0.502665
v 0.498411 0.501408 0.502840
v 0.499339 0.502404 0.502383
v 0.499092 0.500986 0.503889
v 0.499862 0.501010 0.502966
v 0.499287 0.501324 0.502170
v 0.499570 0.501013 0.503743
v 0.498598 0.500937 0.501827
v 0.500686 0.501532 0.503845
v 0.498260 0.501653 0.503784
v 0.500491 0.500927 0.503873
v 0.499911 0.501046 0.503533
v 0.499414 0.500534 0.503311
v 0.498088 0.500654 0.503454
v 0.499950 0.500653 0.502954
v 0.499942 0.501956 0.502550
v 0.499598 0.501602 0.502975
v 0.498162 0.501896 0.501853
v 0.500146 0.501705 0.503088
v 0.498094 0.500233 0.502136
v 0.500020 0.503120 0.504004
v 0.500419 0.501601 0.503403
v 0.500332 0.501890 0.502881
v 0.498853 0.500656 0.503082
v 0.500252 0.501103 0.503248
v 0.499728 0.501196 0.502941
v 0.500099 0.502042 0.503353
v 0.499663 0.499781 0.503417
v 0.499390 0.500435 0.503076
v 0.498734 0.501200 0.503602
v 0.499497 0.502201 0.504089
v 0.498382 0.502195 0.502650
v 0.498857 0.501067 0.504513
v 0.499145 0.500867 0.504237
v 0.499741 0.501383 0.503210
v 0.499107 0.501941 0.503084
v 0.500167 0.501187 0.502862
v 0.498851 0.501132 0.503638
v 0.499173 0.500321 0.503165
v 0.498444 0.502579 0.502586
v 0.500957 0.501061 0.503275
v 0.498262 0.500874 0.504142
v 0.498901 0.502421 0.502787
v 0.499086 0.502290 0.503171
v 0.501172 0.501421 0.502955
v 0.499477 0.499632 0.503856
v 0.500247 0.500598 0.502508
v 0.499160 0.502005 0.502954
v 0.500212 0.501498 0.503567
v 0.499161 0.500618 0.503935
v 0.499974 0.501143 0.503571
v 0.498928 0.500122 0.503190
v 0.499583 0.501660 0.504813
v 0.498402 0.500934 0.503292
v 0.500115 0.502060 0.503492
v 0.499483 0.501450 0.503869
v 0.499557 0.501012 0.503198
v 0.499790 0.500367 0.503593
v 0.499973 0.501873 0.503098
v 0.500205 0.501226 0.502202
v 0.501516 0.495034 0.514536
v 0.489773 0.500272 0.505055
v 0.507278 0.509319 0.512548
v 0.496845 0.493623 0.512219
v 0.502222 0.508614 0.513997
v 0.502811 0.495739 0.505868
v 0.505071 0.496451 0.525227
v 0.494961 0.496539 0.511866
v 0.504480 0.500616 0.509675
v 0.488031 0.500309 0.521074
v 0.507758 0.502901 0.514607
v 0.504955 0.502012 0.513763
v 0.507212 0.492141 0.513204
v 0.491654 0.493916 0.504997
v 0.496670 0.498323 0.513410
v 0.500794 0.503407 0.509414
v 0.497400 0.505566 0.514382
v 0.486022 0.506285 0.509556
v 0.504600 0.508384 0.510985
v 0.490164 0.485890 0.503714
v 0.503170 0.515745 0.518660
v 0.499915 0.496989 0.514911
v 0.506926 0.507840 0.508978
v 0.499192 0.497017 0.505100
v 0.505744 0.509990 0.514059
v 0.501883 0.493571 0.507248
v 0.508583 0.510258 0.518032
v 0.493108 0.498804 0.511638
v 0.502733 0.499267 0.517258
v 0.487099 0.494510 0.517016
v 0.497006 0.514458 0.525451
v 0.495966 0.509372 0.512041
v 0.501655 0.506355 0.522460
v 0.491172 0.501548 0.517329
v 0.504172 0.511412 0.511113
v 0.494807 0.503308 0.514368
v 0.501804 0.509301 0.516355
v 0.490789 0.502846 0.506556
v 0.499700 0.495950 0.514044
v 0.487450 0.507538 0.508354
v 0.507732 0.507273 0.521386
v 0.491476 0.492862 0.516530
v 0.502995 0.506795 0.514085
v 0.493530 0.503493 0.506681
v 0.512113 0.498779 0.515901
v 0.497552 0.492987 0.515885
v 0.500078 0.503877 0.512003
v 0.494688 0.504275 0.514839
v 0.502291 0.507653 0.510166
v 0.489824 0.498829 0.519368
v 0.495473 0.508479 0.514059
v 0.493322 0.496079 0.511022
v 0.500655 0.514021 0.527603
v 0.495292 0.496215 0.516387
v 0.503821 0.512064 0.513435
v 0.498082 0.503958 0.514763
v 0.497502 0.501393 0.516061
v 0.495908 0.504135 0.515728
v 0.498019 0.511086 0.516141
v 0.496818 0.500166 0.508566
v 0.496756 0.500996 0.499962
v 0.497618 0.506105 0.503180
v 0.496674 0.502141 0.505081
v 0.497096 0.505368 0.505034
v 0.501672 0.503803 0.505880
v 0.499364 0.503193 0.504824
v 0.500252 0.504056 0.503794
v 0.496388 0.502050 0.501250
v 0.500005 0.501138 0.507405
v 0.495989 0.503455 0.501238
v 0.498181 0.503843 0.505479
v 0.497349 0.500732 0.503762
v 0.498350 0.503799 0.506258
v 0.496601 0.506665 0.507185
v 0.501784 0.503897 0.506042
v 0.500477 0.499470 0.505531
v 0.502150 0.501657 0.508076
v 0.495389 0.500818 0.503380
v 0.501457 0.507972 0.507243
v 0.496411 0.505112 0.505470
v 0.500852 0.507154 0.507235
v 0.495340 0.499711 0.504430
v 0.502994 0.502184 0.506878
v 0.496060 0.499121 0.505695
v 0.502355 0.500848 0.505100
v 0.498741 0.502145 0.505935
v 0.500258 0.506984 0.504930
v 0.498304 0.502520 0.506158
v 0.501313 0.501487 0.503826
v 0.500229 0.501000 0.504137
v 0.499104 0.502907 0.507417
v 0.494692 0.501624 0.504423
v 0.499204 0.507943 0.509188
v 0.497729 0.499708 0.504028
v 0.500308 0.502646 0.507931
v 0.496822 0.501063 0.506225
v 0.503157 0.503324 0.505523
v 0.495410 0.502078 0.508252
v 0.502277 0.503619 0.506900
v 0.498452 0.504584 0.501660
v 0.502715 0.501817 0.505194
v 0.497658 0.503109 0.506702
v 0.497777 0.506613 0.505683
v 0.499867 0.502152 0.504753
v 0.503656 0.508618 0.506191
v 0.498507 0.497964 0.504876
v 0.506292 0.503235 0.505650
v 0.498536 0.498817 0.504087
v 0.501226 0.499924 0.507264
v 0.499201 0.499650 0.508483
v 0.500632 0.499414 0.507004
v 0.497094 0.498458 0.505010
v 0.502111 0.503971 0.506241
v 0.495829 0.500433 0.503154
v 0.502054 0.503442 0.507572
v 0.496419 0.501463 0.505800
v 0.502062 0.502991 0.506188
v 0.497430 0.500283 0.503093
v 0.502645 0.502128 0.505386
v 0.500911 0.504841 0.504245
v 0.499687 0.498702 0.507084
v 0.495231 0.500264 0.505266
v 0.501274 0.505199 0.505481
v 0.497686 0.498788 0.509256
v 0.501662 0.502572 0.506425
v 0.499584 0.500033 0.502243
v 0.501414 0.501253 0.510791
v 0.496304 0.500135 0.501906
v 0.502475 0.502361 0.508146
v 0.494000 0.502806 0.509524
v 0.504303 0.501638 0.509718
v 0.502112 0.501373 0.507942
v 0.501544 0.498681 0.506324
v 0.494328 0.498146 0.504870
v 0.500120 0.498501 0.506746
v 0.500614 0.503214 0.504474
v 0.498606 0.503417 0.505797
v 0.493762 0.503572 0.502760
v 0.501356 0.504559 0.505603
v 0.493895 0.494516 0.503167
v 0.501434 0.508957 0.509526
v 0.501818 0.501110 0.506886
v 0.502396 0.503492 0.505581
v 0.497325 0.498761 0.503992
v 0.502911 0.502995 0.507876
v 0.500169 0.498264 0.505238
v 0.503283 0.506230 0.507905
v 0.498136 0.497639 0.507148
v 0.498912 0.499060 0.507299
v 0.496126 0.499830 0.508539
v 0.499455 0.507578 0.511690
v 0.496746 0.504157 0.506056
v 0.498538 0.502060 0.510855
v 0.496279 0.501861 0.509766
v 0.500901 0.504449 0.506973
v 0.497049 0.504001 0.506200
v 0.501267 0.503130 0.506662
v 0.496233 0.501479 0.505158
v 0.498344 0.499257 0.507430
v 0.494007 0.505075 0.504802
v 0.503695 0.502798 0.509225
v 0.495443 0.498277 0.509848
v 0.498557 0.505825 0.506080
v 0.495867 0.503220 0.506590
v 0.506115 0.498778 0.506876
v 0.498578 0.495223 0.509897
v 0.500913 0.499993 0.505323
v 0.498050 0.504160 0.506060
v 0.502168 0.504691 0.507754
v 0.496545 0.499080 0.509498
v 0.500162 0.502917 0.507933
v 0.497212 0.496807 0.506280
v 0.499331 0.505962 0.513746
v 0.496476 0.499351 0.508608
v 0.501739 0.507507 0.506814
v 0.498328 0.502786 0.508233
v 0.498742 0.501221 0.507345
v 0.499561 0.498678 0.508888
v 0.500916 0.505912 0.507839
v 0.499733 0.501408 0.504863
v 0.500646 0.496096 0.512568
v 0.490937 0.499629 0.506182
v 0.505204 0.508528 0.510063
v 0.496622 0.493997 0.513018
v 0.502664 0.505617 0.511260
v 0.501364 0.497485 0.502650
v 0.504058 0.498530 0.520729
v 0.495467 0.496800 0.506425
v 0.504469 0.501098 0.510658
v 0.489141 0.502017 0.517311
v 0.507837 0.502603 0.514518
v 0.504480 0.502511 0.513207
v 0.505175 0.494985 0.510666
v 0.492079 0.495072 0.505568
v 0.499326 0.497804 0.511492
v 0.501357 0.503065 0.507528
v 0.497252 0.505190 0.510884
v 0.488158 0.505814 0.505796
v 0.503631 0.508578 0.508606
v 0.489918 0.488213 0.504113
v 0.503397 0.513951 0.516291
v 0.501531 0.498681 0.512279
v 0.505696 0.505357 0.507852
v 0.497909 0.496762 0.504323
v 0.505267 0.507267 0.512024
v 0.501352 0.494636 0.506852
v 0.507626 0.509276 0.514257
v 0.495455 0.496826 0.511097
v 0.500617 0.498079 0.513981
v 0.491491 0.496424 0.514687
v 0.497924 0.512897 0.521243
v 0.495650 0.507496 0.510296
v 0.499757 0.503862 0.519324
v 0.493251 0.502719 0.515513
v 0.503025 0.509398 0.510458
v 0.495226 0.505002 0.511239
v 0.502028 0.506698 0.512510
v 0.493189 0.501884 0.506637
v 0.498607 0.497068 0.512456
v 0.488778 0.506760 0.507661
v 0.507060 0.505284 0.517029
v 0.492155 0.493773 0.515246
v 0.500556 0.507112 0.511072
v 0.493584 0.503695 0.508391
v 0.511672 0.497586 0.512971
v 0.497562 0.491615 0.515075
v 0.501150 0.500853 0.509393
v 0.495661 0.505422 0.511650
v 0.503307 0.507253 0.510572
v 0.492867 0.497702 0.516585
v 0.498642 0.506471 0.512270
v 0.494607 0.495445 0.509460
v 0.499639 0.511110 0.523489
v 0.495109 0.496787 0.514786
v 0.503354 0.511962 0.511131
v 0.497625 0.504289 0.513078
v 0.497802 0.500927 0.513294
v 0.498506 0.500238 0.514293
v 0.500188 0.509484 0.514332
v 0.497760 0.500675 0.508506
v 0.499464 0.499137 0.506383
v 0.495695 0.500533 0.505089
v 0.500652 0.504933 0.504973
v 0.497688 0.499649 0.508723
v 0.501691 0.502395 0.505782
v 0.499290 0.500528 0.502077
v 0.500928 0.501572 0.509564
v 0.496282 0.500699 0.501295
v 0.502347 0.502659 0.508018
v 0.494439 0.502901 0.508606
v 0.503737 0.501678 0.509239
v 0.501716 0.501130 0.507283
v 0.500766 0.499437 0.505843
v 0.494437 0.498809 0.504791
v 0.500340 0.498811 0.506272
v 0.500329 0.503431 0.503991
v 0.498995 0.503317 0.505308
v 0.494373 0.503272 0.502217
v 0.501184 0.504188 0.505406
v 0.494455 0.495643 0.503009
v 0.501086 0.508506 0.508795
v 0.501984 0.501628 0.506482
v 0.502153 0.503396 0.505326
v 0.497196 0.499178 0.504088
v 0.502597 0.502469 0.507437
v 0.499940 0.498719 0.505098
v 0.502648 0.506080 0.507082
v 0.498381 0.497751 0.506710
v 0.498718 0.499344 0.506501
v 0.496564 0.500382 0.507793
v 0.499757 0.506974 0.510699
v 0.496642 0.503939 0.505452
v 0.498342 0.501953 0.509997
v 0.496724 0.501695 0.508989
v 0.500795 0.503705 0.506566
v 0.497323 0.503826 0.505460
v 0.501201 0.502759 0.506051
v 0.496535 0.501524 0.505112
v 0.498264 0.499573 0.506726
v 0.494576 0.505102 0.504355
v 0.503571 0.502371 0.508262
v 0.495480 0.499038 0.509228
v 0.498351 0.505712 0.505612
v 0.496250 0.503373 0.506159
v 0.505665 0.499401 0.506219
v 0.498507 0.495908 0.509110
v 0.501049 0.499889 0.504872
v 0.498248 0.503764 0.505282
v 0.502203 0.504411 0.507582
v 0.496940 0.499037 0.508694
v 0.500261 0.502670 0.507528
v 0.497299 0.497088 0.506148
v 0.499221 0.505337 0.512630
v 0.496410 0.499809 0.507799
v 0.501520 0.506863 0.506477
v 0.498638 0.502529 0.507717
v 0.498932 0.501303 0.506489
v 0.499855 0.498629 0.508163
v 0.501005 0.505517 0.506835
v 0.500174 0.501551 0.504337
v 0.500464 0.497868 0.508070
v 0.494369 0.500658 0.503748
v 0.503249 0.505262 0.506910
v 0.498142 0.496924 0.507812
v 0.500865 0.504087 0.507512
v 0.501155 0.498557 0.503488
v 0.502280 0.498783 0.513339
v 0.497277 0.498430 0.506224
v 0.502366 0.500908 0.506217
v 0.493541 0.500776 0.511611
v 0.503781 0.501487 0.508567
v 0.502456 0.501657 0.508376
v 0.503169 0.496221 0.507406
v 0.495591 0.497409 0.503542
v 0.498416 0.499268 0.507423
v 0.500418 0.502371 0.505455
v 0.498323 0.503031 0.507918
v 0.492968 0.503820 0.505314
v 0.502127 0.504878 0.506348
v 0.494549 0.493327 0.503178
v 0.501352 0.508295 0.510396
v 0.500050 0.499079 0.508538
v 0.503349 0.504113 0.505273
v 0.499252 0.498985 0.503515
v 0.502653 0.505036 0.508233
v 0.500882 0.497228 0.504754
v 0.503934 0.505410 0.509983
v 0.496508 0.499729 0.507153
v 0.500807 0.499789 0.509673
v 0.493615 0.497660 0.509959
v 0.498022 0.507519 0.513472
v 0.497563 0.505139 0.507013
v 0.500345 0.503028 0.512285
v 0.495643 0.501478 0.510072
v 0.501774 0.505933 0.506520
v 0.497265 0.502568 0.508099
v 0.500960 0.504644 0.509086
v 0.495594 0.501824 0.504493
v 0.499439 0.498344 0.508324
v 0.493433 0.504273 0.505356
v 0.503741 0.503843 0.511593
v 0.495528 0.496771 0.509468
v 0.500833 0.504020 0.507776
v 0.496525 0.502423 0.504872
v 0.506187 0.499577 0.509134
v 0.498689 0.496350 0.509065
v 0.499822 0.501873 0.506815
v 0.497172 0.502954 0.508400
v 0.501037 0.504274 0.506437
v 0.494985 0.499649 0.510769
v 0.497896 0.504409 0.507973
v 0.496473 0.498399 0.506575
v 0.500027 0.507286 0.514924
v 0.497420 0.498546 0.509289
v 0.501942 0.506531 0.507576
v 0.498778 0.502583 0.508596
v 0.498211 0.500920 0.509079
v 0.498076 0.502029 0.509336
v 0.498809 0.505714 0.509257
v 0.498345 0.500518 0.505380
v 0.498301 0.496524 0.501237
v 0.497851 0.497216 0.507520
v 0.504070 0.505724 0.513935
v 0.492664 0.509365 0.507757
v 0.504073 0.504086 0.508869
v 0.495210 0.502475 0.511299
v 0.501648 0.503096 0.511348
v 0.489123 0.505427 0.515937
v 0.493624 0.506325 0.513302
v 0.495868 0.507434 0.506326
v 0.497311 0.511549 0.507152
v 0.488642 0.506514 0.510602
v 0.503100 0.502599 0.508929
v 0.499856 0.511223 0.508914
v 0.510363 0.501302 0.511866
v 0.495942 0.489529 0.509015
v 0.505232 0.506409 0.517692
v 0.496700 0.496208 0.510795
v 0.499903 0.513929 0.506952
v 0.494363 0.509885 0.503781
v 0.498567 0.502981 0.505400
v 0.484210 0.499204 0.510625
v 0.505410 0.502518 0.512829
v 0.492596 0.508295 0.505795
v 0.501365 0.500165 0.515925
v 0.494566 0.501899 0.505126
v 0.498088 0.504323 0.511180
v 0.497064 0.503876 0.508832
v 0.508433 0.506378 0.506635
v 0.495611 0.499352 0.507648
v 0.496050 0.499692 0.508954
v 0.487121 0.500958 0.509263
v 0.503574 0.515106 0.516582
v 0.496304 0.499284 0.507841
v 0.505697 0.499567 0.516348
v 0.494863 0.495283 0.508097
v 0.501386 0.505103 0.514518
v 0.496132 0.495136 0.509422
v 0.503650 0.513236 0.513551
v 0.501046 0.496397 0.504325
v 0.501054 0.496632 0.511067
v 0.496998 0.504950 0.508718
v 0.500086 0.504470 0.507765
v 0.501866 0.500633 0.505412
v 0.498900 0.507949 0.513915
v 0.488062 0.497672 0.508771
v 0.507537 0.501644 0.509688
v 0.502587 0.492647 0.507854
v 0.503249 0.499040 0.516206
v 0.498750 0.501539 0.513782
v 0.504782 0.495013 0.511572
v 0.499695 0.496641 0.512937
v 0.501784 0.502641 0.510338
v 0.498753 0.499841 0.506322
v 0.504785 0.503075 0.512828
v 0.495123 0.504460 0.507686
v 0.506366 0.507079 0.512448
v 0.492446 0.499625 0.505834
v 0.503797 0.499955 0.512446
v 0.499102 0.509121 0.508469
v 0.498213 0.500746 0.500693
v 0.498976 0.503429 0.502549
v 0.498530 0.501125 0.503583
v 0.498510 0.502975 0.503752
v 0.500556 0.502157 0.504205
v 0.499397 0.502085 0.503771
v 0.499813 0.502342 0.503005
v 0.498307 0.501818 0.501856
v 0.499360 0.500518 0.504708
v 0.498074 0.502388 0.501449
v 0.498791 0.502476 0.503792
v 0.498477 0.500938 0.502804
v 0.498860 0.502232 0.504197
v 0.498548 0.503907 0.504516
v 0.500653 0.502349 0.504071
v 0.500208 0.499636 0.503987
v 0.500843 0.501184 0.505041
v 0.497776 0.500566 0.503049
v 0.500340 0.504327 0.504290
v 0.498148 0.503241 0.503752
v 0.500018 0.503548 0.504684
v 0.497359 0.499943 0.503637
v 0.501267 0.501468 0.504076
v 0.498123 0.500601 0.503829
v 0.500734 0.500576 0.503961
v 0.499038 0.501194 0.504309
v 0.499784 0.503652 0.503463
v 0.499029 0.502159 0.504145
v 0.500532 0.501075 0.502660
v 0.499991 0.500180 0.502956
v 0.499328 0.501125 0.504370
v 0.497000 0.500782 0.503477
v 0.499346 0.504337 0.505437
v 0.499068 0.499844 0.503239
v 0.500304 0.501406 0.505209
v 0.498235 0.501203 0.504109
v 0.501388 0.501987 0.503969
v 0.497898 0.501201 0.505216
v 0.500859 0.502268 0.504569
v 0.499086 0.502628 0.502045
v 0.501022 0.501484 0.503654
v 0.499050 0.501963 0.503990
v 0.498770 0.503163 0.503608
v 0.499673 0.501607 0.503167
v 0.501306 0.504593 0.504404
v 0.499069 0.499290 0.503823
v 0.502619 0.501547 0.503794
v 0.499123 0.499638 0.503231
v 0.500313 0.499742 0.504707
v 0.499620 0.500185 0.505624
v 0.499820 0.499674 0.503977
v 0.498652 0.499925 0.503539
v 0.500653 0.502515 0.503966
v 0.498019 0.501199 0.502657
v 0.500696 0.501617 0.504789
v 0.498216 0.501093 0.503897
v 0.500899 0.501669 0.504191
v 0.498592 0.500425 0.502456
v 0.500750 0.501128 0.503679
v 0.500469 0.502660 0.502771
v 0.497081 0.500505 0.499807
v 0.498589 0.505196 0.503202
v 0.497924 0.500904 0.506031
v 0.496861 0.505067 0.505264
v 0.501713 0.503640 0.506920
v 0.498947 0.502945 0.505328
v 0.500161 0.503668 0.503954
v 0.496425 0.502666 0.501399
v 0.498886 0.500663 0.506934
v 0.496758 0.503750 0.500333
v 0.497926 0.504602 0.505775
v 0.496926 0.500886 0.503394
v 0.498667 0.503720 0.506233
v 0.497560 0.506515 0.506652
v 0.501804 0.503998 0.506279
v 0.500172 0.498061 0.506141
v 0.502072 0.502005 0.508344
v 0.496022 0.500165 0.504313
v 0.500906 0.508108 0.507183
v 0.496278 0.505192 0.505459
v 0.500053 0.506274 0.507225
v 0.494282 0.498221 0.505144
v 0.503238 0.502561 0.506733
v 0.496126 0.499912 0.505547
v 0.502273 0.500783 0.505512
v 0.498281 0.500936 0.506247
v 0.500087 0.506387 0.504960
v 0.498019 0.503862 0.506115
v 0.501638 0.502051 0.503934
v 0.500144 0.498673 0.503803
v 0.499358 0.500859 0.506880
v 0.494218 0.499989 0.505181
v 0.499728 0.508013 0.508680
v 0.498354 0.498540 0.503811
v 0.501472 0.501727 0.508623
v 0.496626 0.500847 0.506281
v 0.503157 0.503223 0.506390
v 0.495849 0.501419 0.507920
v 0.502420 0.504262 0.507693
v 0.498473 0.504380 0.501997
v 0.502237 0.502429 0.505594
v 0.498771 0.502287 0.506306
v 0.498006 0.504803 0.505094
v 0.499979 0.501283 0.504415
v 0.502667 0.507542 0.507092
v 0.498370 0.497316 0.505366
v 0.505745 0.502340 0.505700
v 0.498935 0.497509 0.504342
v 0.501152 0.499054 0.507514
v 0.499172 0.499374 0.509093
v 0.499796 0.498412 0.506123
v 0.498088 0.499268 0.505170
v 0.501765 0.503854 0.505500
v 0.496938 0.501022 0.503423
v 0.502144 0.502652 0.507278
v 0.496858 0.501098 0.505659
v 0.502352 0.502569 0.507026
v 0.497147 0.500399 0.502466
v 0.502278 0.501530 0.505559
v 0.500817 0.504506 0.504150
v 0.499255 0.499393 0.506582
v 0.495368 0.500722 0.505268
v 0.500319 0.505315 0.504960
v 0.497296 0.500219 0.509308
v 0.502021 0.502594 0.505973
v 0.498903 0.500956 0.501954
v 0.500759 0.501989 0.509795
v 0.495780 0.501203 0.500786
v 0.502714 0.502980 0.508696
v 0.494151 0.503353 0.508910
v 0.503972 0.501846 0.509917
v 0.501573 0.500802 0.507506
v 0.500404 0.499861 0.506155
v 0.493598 0.499227 0.505072
v 0.500651 0.498948 0.506719
v 0.500091 0.503822 0.504034
v 0.499284 0.503659 0.505378
v 0.493972 0.503417 0.501969
v 0.501346 0.504590 0.505786
v 0.494090 0.495861 0.503106
v 0.501040 0.509363 0.509386
v 0.502339 0.502162 0.506699
v 0.502324 0.503709 0.505747
v 0.496599 0.499115 0.504416
v 0.502986 0.502320 0.507945
v 0.499739 0.498919 0.505383
v 0.502759 0.506688 0.507189
v 0.498344 0.497392 0.506866
v 0.498574 0.499313 0.506587
v 0.496492 0.500873 0.508074
v 0.499959 0.507512 0.511148
v 0.496108 0.504321 0.505470
v 0.498051 0.501999 0.510576
v 0.496639 0.501630 0.509332
v 0.500891 0.503613 0.507129
v 0.497130 0.504123 0.505503
v 0.501347 0.502709 0.506150
v 0.496235 0.501477 0.505369
v 0.498022 0.499658 0.506889
v 0.494119 0.505908 0.504243
v 0.504186 0.502413 0.508408
v 0.494778 0.499204 0.509925
v 0.498183 0.506425 0.505952
v 0.496034 0.503907 0.506425
v 0.506217 0.499861 0.506232
v 0.498179 0.495720 0.509508
v 0.501467 0.499781 0.505039
v 0.498035 0.503867 0.505218
v 0.502782 0.504856 0.508187
v 0.496864 0.498714 0.509228
v 0.500380 0.502882 0.507952
v 0.496944 0.496749 0.506554
v 0.499104 0.505535 0.513296
v 0.495825 0.499942 0.507989
v 0.501614 0.507221 0.506950
v 0.498813 0.502553 0.508112
v 0.499046 0.501456 0.506514
v 0.500060 0.498433 0.508321
v 0.501283 0.505813 0.506784
v 0.500471 0.501856 0.504430
v 0.499492 0.499638 0.504688
v 0.496950 0.500743 0.504076
v 0.500258 0.503568 0.503836
v 0.498506 0.499900 0.506504
v 0.500790 0.501655 0.504393
v 0.499389 0.500668 0.502106
v 0.500427 0.501227 0.506843
v 0.497469 0.500590 0.501668
v 0.501484 0.502032 0.505954
v 0.496257 0.502159 0.506469
v 0.502248 0.501192 0.506675
v 0.501094 0.501113 0.505520
v 0.500271 0.499774 0.504618
v 0.496341 0.499391 0.503970
v 0.500049 0.499447 0.504560
v 0.500227 0.502638 0.503257
v 0.499085 0.502327 0.504237
v 0.496242 0.502607 0.502165
v 0.500647 0.502932 0.504202
v 0.496249 0.497440 0.502640
v 0.500540 0.505854 0.506436
v 0.501175 0.501375 0.505047
v 0.501330 0.502500 0.504105
v 0.498073 0.499827 0.503398
v 0.501394 0.501875 0.505490
v 0.499983 0.499631 0.504092
v 0.501448 0.504173 0.505386
v 0.498951 0.498829 0.505199
v 0.499046 0.499849 0.505014
v 0.497580 0.500396 0.505987
v 0.499569 0.504564 0.507697
v 0.497678 0.502960 0.504163
v 0.498702 0.501511 0.507287
v 0.497836 0.501354 0.506774
v 0.500285 0.502614 0.504785
v 0.498160 0.502914 0.504387
v 0.500683 0.502020 0.504633
v 0.497661 0.501363 0.504214
v 0.498708 0.499952 0.505077
v 0.496410 0.503673 0.503694
v 0.502196 0.501779 0.506038
v 0.496981 0.499630 0.506693
v 0.498679 0.503920 0.504256
v 0.497459 0.502578 0.504881
v 0.503474 0.499927 0.504811
v 0.498973 0.497567 0.506685
v 0.500408 0.500222 0.503769
v 0.498688 0.502984 0.504227
v 0.501105 0.502967 0.505624
v 0.497889 0.499728 0.506418
v 0.500128 0.501979 0.505627
v 0.498213 0.498490 0.504709
v 0.499383 0.503649 0.509003
v 0.497638 0.500143 0.505728
v 0.500924 0.504692 0.504866
v 0.498965 0.502021 0.505791
v 0.499073 0.501118 0.505068
v 0.499837 0.499285 0.506207
v 0.500330 0.503815 0.505311
v 0.500016 0.501213 0.503445
v 0.501588 0.495613 0.513314
v 0.490910 0.500522 0.504774
v 0.506824 0.509091 0.511889
v 0.497747 0.495104 0.509951
v 0.501611 0.508261 0.514039
v 0.502809 0.496093 0.506635
v 0.504619 0.496270 0.523607
v 0.495421 0.497645 0.512686
v 0.503747 0.500657 0.508429
v 0.489501 0.499763 0.520159
v 0.505933 0.502926 0.512864
v 0.503849 0.501718 0.512127
v 0.507155 0.493105 0.512965
v 0.492481 0.494516 0.504953
v 0.496057 0.499489 0.512273
v 0.500532 0.503410 0.509622
v 0.497874 0.505196 0.513937
v 0.486865 0.505663 0.510115
v 0.503972 0.506844 0.511070
v 0.491429 0.487261 0.503300
v 0.502779 0.514719 0.517378
v 0.499141 0.496893 0.513824
v 0.506097 0.508046 0.508760
v 0.499823 0.497340 0.505812
v 0.504808 0.510057 0.512929
v 0.501485 0.494843 0.506810
v 0.507630 0.509851 0.517490
v 0.493109 0.500252 0.510496
v 0.502611 0.500168 0.516106
v 0.487123 0.495180 0.515488
v 0.497536 0.513293 0.524193
v 0.496830 0.508686 0.511252
v 0.501797 0.506818 0.521026
v 0.491623 0.500676 0.516068
v 0.503521 0.510595 0.510440
v 0.494976 0.502289 0.513847
v 0.501598 0.509291 0.516160
v 0.491226 0.502931 0.506244
v 0.500661 0.496834 0.512761
v 0.488677 0.507189 0.507924
v 0.506698 0.507172 0.520118
v 0.492012 0.493928 0.515104
v 0.503299 0.505876 0.513471
v 0.494193 0.503406 0.505656
v 0.510320 0.499333 0.515250
v 0.498078 0.494221 0.514701
v 0.499652 0.504654 0.511511
v 0.495001 0.503725 0.514266
v 0.501800 0.506663 0.508883
v 0.489912 0.499326 0.517900
v 0.494879 0.508284 0.513084
v 0.493179 0.497571 0.510504
v 0.500649 0.513672 0.525384
v 0.495549 0.496760 0.515030
v 0.503289 0.510746 0.512663
v 0.498381 0.503177 0.513840
v 0.497930 0.501354 0.515399
v 0.495316 0.505107 0.514651
v 0.497377 0.510098 0.514962
v 0.497148 0.500202 0.507336
v 0.500809 0.497808 0.508359
v 0.494488 0.501006 0.503962
v 0.503658 0.506098 0.507544
v 0.498973 0.498005 0.506033
v 0.500467 0.504882 0.509549
v 0.501409 0.498313 0.505427
v 0.502257 0.498056 0.514369
v 0.497309 0.499345 0.508868
v 0.501966 0.500711 0.505577
v 0.494085 0.500206 0.512959
v 0.502371 0.501962 0.507849
v 0.501527 0.501676 0.507588
v 0.504089 0.496222 0.508722
v 0.495554 0.497305 0.503841
v 0.497195 0.500532 0.507562
v 0.500086 0.502655 0.506988
v 0.498754 0.503254 0.508919
v 0.492088 0.503969 0.507346
v 0.501883 0.503877 0.507761
v 0.494992 0.493298 0.502927
v 0.501401 0.508890 0.510908
v 0.498716 0.498166 0.508996
v 0.503121 0.505300 0.506030
v 0.499932 0.498990 0.505185
v 0.501942 0.506594 0.508474
v 0.500850 0.498161 0.504947
v 0.503995 0.506275 0.511209
v 0.495615 0.501478 0.506824
v 0.501311 0.501220 0.510297
v 0.491957 0.497508 0.509547
v 0.498361 0.507945 0.514945
v 0.498246 0.505574 0.507321
v 0.500959 0.504568 0.513274
v 0.494931 0.500291 0.510418
v 0.501760 0.506622 0.506872
v 0.496664 0.501236 0.509417
v 0.500913 0.505913 0.510788
v 0.494859 0.502367 0.504500
v 0.500639 0.498947 0.508312
v 0.493556 0.504648 0.505579
v 0.503354 0.504830 0.512556
v 0.495266 0.497044 0.509448
v 0.501772 0.503604 0.508747
v 0.496849 0.502613 0.503911
v 0.505175 0.500266 0.510089
v 0.499193 0.496961 0.509460
v 0.499284 0.503464 0.507608
v 0.496901 0.502633 0.509147
v 0.500805 0.504196 0.505753
v 0.493680 0.500196 0.511065
v 0.496363 0.505269 0.508446
v 0.495261 0.499804 0.507215
v 0.500108 0.508689 0.515400
v 0.497080 0.498988 0.509286
v 0.501839 0.506255 0.508199
v 0.499110 0.501954 0.509117
v 0.498474 0.501221 0.509928
v 0.496555 0.503994 0.509594
v 0.497806 0.505945 0.509654
v 0.498387 0.500345 0.504534
v 0.499803 0.500327 0.502853
v 0.498491 0.501908 0.502985
v 0.500331 0.502382 0.502586
v 0.499689 0.501022 0.502118
v 0.498905 0.501519 0.504523
v 0.499517 0.501447 0.503484
v 0.499360 0.500070 0.504001
v 0.499078 0.501049 0.503917
v 0.499577 0.500800 0.502807
v 0.499200 0.501050 0.503941
v 0.499236 0.500955 0.502659
v 0.499561 0.501227 0.503060
v 0.500403 0.499975 0.503579
v 0.498877 0.500762 0.502878
v 0.499228 0.501277 0.503106
v 0.498923 0.501940 0.503652
v 0.499515 0.501861 0.502936
v 0.498067 0.502390 0.503574
v 0.499646 0.500748 0.503426
v 0.498836 0.500120 0.502946
v 0.499493 0.501901 0.503700
v 0.498543 0.501020 0.503294
v 0.499374 0.502360 0.502958
v 0.499204 0.501507 0.503510
v 0.498782 0.502780 0.502998
v 0.499888 0.501461 0.502765
v 0.499778 0.502357 0.503649
v 0.498636 0.502953 0.503384
v 0.499544 0.502539 0.504043
v 0.498484 0.500731 0.503040
v 0.499596 0.502263 0.504013
v 0.499376 0.502299 0.503199
v 0.499930 0.501745 0.504154
v 0.498705 0.500983 0.503730
v 0.499602 0.502336 0.503095
v 0.498822 0.501216 0.504153
v 0.500161 0.502264 0.504066
v 0.499192 0.501547 0.502362
v 0.499806 0.501650 0.502999
v 0.498275 0.502423 0.502660
v 0.499557 0.501945 0.503667
v 0.498769 0.500699 0.503100
v 0.500178 0.501525 0.503366
v 0.499694 0.501504 0.502365
v 0.499592 0.501287 0.504144
v 0.499949 0.500692 0.503286
v 0.499264 0.502364 0.503479
v 0.498712 0.501983 0.503039
v 0.499939 0.502081 0.503029
v 0.498450 0.501166 0.503102
v 0.498488 0.501823 0.503624
v 0.498644 0.502286 0.503195
v 0.499611 0.502462 0.504131
v 0.499156 0.500780 0.503164
v 0.500175 0.501536 0.503002
v 0.499281 0.501549 0.503635
v 0.498660 0.501126 0.503404
v 0.498403 0.503061 0.503058
v 0.498528 0.501902 0.503453
v 0.499692 0.500929 0.501769
v 0.501951 0.494958 0.515055
v 0.489728 0.500548 0.505329
v 0.507981 0.510455 0.513560
v 0.497855 0.494638 0.510412
v 0.501808 0.509494 0.516659
v 0.503423 0.495312 0.508007
v 0.505324 0.495457 0.526963
v 0.494892 0.497574 0.515048
v 0.504081 0.500605 0.509160
v 0.488360 0.499305 0.523217
v 0.506289 0.503443 0.514107
v 0.503956 0.501792 0.513237
v 0.508511 0.492235 0.515057
v 0.491425 0.493584 0.505538
v 0.495251 0.499938 0.513840
v 0.500578 0.503922 0.511389
v 0.497669 0.505958 0.515984
v 0.484661 0.506397 0.512020
v 0.504563 0.507426 0.512874
v 0.490336 0.485395 0.503308
v 0.503351 0.516888 0.519597
v 0.498505 0.496102 0.515740
v 0.507000 0.509211 0.510171
v 0.500158 0.496979 0.507165
v 0.505095 0.512021 0.514430
v 0.501724 0.494507 0.507671
v 0.508777 0.511571 0.519931
v 0.491938 0.500792 0.511519
v 0.503128 0.500452 0.518310
v 0.484834 0.494204 0.517206
v 0.497426 0.515269 0.527880
v 0.496643 0.509865 0.512610
v 0.502338 0.508241 0.524041
v 0.490282 0.500132 0.518143
v 0.504115 0.512322 0.511749
v 0.494154 0.501997 0.515877
v 0.501906 0.511179 0.518790
v 0.489837 0.503456 0.506965
v 0.501153 0.496587 0.514327
v 0.487266 0.508133 0.508905
v 0.507461 0.508628 0.522789
v 0.490801 0.493094 0.516999
v 0.504229 0.506479 0.515448
v 0.493560 0.503848 0.505772
v 0.511352 0.499201 0.517467
v 0.498037 0.493460 0.516582
v 0.499508 0.505876 0.513064
v 0.494164 0.503998 0.516102
v 0.502169 0.507553 0.509606
v 0.488074 0.499172 0.520088
v 0.493797 0.509542 0.514871
v 0.491714 0.497535 0.511853
v 0.500890 0.516056 0.528777
v 0.494720 0.496292 0.516835
v 0.503690 0.512033 0.514281
v 0.498343 0.503273 0.515540
v 0.497908 0.501595 0.517548
v 0.494248 0.506206 0.516434
v 0.496845 0.511529 0.516897
v 0.496842 0.500081 0.507839
v 0.499368 0.500026 0.501625
v 0.499284 0.500818 0.502819
v 0.500167 0.500472 0.503406
v 0.498925 0.502121 0.503564
v 0.500437 0.501173 0.503101
v 0.499035 0.501180 0.503877
v 0.499814 0.501068 0.503278
v 0.498498 0.501810 0.504017
v 0.498792 0.500781 0.503348
v 0.499321 0.502299 0.502484
v 0.499061 0.501881 0.502756
v 0.498725 0.501736 0.503067
v 0.499893 0.501352 0.502989
v 0.499374 0.502597 0.502834
v 0.500532 0.500953 0.503444
v 0.499228 0.499544 0.503183
v 0.500208 0.501118 0.503924
v 0.499227 0.500777 0.503389
v 0.499938 0.502527 0.502771
v 0.498977 0.502538 0.502369
v 0.499484 0.501140 0.502852
v 0.497800 0.500495 0.503708
v 0.500152 0.500748 0.502986
v 0.498966 0.501861 0.502841
v 0.499976 0.500142 0.503791
v 0.499053 0.500802 0.503147
v 0.499453 0.501511 0.503102
v 0.499289 0.501585 0.502970
v 0.500807 0.501052 0.502776
v 0.499137 0.500870 0.502686
v 0.498889 0.500605 0.502786
v 0.497951 0.500819 0.503485
v 0.499769 0.502712 0.503780
v 0.499561 0.500506 0.503267
v 0.500211 0.500357 0.503916
v 0.499083 0.500609 0.503176
v 0.499707 0.501255 0.503645
v 0.499101 0.500466 0.503473
v 0.500147 0.501926 0.503296
v 0.499887 0.500371 0.502363
v 0.499872 0.500334 0.503397
v 0.499430 0.501622 0.502945
v 0.499573 0.501537 0.502883
v 0.499699 0.500792 0.502557
v 0.499789 0.501803 0.503717
v 0.498428 0.500242 0.503482
v 0.500453 0.500454 0.502917
v 0.499603 0.499900 0.502834
v 0.499882 0.500084 0.503881
v 0.499615 0.500768 0.504040
v 0.500096 0.500102 0.503119
v 0.499708 0.500335 0.503699
v 0.499715 0.501236 0.502965
v 0.499571 0.501495 0.502573
v 0.500222 0.500666 0.503269
v 0.499111 0.501128 0.503136
v 0.500417 0.501225 0.503354
v 0.498771 0.500540 0.502505
v 0.499953 0.500585 0.503139
v 0.500191 0.502020 0.502375
v 0.498990 0.500803 0.501577
v 0.498885 0.502250 0.502356
v 0.498785 0.501422 0.502244
v 0.499079 0.501816 0.503119
v 0.499532 0.501091 0.502719
v 0.499274 0.501721 0.502710
v 0.499468 0.501311 0.502760
v 0.499250 0.500971 0.501983
v 0.500127 0.500966 0.503432
v 0.498758 0.501644 0.502483
v 0.499643 0.500813 0.502821
v 0.499526 0.500880 0.502847
v 0.499152 0.501093 0.502964
v 0.498732 0.501918 0.503484
v 0.499736 0.501330 0.502585
v 0.500161 0.501190 0.502655
v 0.499793 0.500989 0.502819
v 0.498609 0.501527 0.502128
v 0.500143 0.501889 0.502793
v 0.498937 0.501812 0.502620
v 0.499886 0.502510 0.503176
v 0.499480 0.501449 0.502551
v 0.500152 0.501253 0.502487
v 0.499429 0.501081 0.502846
v 0.499834 0.500667 0.502693
v 0.499469 0.501651 0.502715
v 0.499708 0.501861 0.502723
v 0.499634 0.500507 0.502942
v 0.499628 0.500721 0.502158
v 0.499265 0.501332 0.502722
v 0.499434 0.501585 0.503149
v 0.498638 0.501737 0.502417
v 0.499045 0.501939 0.503598
v 0.499596 0.500752 0.502988
v 0.499659 0.501154 0.502843
v 0.499428 0.501425 0.502679
v 0.500201 0.501135 0.502691
v 0.499123 0.500962 0.503696
v 0.499694 0.500887 0.502647
v 0.499279 0.501881 0.502388
v 0.500437 0.500833 0.502552
v 0.499001 0.501764 0.503201
v 0.498997 0.502398 0.502679
v 0.499740 0.501988 0.502399
v 0.500436 0.502668 0.502771
v 0.499465 0.500610 0.502821
v 0.500614 0.501096 0.502592
v 0.499384 0.501208 0.502610
v 0.499809 0.500477 0.503093
v 0.499633 0.500795 0.503235
v 0.499915 0.500413 0.503062
v 0.499023 0.500513 0.502581
v 0.499909 0.501391 0.503039
v 0.498617 0.501427 0.502391
v 0.499997 0.501197 0.503144
v 0.499265 0.501309 0.503053
v 0.499855 0.501395 0.502762
v 0.499377 0.500782 0.502534
v 0.500027 0.501069 0.502630
v 0.500262 0.501579 0.501934
v 0.501233 0.495576 0.514984
v 0.490069 0.501529 0.506986
v 0.506976 0.511737 0.512967
v 0.499596 0.496489 0.507193
v 0.501442 0.509965 0.519360
v 0.503016 0.495384 0.511397
v 0.503743 0.495255 0.526155
v 0.495112 0.500082 0.517957
v 0.502406 0.499579 0.508241
v 0.490428 0.499979 0.522887
v 0.501894 0.503777 0.512161
v 0.501191 0.501580 0.511426
v 0.507547 0.493601 0.515960
v 0.491577 0.495513 0.506411
v 0.495330 0.501687 0.513623
v 0.499318 0.505180 0.514595
v 0.498138 0.506425 0.515395
v 0.483666 0.507828 0.514375
v 0.502621 0.505325 0.514515
v 0.491158 0.489172 0.503840
v 0.503921 0.515905 0.518172
v 0.495908 0.495553 0.515994
v 0.504853 0.510963 0.511403
v 0.499425 0.499209 0.510566
v 0.500721 0.515168 0.513040
v 0.502637 0.497815 0.508858
v 0.506750 0.513185 0.519386
v 0.490636 0.505305 0.511217
v 0.502599 0.504269 0.518188
v 0.484347 0.494646 0.515059
v 0.498088 0.515883 0.527294
v 0.497018 0.510303 0.512313
v 0.502715 0.510280 0.523457
v 0.490353 0.498779 0.516250
v 0.504492 0.512671 0.511009
v 0.492696 0.500633 0.516676
v 0.502623 0.513105 0.519399
v 0.489927 0.503930 0.507071
v 0.502459 0.498135 0.513332
v 0.487278 0.509771 0.509151
v 0.505458 0.510757 0.520863
v 0.491352 0.493478 0.515145
v 0.505238 0.504521 0.516177
v 0.495400 0.504891 0.503403
v 0.508094 0.501671 0.518429
v 0.499570 0.495007 0.515240
v 0.498214 0.508395 0.512582
v 0.493246 0.505050 0.513706
v 0.502586 0.508458 0.507941
v 0.488087 0.499412 0.517183
v 0.492620 0.509783 0.515605
v 0.490042 0.502028 0.511692
v 0.502478 0.518217 0.526583
v 0.494136 0.498112 0.514857
v 0.504181 0.510907 0.514202
v 0.498448 0.503800 0.514471
v 0.498027 0.503046 0.517500
v 0.492205 0.509032 0.514591
v 0.496124 0.510947 0.516216
v 0.497220 0.500062 0.505533
v 0.500982 0.496958 0.510169
v 0.493130 0.500685 0.504098
v 0.504717 0.506866 0.508984
v 0.498168 0.496574 0.508082
v 0.501009 0.506019 0.510368
v 0.501882 0.497526 0.505189
v 0.503200 0.497559 0.517491
v 0.496553 0.498388 0.509458
v 0.502759 0.500779 0.506806
v 0.492125 0.500154 0.515140
v 0.504258 0.502115 0.509970
v 0.502843 0.501619 0.509491
v 0.504975 0.494955 0.509791
v 0.494440 0.496254 0.504121
v 0.497118 0.499588 0.509276
v 0.500339 0.502777 0.507339
v 0.498331 0.503909 0.510517
v 0.490521 0.504434 0.507675
v 0.502794 0.505285 0.508521
v 0.493591 0.490970 0.503100
v 0.501822 0.510855 0.513185
v 0.499372 0.497984 0.510553
v 0.504334 0.506071 0.506689
v 0.499737 0.498283 0.504637
v 0.503428 0.507310 0.510052
v 0.501112 0.496456 0.505518
v 0.505366 0.507229 0.513256
v 0.494927 0.500368 0.508339
v 0.501737 0.500331 0.512206
v 0.490676 0.496776 0.511926
v 0.497954 0.509724 0.517876
v 0.497513 0.506556 0.508718
v 0.501086 0.504873 0.515835
v 0.493877 0.500848 0.512391
v 0.502375 0.507809 0.508042
v 0.496294 0.502065 0.510624
v 0.501161 0.506698 0.512202
v 0.493679 0.502337 0.505083
v 0.500253 0.497841 0.509917
v 0.491682 0.505461 0.506328
v 0.504739 0.505292 0.515143
v 0.494136 0.495818 0.511519
v 0.502024 0.504569 0.510189
v 0.495711 0.502785 0.504855
v 0.507491 0.499690 0.511641
v 0.498561 0.495803 0.511253
v 0.499578 0.503340 0.508860
v 0.496326 0.503095 0.510916
v 0.501152 0.505041 0.507153
v 0.492696 0.499709 0.513613
v 0.496254 0.506173 0.510000
v 0.494999 0.498438 0.508244
v 0.500266 0.510049 0.519031
v 0.496734 0.498001 0.511439
v 0.502389 0.508039 0.509771
v 0.498712 0.502589 0.510690
v 0.498166 0.501110 0.511685
v 0.496596 0.503787 0.511376
v 0.497968 0.507414 0.511497
v 0.497896 0.500329 0.505872
v 0.500018 0.498553 0.506806
v 0.495315 0.500460 0.504190
v 0.502119 0.504631 0.505693
v 0.498242 0.497643 0.507640
v 0.500869 0.502679 0.506129
v 0.500435 0.499474 0.502363
v 0.501619 0.499746 0.510668
v 0.497526 0.498916 0.503975
v 0.502019 0.501159 0.506272
v 0.494611 0.501445 0.509361
v 0.503414 0.501299 0.507933
v 0.502102 0.501761 0.507467
v 0.502159 0.497733 0.506087
v 0.496058 0.498114 0.503860
v 0.499547 0.499217 0.506154
v 0.500594 0.502140 0.504486
v 0.498416 0.502687 0.506137
v 0.494262 0.503359 0.503678
v 0.501556 0.504408 0.505206
v 0.494953 0.494875 0.503021
v 0.501359 0.507205 0.508891
v 0.500640 0.499864 0.506994
v 0.502418 0.503010 0.504694
v 0.498743 0.498929 0.503251
v 0.502174 0.503765 0.506949
v 0.500635 0.498048 0.504397
v 0.503202 0.504828 0.508008
v 0.497759 0.499077 0.506643
v 0.499997 0.499518 0.507724
v 0.495777 0.498604 0.508458
v 0.498674 0.506169 0.510959
v 0.497706 0.504104 0.505793
v 0.499521 0.501980 0.510312
v 0.496741 0.501716 0.508822
v 0.500952 0.504676 0.505956
v 0.497533 0.503084 0.506515
v 0.500930 0.503306 0.507109
v 0.496653 0.501409 0.504416
v 0.499114 0.498980 0.507083
v 0.494463 0.503846 0.504828
v 0.503143 0.502729 0.509112
v 0.496074 0.497543 0.508377
v 0.499784 0.503891 0.506122
v 0.496787 0.502388 0.505324
v 0.505261 0.499237 0.507240
v 0.498787 0.496180 0.508317
v 0.500148 0.500827 0.505319
v 0.497788 0.503452 0.506700
v 0.501168 0.503667 0.506154
v 0.496434 0.499387 0.508926
v 0.499198 0.503388 0.506840
v 0.497233 0.498608 0.505614
v 0.499651 0.505624 0.512291
v 0.497543 0.498939 0.508042
v 0.501587 0.505928 0.506303
v 0.498678 0.502542 0.507412
v 0.498463 0.500790 0.507502
v 0.499110 0.500351 0.508286
v 0.499670 0.504872 0.508000
v 0.498889 0.500685 0.504991
v 0.499265 0.499364 0.506609
v 0.495361 0.500697 0.505280
v 0.500356 0.505322 0.504998
v 0.497304 0.500174 0.509328
v 0.502027 0.502605 0.506001
v 0.498931 0.500923 0.501959
v 0.500781 0.501973 0.509854
v 0.495779 0.501172 0.500806
v 0.502710 0.502983 0.508706
v 0.494121 0.503344 0.508940
v 0.503999 0.501846 0.509947
v 0.501603 0.500815 0.507545
v 0.500433 0.499828 0.506165
v 0.493606 0.499183 0.505070
v 0.500639 0.498917 0.506732
v 0.500110 0.503829 0.504044
v 0.499260 0.503656 0.505398
v 0.493952 0.503425 0.501988
v 0.501346 0.504596 0.505791
v 0.494069 0.495796 0.503109
v 0.501057 0.509381 0.509407
v 0.502341 0.502131 0.506723
v 0.502335 0.503708 0.505752
v 0.496614 0.499108 0.504419
v 0.502987 0.502351 0.507965
v 0.499753 0.498873 0.505392
v 0.502783 0.506701 0.507223
v 0.498329 0.497384 0.506897
v 0.498566 0.499311 0.506619
v 0.496474 0.500831 0.508106
v 0.499952 0.507538 0.511197
v 0.496113 0.504307 0.505506
v 0.498056 0.502001 0.510605
v 0.496615 0.501647 0.509370
v 0.500897 0.503649 0.507143
v 0.497126 0.504126 0.505528
v 0.501357 0.502731 0.506183
v 0.496228 0.501482 0.505376
v 0.498019 0.499651 0.506919
v 0.494107 0.505891 0.504272
v 0.504182 0.502426 0.508461
v 0.494784 0.499179 0.509946
v 0.498182 0.506417 0.505961
v 0.496019 0.503891 0.506440
v 0.506244 0.499816 0.506270
v 0.498192 0.495694 0.509543
v 0.501452 0.499771 0.505048
v 0.498037 0.503884 0.505243
v 0.502773 0.504867 0.508199
v 0.496842 0.498713 0.509249
v 0.500375 0.502882 0.507976
v 0.496948 0.496730 0.506569
v 0.499103 0.505563 0.513351
v 0.495832 0.499924 0.508039
v 0.501619 0.507258 0.506967
v 0.498791 0.502565 0.508138
v 0.499033 0.501449 0.506550
v 0.500047 0.498429 0.508371
v 0.501283 0.505843 0.506827
v 0.500457 0.501849 0.504448
v 0.499801 0.498563 0.507239
v 0.495150 0.500145 0.505192
v 0.501531 0.505172 0.505617
v 0.497750 0.498374 0.509260
v 0.501546 0.502602 0.506589
v 0.499762 0.499850 0.502296
v 0.501549 0.501037 0.511047
v 0.496524 0.499818 0.502251
v 0.502463 0.502149 0.507948
v 0.493988 0.502662 0.509697
v 0.504367 0.501587 0.509626
v 0.502232 0.501494 0.508009
v 0.501809 0.498451 0.506442
v 0.494492 0.497914 0.504772
v 0.500021 0.498590 0.506768
v 0.500731 0.503015 0.504530
v 0.498477 0.503369 0.505927
v 0.493648 0.503606 0.503005
v 0.501464 0.504615 0.505531
v 0.493855 0.494277 0.503173
v 0.501563 0.508936 0.509658
v 0.501655 0.500819 0.506863
v 0.502466 0.503405 0.505575
v 0.497515 0.498579 0.503888
v 0.502948 0.503253 0.507857
v 0.500295 0.498128 0.505209
v 0.503451 0.506139 0.508115
v 0.498059 0.497768 0.507238
v 0.499150 0.499049 0.507571
v 0.496058 0.499540 0.508738
v 0.499256 0.507551 0.511829
v 0.496874 0.504199 0.506168
v 0.498692 0.502021 0.511042
v 0.496252 0.501861 0.509888
v 0.500925 0.504624 0.506985
v 0.497090 0.503941 0.506459
v 0.501247 0.503243 0.506817
v 0.496234 0.501426 0.505111
v 0.498455 0.499121 0.507539
v 0.493942 0.504957 0.504984
v 0.503634 0.502829 0.509433
v 0.495519 0.497962 0.509849
v 0.498726 0.505612 0.506202
v 0.495900 0.503044 0.506559
v 0.506147 0.498715 0.507051
v 0.498617 0.495124 0.509904
v 0.500770 0.500072 0.505432
v 0.498004 0.504243 0.506296
v 0.502028 0.504648 0.507542
v 0.496451 0.499147 0.509634
v 0.500009 0.503038 0.507864
v 0.497147 0.497060 0.506213
v 0.499369 0.506044 0.513802
v 0.496643 0.499159 0.508777
v 0.501733 0.507460 0.506901
v 0.498292 0.502866 0.508196
v 0.498649 0.501062 0.507605
v 0.499474 0.498907 0.509003
v 0.500737 0.505867 0.508153
v 0.499508 0.501286 0.505049
v 0.500156 0.499277 0.505523
v 0.496728 0.501586 0.503874
v 0.501737 0.504386 0.504875
v 0.499777 0.499805 0.503421
v 0.499525 0.503405 0.507475
v 0.500340 0.499727 0.505228
v 0.500427 0.498974 0.508808
v 0.498286 0.500669 0.506970
v 0.500390 0.500560 0.503839
v 0.497050 0.500919 0.508186
v 0.499638 0.501441 0.504669
v 0.499961 0.501374 0.504855
v 0.501911 0.498220 0.506146
v 0.497318 0.499704 0.503392
v 0.498146 0.501033 0.505174
v 0.499178 0.502484 0.506072
v 0.499307 0.502447 0.505734
v 0.494859 0.503526 0.505732
v 0.500353 0.501906 0.505886
v 0.497136 0.497757 0.502974
v 0.500626 0.505088 0.506786
v 0.498058 0.499518 0.506193
v 0.500831 0.504151 0.504669
v 0.499399 0.500641 0.504985
v 0.499390 0.505374 0.505376
v 0.500625 0.500493 0.504026
v 0.501552 0.504524 0.507258
v 0.496881 0.503197 0.504990
v 0.500430 0.502622 0.506991
v 0.495222 0.499264 0.505828
v 0.499022 0.505117 0.509095
v 0.498857 0.503985 0.505169
v 0.500384 0.503609 0.508562
v 0.496645 0.500347 0.506518
v 0.500624 0.504336 0.504618
v 0.497423 0.501062 0.506795
v 0.500615 0.504240 0.507428
v 0.497132 0.501863 0.503519
v 0.500552 0.500543 0.505339
v 0.496104 0.503867 0.504054
v 0.501175 0.503594 0.507500
v 0.497168 0.498911 0.505883
v 0.500997 0.501931 0.506088
v 0.498828 0.502190 0.502636
v 0.501548 0.501460 0.507102
v 0.500025 0.499148 0.505995
v 0.499030 0.503344 0.505241
v 0.497716 0.502598 0.505473
v 0.500306 0.503391 0.503947
v 0.496199 0.500700 0.506314
v 0.497264 0.503591 0.506259
v 0.496527 0.502165 0.505009
v 0.500308 0.506016 0.509293
v 0.497977 0.500193 0.505646
v 0.501111 0.503602 0.505635
v 0.499162 0.501764 0.505958
v 0.498838 0.501403 0.506498
v 0.497033 0.503801 0.505830
v 0.498055 0.503626 0.506326
v 0.499060 0.500617 0.502572
v 0.499424 0.500196 0.503042
v 0.498150 0.501056 0.503137
v 0.499693 0.502478 0.502729
v 0.499151 0.500551 0.504410
v 0.500008 0.501066 0.503151
v 0.499356 0.500971 0.502134
v 0.499854 0.500964 0.504303
v 0.498536 0.500637 0.501905
v 0.500764 0.501441 0.504091
v 0.497952 0.501621 0.504389
v 0.500823 0.500876 0.504360
v 0.500235 0.501149 0.503893
v 0.499615 0.500317 0.503513
v 0.497856 0.500205 0.503372
v 0.499895 0.500214 0.503161
v 0.499970 0.502076 0.502618
v 0.499307 0.501636 0.503224
v 0.498003 0.502059 0.501932
v 0.500208 0.501728 0.503216
v 0.497935 0.499497 0.502291
v 0.500038 0.503561 0.504335
v 0.500649 0.501363 0.503786
v 0.500517 0.501826 0.503020
v 0.498794 0.500483 0.502921
v 0.500366 0.501274 0.503750
v 0.499830 0.500731 0.503199
v 0.500323 0.502394 0.503757
v 0.499516 0.499851 0.503793
v 0.499293 0.500316 0.503493
v 0.498511 0.500807 0.504143
v 0.499488 0.502466 0.504773
v 0.498488 0.502216 0.502941
v 0.498940 0.501129 0.504874
v 0.498867 0.501075 0.504727
v 0.499820 0.501539 0.503298
v 0.499021 0.502010 0.503391
v 0.500246 0.501310 0.503229
v 0.498620 0.501191 0.503470
v 0.499104 0.500317 0.503493
v 0.498110 0.502631 0.502950
v 0.501061 0.501178 0.503895
v 0.498173 0.500475 0.504403
v 0.498991 0.502424 0.502998
v 0.498723 0.502121 0.503599
v 0.501403 0.500715 0.503365
v 0.499396 0.499254 0.504392
v 0.499992 0.500534 0.502712
v 0.499059 0.502296 0.503221
v 0.500242 0.501752 0.503928
v 0.498817 0.500434 0.504326
v 0.499942 0.501328 0.503849
v 0.498973 0.499845 0.503401
v 0.499493 0.502004 0.505605
v 0.498554 0.500650 0.503782
v 0.500239 0.502579 0.503580
v 0.499348 0.501617 0.504227
v 0.499375 0.500861 0.503579
v 0.499902 0.499968 0.504217
v 0.499826 0.502162 0.503621
v 0.500106 0.501024 0.502522
v 0.502071 0.494556 0.516297
v 0.488879 0.500788 0.506130
v 0.508621 0.511790 0.514870
v 0.498281 0.494827 0.509852
v 0.501831 0.510481 0.519130
v 0.503724 0.494518 0.509810
v 0.505561 0.494894 0.529141
v 0.494586 0.498167 0.517464
v 0.504027 0.500331 0.509494
v 0.488187 0.499178 0.525598
v 0.505623 0.503883 0.514607
v 0.503309 0.501876 0.513734
v 0.509342 0.491798 0.516889
v 0.490706 0.493077 0.506133
v 0.494636 0.500780 0.514735
v 0.500378 0.504533 0.513371
v 0.497661 0.506366 0.517446
v 0.482801 0.507156 0.514070
v 0.504335 0.507381 0.514464
v 0.489817 0.484925 0.503267
v 0.504018 0.518244 0.520971
v 0.497509 0.495085 0.517091
v 0.507089 0.510341 0.511500
v 0.500238 0.497022 0.509119
v 0.504452 0.513976 0.515407
v 0.502082 0.494939 0.508348
v 0.509212 0.513186 0.521493
v 0.490858 0.502176 0.512032
v 0.503442 0.501444 0.519917
v 0.482819 0.493546 0.517846
v 0.497513 0.516802 0.530622
v 0.496621 0.510880 0.513475
v 0.502808 0.509802 0.526134
v 0.489462 0.499290 0.519429
v 0.504731 0.513762 0.512606
v 0.493174 0.501249 0.517700
v 0.502256 0.512873 0.520929
v 0.488795 0.504068 0.507494
v 0.501932 0.496896 0.515367
v 0.486359 0.509056 0.509670
v 0.507551 0.510161 0.524353
v 0.490015 0.492618 0.517859
v 0.505082 0.506509 0.517077
v 0.493390 0.504299 0.505412
v 0.511376 0.499710 0.519300
v 0.498493 0.493176 0.517678
v 0.499055 0.507370 0.514058
v 0.493364 0.504526 0.516811
v 0.502529 0.508389 0.509755
v 0.486644 0.499078 0.521172
v 0.492763 0.510308 0.516391
v 0.490312 0.498397 0.512930
v 0.501380 0.518354 0.530792
v 0.493889 0.496640 0.517728
v 0.504023 0.512720 0.515357
v 0.498429 0.503386 0.516762
v 0.497813 0.502175 0.519095
v 0.492992 0.507703 0.517584
v 0.496287 0.512567 0.518252
v 0.496859 0.499859 0.507651
v 0.503023 0.492002 0.521849
v 0.484790 0.500028 0.506618
v 0.512337 0.514683 0.519563
v 0.496273 0.490801 0.515549
v 0.503340 0.514183 0.523149
v 0.505211 0.492316 0.509972
v 0.508433 0.493106 0.539684
v 0.492374 0.495358 0.520501
v 0.506497 0.500382 0.513053
v 0.482316 0.498849 0.533137
v 0.510916 0.504978 0.520773
v 0.506813 0.502081 0.519345
v 0.512671 0.487965 0.520944
v 0.487211 0.489908 0.507053
v 0.493568 0.498732 0.520208
v 0.501075 0.505031 0.515220
v 0.496541 0.508578 0.522789
v 0.477394 0.508859 0.516092
v 0.507136 0.511383 0.517529
v 0.485465 0.477367 0.503934
v 0.505246 0.524864 0.528494
v 0.498869 0.494324 0.522397
v 0.510824 0.513117 0.513990
v 0.499813 0.494845 0.508398
v 0.508705 0.516885 0.520624
v 0.502680 0.490197 0.510221
v 0.513658 0.516668 0.528308
v 0.488492 0.499438 0.516406
v 0.504902 0.499349 0.526401
v 0.478060 0.491085 0.525116
v 0.496192 0.522760 0.540535
v 0.494793 0.514279 0.517922
v 0.503511 0.511536 0.534698
v 0.485663 0.500585 0.525931
v 0.506564 0.517893 0.516728
v 0.491540 0.503149 0.522240
v 0.502882 0.515924 0.526317
v 0.484840 0.504450 0.509329
v 0.501215 0.493986 0.520517
v 0.480711 0.511712 0.512159
v 0.512013 0.512042 0.533055
v 0.486452 0.488847 0.524605
v 0.506397 0.509475 0.521941
v 0.490100 0.505038 0.508042
v 0.518205 0.498193 0.524605
v 0.496733 0.489702 0.523736
v 0.499989 0.507756 0.518354
v 0.491572 0.505509 0.522962
v 0.503597 0.511141 0.513814
v 0.482906 0.498171 0.529304
v 0.491747 0.513655 0.521312
v 0.488743 0.494726 0.516412
v 0.501683 0.522981 0.542271
v 0.492532 0.493467 0.524610
v 0.505712 0.518069 0.520445
v 0.497362 0.504968 0.522126
v 0.497166 0.502030 0.524935
v 0.492377 0.508003 0.523368
v 0.496154 0.517225 0.524235
v 0.495158 0.499822 0.511493
v 0.497340 0.501358 0.502521
v 0.496036 0.505213 0.502646
v 0.497142 0.504715 0.503670
v 0.496166 0.504046 0.505489
v 0.500915 0.503490 0.505329
v 0.498113 0.503750 0.502797
v 0.499755 0.503659 0.505534
v 0.495967 0.502265 0.500781
v 0.502662 0.503454 0.508453
v 0.495708 0.503717 0.504185
v 0.500867 0.501196 0.506826
v 0.498008 0.500541 0.505080
v 0.499230 0.502581 0.506018
v 0.494383 0.504272 0.506945
v 0.501956 0.502904 0.505795
v 0.500330 0.502230 0.504149
v 0.502301 0.503780 0.505819
v 0.493590 0.501113 0.502121
v 0.501409 0.507488 0.506614
v 0.494696 0.502232 0.503403
v 0.501506 0.509764 0.508155
v 0.498071 0.503086 0.503639
v 0.502680 0.503251 0.506766
v 0.496386 0.499514 0.505731
v 0.502586 0.501825 0.505227
v 0.498831 0.503471 0.503894
v 0.501064 0.505499 0.505276
v 0.499062 0.498147 0.504722
v 0.500398 0.500713 0.504441
v 0.499096 0.504245 0.504517
v 0.499834 0.505909 0.508205
v 0.494551 0.505238 0.503271
v 0.498221 0.505212 0.510324
v 0.497908 0.500818 0.505295
v 0.499463 0.503389 0.507020
v 0.497875 0.502135 0.503811
v 0.502695 0.502268 0.504709
v 0.495512 0.501144 0.508259
v 0.500495 0.502199 0.505498
v 0.496404 0.505570 0.501786
v 0.504090 0.501521 0.505708
v 0.495939 0.502172 0.507947
v 0.497305 0.508529 0.506285
v 0.498970 0.503812 0.503880
v 0.505244 0.507386 0.504454
v 0.498213 0.498423 0.506134
v 0.505333 0.502391 0.505129
v 0.498431 0.501660 0.503250
v 0.502122 0.502751 0.507618
v 0.498872 0.501403 0.506626
v 0.501584 0.501775 0.508375
v 0.496255 0.496857 0.504847
v 0.500844 0.503122 0.508648
v 0.494247 0.500699 0.503830
v 0.502700 0.504387 0.507657
v 0.497160 0.501967 0.505991
v 0.500593 0.503473 0.504997
v 0.498649 0.500996 0.503619
v 0.502842 0.503331 0.504710
v 0.501590 0.504063 0.503170
v 0.501438 0.494915 0.516689
v 0.488873 0.501504 0.507547
v 0.507962 0.513027 0.514462
v 0.499526 0.495870 0.507890
v 0.501766 0.511154 0.521454
v 0.503528 0.494587 0.512455
v 0.504387 0.494585 0.529235
v 0.494552 0.499929 0.519879
v 0.502792 0.499431 0.509045
v 0.489256 0.499796 0.525529
v 0.502375 0.504200 0.513547
v 0.501463 0.501619 0.512631
v 0.508573 0.492780 0.517742
v 0.490564 0.494704 0.506966
v 0.494819 0.501788 0.515138
v 0.499358 0.505601 0.516057
v 0.497936 0.507134 0.517160
v 0.481704 0.508558 0.515921
v 0.503061 0.505941 0.516031
v 0.490074 0.487586 0.503985
v 0.504495 0.517822 0.520268
v 0.495529 0.494878 0.517736
v 0.505612 0.512175 0.512616
v 0.499454 0.498906 0.511521
v 0.501040 0.516830 0.514449
v 0.502952 0.497290 0.509670
v 0.507744 0.514720 0.521540
v 0.489554 0.505593 0.512319
v 0.502993 0.504505 0.520207
v 0.482400 0.493817 0.516757
v 0.497929 0.517812 0.530578
v 0.496702 0.511431 0.513627
v 0.503131 0.511490 0.526133
v 0.489206 0.498536 0.518071
v 0.505160 0.514190 0.512177
v 0.491902 0.500538 0.518461
v 0.502973 0.514690 0.521561
v 0.488623 0.504305 0.507718
v 0.502813 0.497669 0.514799
v 0.485705 0.510771 0.510032
v 0.506280 0.511983 0.523299
v 0.490297 0.492535 0.516825
v 0.505984 0.505049 0.517964
v 0.494763 0.505355 0.503615
v 0.509305 0.501664 0.520434
v 0.499487 0.494268 0.516932
v 0.498108 0.509316 0.513937
v 0.492471 0.505490 0.515230
v 0.502942 0.509356 0.508683
v 0.486628 0.499210 0.519152
v 0.491827 0.510849 0.517286
v 0.488925 0.501929 0.512904
v 0.502847 0.520339 0.529708
v 0.493479 0.497746 0.516543
v 0.504698 0.512281 0.515711
v 0.498323 0.504165 0.516013
v 0.497869 0.503288 0.519490
v 0.491368 0.509929 0.516183
v 0.495790 0.512283 0.517996
v 0.496875 0.499979 0.506093
v 0.499063 0.499346 0.502270
v 0.498443 0.499326 0.504774
v 0.500884 0.502782 0.505611
v 0.497754 0.503668 0.503166
v 0.499933 0.500651 0.503542
v 0.497563 0.502306 0.504248
v 0.499945 0.502035 0.505394
v 0.495866 0.502731 0.508174
v 0.497008 0.502364 0.504676
v 0.498583 0.503134 0.504748
v 0.500252 0.503559 0.502835
v 0.496289 0.503155 0.505179
v 0.500604 0.500986 0.503807
v 0.499884 0.504138 0.503059
v 0.503023 0.500697 0.504254
v 0.498544 0.498283 0.504459
v 0.501822 0.503095 0.506169
v 0.498326 0.500690 0.504418
v 0.499552 0.505368 0.502092
v 0.498901 0.504293 0.502983
v 0.499890 0.501147 0.502989
v 0.496031 0.501873 0.504434
v 0.500753 0.501548 0.504078
v 0.497837 0.503719 0.503132
v 0.500338 0.501231 0.506774
v 0.497615 0.501603 0.503205
v 0.498281 0.501615 0.504801
v 0.498840 0.501903 0.505094
v 0.502227 0.502945 0.502904
v 0.498525 0.502144 0.503385
v 0.497986 0.500727 0.503821
v 0.495506 0.501554 0.504290
v 0.501126 0.504211 0.506627
v 0.498571 0.501982 0.503625
v 0.501389 0.500308 0.505967
v 0.497667 0.500921 0.503188
v 0.499714 0.502629 0.505702
v 0.499137 0.499236 0.503801
v 0.500591 0.505297 0.504614
v 0.499725 0.500302 0.503266
v 0.499245 0.499319 0.504824
v 0.498300 0.502600 0.503927
v 0.499270 0.501849 0.503812
v 0.500264 0.501038 0.503347
v 0.498886 0.502864 0.504858
v 0.495484 0.501804 0.503970
v 0.500996 0.502471 0.504351
v 0.500408 0.498586 0.503711
v 0.500007 0.502190 0.505543
v 0.499244 0.502011 0.505158
v 0.500911 0.499444 0.504432
v 0.499671 0.500355 0.504960
v 0.499471 0.500804 0.504462
v 0.499892 0.500819 0.503897
v 0.500591 0.501669 0.505619
v 0.497291 0.502080 0.503878
v 0.501001 0.502528 0.505136
v 0.498126 0.501194 0.503887
v 0.500626 0.500036 0.505506
v 0.499610 0.503370 0.503333
v 0.499901 0.497479 0.510193
v 0.492955 0.499655 0.506738
v 0.502524 0.507481 0.507622
v 0.496539 0.497357 0.512876
v 0.502904 0.503900 0.509089
v 0.499782 0.499316 0.502279
v 0.502644 0.501299 0.515973
v 0.494786 0.499534 0.502228
v 0.503838 0.502865 0.511126
v 0.491032 0.503790 0.513523
v 0.507024 0.502335 0.513858
v 0.503378 0.501670 0.511094
v 0.503000 0.497610 0.508717
v 0.491587 0.496546 0.506114
v 0.500316 0.497404 0.509676
v 0.501113 0.504012 0.506026
v 0.498020 0.504895 0.507920
v 0.490447 0.504874 0.503452
v 0.502348 0.506701 0.507488
v 0.490802 0.490958 0.503772
v 0.502705 0.513242 0.513708
v 0.502818 0.500852 0.509346
v 0.503946 0.504853 0.507585
v 0.496287 0.497331 0.504869
v 0.504938 0.504527 0.511111
v 0.500385 0.496473 0.506882
v 0.505696 0.508989 0.511194
v 0.497094 0.496021 0.509731
v 0.498738 0.498026 0.510280
v 0.494217 0.499184 0.511876
v 0.499355 0.511595 0.517048
v 0.495400 0.505911 0.508541
v 0.498272 0.502815 0.515644
v 0.494280 0.502505 0.513752
v 0.501794 0.506711 0.509884
v 0.495642 0.505359 0.508624
v 0.502012 0.504724 0.509138
v 0.494301 0.501663 0.506557
v 0.497871 0.498387 0.510437
v 0.490875 0.507153 0.506323
v 0.505916 0.504045 0.513393
v 0.493224 0.496517 0.514018
v 0.498367 0.508415 0.508494
v 0.493840 0.504187 0.508735
v 0.509776 0.497604 0.509580
v 0.497959 0.492229 0.514017
v 0.501646 0.499648 0.507366
v 0.497204 0.505622 0.508377
v 0.503657 0.507004 0.510588
v 0.494848 0.498187 0.513628
v 0.500246 0.504322 0.511068
v 0.495827 0.494664 0.508414
v 0.499182 0.508933 0.520015
v 0.494811 0.498341 0.512367
v 0.502701 0.511199 0.509577
v 0.497559 0.503822 0.511410
v 0.498439 0.501256 0.510270
v 0.499349 0.497781 0.512434
v 0.501666 0.508699 0.511070
v 0.499464 0.501698 0.506723
v 0.498681 0.497426 0.500850
v 0.498457 0.498531 0.505559
v 0.503330 0.503564 0.511930
v 0.493928 0.507677 0.507550
v 0.504056 0.504075 0.508293
v 0.496447 0.501539 0.510285
v 0.501134 0.502599 0.509343
v 0.491662 0.504132 0.512117
v 0.494969 0.504706 0.511625
v 0.496577 0.506614 0.504456
v 0.496671 0.509581 0.506579
v 0.491159 0.505289 0.508657
v 0.502095 0.502810 0.508107
v 0.499532 0.509709 0.507724
v 0.508062 0.501279 0.510466
v 0.496666 0.491034 0.507580
v 0.504100 0.505026 0.514977
v 0.497622 0.496482 0.509597
v 0.500457 0.511532 0.507272
v 0.494728 0.508153 0.503277
v 0.498199 0.503127 0.505570
v 0.486314 0.498565 0.509519
v 0.504547 0.502115 0.511258
v 0.493769 0.506959 0.505808
v 0.500876 0.499888 0.512963
v 0.495623 0.500993 0.504738
v 0.499168 0.504266 0.509712
v 0.497398 0.503286 0.506653
v 0.506863 0.504651 0.506432
v 0.496141 0.498368 0.506437
v 0.496710 0.499482 0.507793
v 0.489427 0.500434 0.508293
v 0.502628 0.512864 0.514005
v 0.497418 0.499158 0.506859
v 0.504280 0.499786 0.513987
v 0.495624 0.496289 0.507621
v 0.501243 0.504204 0.512560
v 0.496425 0.496872 0.508574
v 0.503247 0.510531 0.511825
v 0.500888 0.497408 0.503498
v 0.501227 0.497789 0.509291
v 0.497536 0.504089 0.507556
v 0.499889 0.504260 0.506728
v 0.501064 0.500335 0.504832
v 0.499452 0.506662 0.512575
v 0.490874 0.496999 0.508186
v 0.506467 0.500481 0.507937
v 0.501630 0.494029 0.507077
v 0.502461 0.498446 0.514226
v 0.499167 0.500312 0.512210
v 0.503864 0.496411 0.509856
v 0.499588 0.497052 0.511164
v 0.501532 0.502894 0.508644
v 0.499079 0.500391 0.505176
v 0.504107 0.502495 0.510240
v 0.496711 0.503564 0.506538
v 0.505247 0.506214 0.510636
v 0.493434 0.499261 0.504555
v 0.503169 0.499854 0.510682
v 0.499512 0.507624 0.507321
v 0.499831 0.499318 0.506474
v 0.495633 0.502618 0.505015
v 0.502178 0.505745 0.504984
v 0.500205 0.500532 0.502240
v 0.499394 0.504026 0.510429
v 0.500285 0.500487 0.507141
v 0.499859 0.498295 0.510210
v 0.497662 0.501404 0.508874
v 0.499777 0.500520 0.504448
v 0.497356 0.500781 0.509474
v 0.499378 0.502020 0.504717
v 0.499205 0.500938 0.505049
v 0.502650 0.498425 0.507697
v 0.496191 0.499993 0.504292
v 0.498414 0.501986 0.506749
v 0.498376 0.503376 0.507909
v 0.499560 0.504094 0.506290
v 0.493217 0.504800 0.507398
v 0.499878 0.501492 0.507433
v 0.496482 0.497846 0.503802
v 0.500547 0.505638 0.507363
v 0.497101 0.499781 0.506938
v 0.499733 0.506015 0.505833
v 0.498358 0.502268 0.506458
v 0.497478 0.507973 0.505479
v 0.500572 0.501251 0.505122
v 0.501416 0.506153 0.508485
v 0.495571 0.505772 0.506555
v 0.500264 0.505037 0.508969
v 0.494278 0.499565 0.506181
v 0.499356 0.506378 0.510777
v 0.498309 0.504817 0.505948
v 0.500936 0.504664 0.510286
v 0.495929 0.500773 0.506753
v 0.501460 0.505999 0.505283
v 0.496567 0.500910 0.508614
v 0.501473 0.506688 0.509097
v 0.496661 0.502289 0.503663
v 0.500975 0.501491 0.505642
v 0.494132 0.505467 0.504128
v 0.500799 0.505141 0.507870
v 0.496038 0.499018 0.505778
v 0.502135 0.501697 0.507538
v 0.498955 0.502048 0.501959
v 0.500878 0.502512 0.509524
v 0.500223 0.500146 0.505955
v 0.498937 0.505287 0.506742
v 0.496395 0.503622 0.505396
v 0.501278 0.505016 0.504743
v 0.495589 0.500895 0.506021
v 0.496444 0.504409 0.507964
v 0.495853 0.503410 0.506071
v 0.500817 0.507570 0.510434
v 0.497342 0.499872 0.506321
v 0.501748 0.503344 0.506278
v 0.498919 0.501927 0.506764
v 0.498524 0.502198 0.507480
v 0.495706 0.506393 0.505148
v 0.497102 0.504320 0.507296
v 0.498773 0.500636 0.502295
v 0.498989 0.498819 0.501921
v 0.498601 0.498979 0.504752
v 0.501489 0.502855 0.506756
v 0.496956 0.504449 0.504372
v 0.501279 0.501603 0.504612
v 0.497394 0.502012 0.505967
v 0.500451 0.501712 0.506084
v 0.494960 0.503023 0.508762
v 0.496750 0.503027 0.506382
v 0.498135 0.503908 0.504317
v 0.499088 0.504860 0.503793
v 0.495191 0.503532 0.505718
v 0.501000 0.501493 0.504574
v 0.499585 0.505300 0.504571
v 0.503919 0.500803 0.505806
v 0.498195 0.496360 0.505226
v 0.501995 0.503180 0.508156
v 0.498262 0.499708 0.505404
v 0.499692 0.506436 0.503360
v 0.497937 0.505084 0.502704
v 0.499448 0.501221 0.503376
v 0.493693 0.500857 0.505740
v 0.501678 0.501335 0.505879
v 0.496936 0.504236 0.503447
v 0.500355 0.500466 0.507889
v 0.497520 0.501426 0.503581
v 0.498433 0.502280 0.505602
v 0.498632 0.502152 0.505193
v 0.503320 0.502961 0.503625
v 0.497965 0.501039 0.504264
v 0.497870 0.500401 0.504721
v 0.494356 0.501195 0.505069
v 0.501233 0.506361 0.508118
v 0.498233 0.500719 0.504390
v 0.502044 0.500001 0.507921
v 0.497402 0.499132 0.504427
v 0.500014 0.502483 0.507127
v 0.498402 0.498423 0.504998
v 0.501182 0.505958 0.506318
v 0.500245 0.499122 0.503303
v 0.499910 0.498820 0.505812
v 0.498552 0.502928 0.504762
v 0.499654 0.502166 0.504357
v 0.500652 0.500844 0.503371
v 0.499042 0.503860 0.506412
v 0.494500 0.500212 0.504814
v 0.502377 0.501573 0.505227
v 0.500811 0.497433 0.504343
v 0.501044 0.500624 0.507678
v 0.499142 0.501534 0.506910
v 0.501634 0.498260 0.505661
v 0.499682 0.499238 0.506529
v 0.500229 0.501416 0.505387
v 0.499402 0.500760 0.504041
v 0.501514 0.501498 0.506555
v 0.497457 0.502182 0.504505
v 0.502233 0.503091 0.506191
v 0.496909 0.500472 0.503866
v 0.501116 0.500188 0.506178
v 0.499730 0.504224 0.504161
v 0.498754 0.500974 0.502665
v 0.497469 0.502416 0.502752
v 0.498647 0.503306 0.502499
v 0.497972 0.501953 0.504323
v 0.500307 0.501859 0.503710
v 0.498918 0.502176 0.502318
v 0.499553 0.501707 0.504333
v 0.497592 0.501558 0.501425
v 0.501417 0.502486 0.505412
v 0.497300 0.502627 0.503997
v 0.500722 0.501000 0.505022
v 0.499401 0.500337 0.504087
v 0.499245 0.501043 0.504265
v 0.496620 0.501522 0.504696
v 0.500485 0.501369 0.503750
v 0.500004 0.502388 0.502994
v 0.500743 0.502538 0.503728
v 0.496514 0.501487 0.501692
v 0.500585 0.503493 0.504118
v 0.496696 0.500874 0.502292
v 0.500875 0.505356 0.505509
v 0.499904 0.502498 0.503304
v 0.501112 0.502282 0.503922
v 0.498012 0.500400 0.504162
v 0.500955 0.501409 0.503909
v 0.499475 0.502037 0.503039
v 0.500385 0.503161 0.503919
v 0.499509 0.499062 0.503581
v 0.499712 0.500402 0.503269
v 0.498677 0.502289 0.503929
v 0.499695 0.503346 0.505428
v 0.496888 0.503385 0.503051
v 0.498603 0.501903 0.506343
v 0.498910 0.500839 0.504687
v 0.499779 0.502024 0.504491
v 0.498738 0.502110 0.503325
v 0.501002 0.501520 0.503193
v 0.497872 0.500927 0.505449
v 0.499420 0.500571 0.503753
v 0.497559 0.503839 0.502513
v 0.502119 0.501038 0.503929
v 0.497517 0.501132 0.505599
v 0.498042 0.504603 0.504058
v 0.499012 0.503116 0.503216
v 0.502663 0.503419 0.503445
v 0.498897 0.499041 0.504785
v 0.501930 0.500853 0.503397
v 0.498845 0.501944 0.503105
v 0.500937 0.501818 0.504912
v 0.499221 0.500757 0.504621
v 0.500463 0.501518 0.504940
v 0.498093 0.499010 0.503822
v 0.499887 0.502093 0.506038
v 0.496686 0.501188 0.503486
v 0.500984 0.502668 0.504872
v 0.498852 0.501609 0.504577
v 0.499665 0.501907 0.503745
v 0.499241 0.500874 0.503654
v 0.501144 0.502352 0.503230
v 0.500698 0.502233 0.502425
v 0.498401 0.499924 0.509218
v 0.492540 0.501905 0.506577
v 0.499281 0.509100 0.505635
v 0.494947 0.502389 0.512975
v 0.504076 0.504129 0.508676
v 0.497204 0.502545 0.501705
v 0.500575 0.503586 0.513584
v 0.492576 0.502881 0.498926
v 0.504962 0.505213 0.513768
v 0.491141 0.506321 0.512619
v 0.506284 0.503168 0.515343
v 0.501190 0.499826 0.510035
v 0.500335 0.501070 0.509810
v 0.488529 0.499459 0.507976
v 0.502336 0.499357 0.510309
v 0.499732 0.506256 0.505743
v 0.501022 0.506576 0.507263
v 0.490182 0.504137 0.501605
v 0.502904 0.508167 0.509284
v 0.489968 0.495034 0.503633
v 0.502119 0.515845 0.515260
v 0.504152 0.504252 0.509628
v 0.504726 0.506324 0.508728
v 0.493424 0.497913 0.506923
v 0.506329 0.502817 0.511546
v 0.499043 0.499352 0.507465
v 0.504814 0.510834 0.510099
v 0.497966 0.494539 0.509321
v 0.498440 0.498706 0.508891
v 0.495140 0.502956 0.511025
v 0.500651 0.512398 0.516433
v 0.492552 0.507271 0.507063
v 0.496783 0.502353 0.516483
v 0.494887 0.501646 0.513255
v 0.502024 0.504750 0.511802
v 0.495247 0.505960 0.506831
v 0.502678 0.503606 0.507813
v 0.493731 0.501420 0.509379
v 0.497187 0.499323 0.509981
v 0.489810 0.510955 0.504537
v 0.508144 0.503683 0.511113
v 0.490736 0.499008 0.515484
v 0.496696 0.511640 0.509269
v 0.493840 0.506993 0.508378
v 0.511055 0.501944 0.507708
v 0.496733 0.492840 0.513926
v 0.504463 0.499390 0.507721
v 0.496732 0.505022 0.506610
v 0.505890 0.507985 0.512747
v 0.495435 0.498336 0.513922
v 0.501346 0.504864 0.511996
v 0.494425 0.494287 0.509491
v 0.498955 0.507989 0.519972
v 0.491815 0.500096 0.510747
v 0.502943 0.510573 0.510999
v 0.498678 0.502948 0.511582
v 0.499590 0.503011 0.508813
v 0.500049 0.497960 0.510422
v 0.503781 0.508982 0.508531
v 0.501473 0.503466 0.505519
v 0.498831 0.500689 0.503937
v 0.496689 0.502055 0.503401
v 0.498715 0.504237 0.502831
v 0.497606 0.501785 0.505793
v 0.501064 0.501942 0.504380
v 0.498546 0.502133 0.502112
v 0.499607 0.501915 0.505937
v 0.496657 0.501888 0.500934
v 0.501972 0.502970 0.506674
v 0.496142 0.503175 0.505703
v 0.501685 0.501547 0.506834
v 0.499742 0.500427 0.505125
v 0.499269 0.501023 0.505205
v 0.495259 0.500840 0.505042
v 0.500796 0.500858 0.504747
v 0.499933 0.503078 0.503357
v 0.500528 0.503120 0.503992
v 0.495652 0.501984 0.501571
v 0.500933 0.503890 0.504956
v 0.495568 0.499741 0.502344
v 0.500985 0.506786 0.507192
v 0.500942 0.502860 0.504715
v 0.501830 0.503236 0.504660
v 0.497075 0.499938 0.504541
v 0.501982 0.501653 0.505211
v 0.499512 0.501531 0.503792
v 0.501179 0.504395 0.504944
v 0.499258 0.498184 0.504610
v 0.499337 0.500098 0.504280
v 0.498071 0.502259 0.505264
v 0.499882 0.504748 0.507206
v 0.496184 0.503845 0.503526
v 0.498501 0.501577 0.507933
v 0.498284 0.500930 0.506322
v 0.500138 0.502346 0.505560
v 0.498068 0.502924 0.503853
v 0.501146 0.501880 0.503840
v 0.497290 0.501165 0.506076
v 0.498822 0.500185 0.504852
v 0.496252 0.505203 0.502938
v 0.503200 0.501359 0.505023
v 0.496218 0.500327 0.507225
v 0.497903 0.505346 0.504642
v 0.497907 0.503665 0.504256
v 0.504055 0.502766 0.504071
v 0.498614 0.497891 0.506534
v 0.502032 0.500455 0.503976
v 0.498558 0.502540 0.503766
v 0.501822 0.503094 0.505958
v 0.498528 0.500159 0.506335
v 0.500576 0.502229 0.506061
v 0.497611 0.498368 0.504866
v 0.499573 0.503030 0.508483
v 0.496104 0.500931 0.504781
v 0.501100 0.504071 0.505745
v 0.499021 0.501823 0.505695
v 0.499633 0.501944 0.504590
v 0.499530 0.500265 0.504925
v 0.501475 0.503424 0.503911
v 0.500827 0.502274 0.502854
v 0.500643 0.497492 0.510127
v 0.493499 0.501605 0.505464
v 0.504161 0.508086 0.508714
v 0.499829 0.498294 0.505121
v 0.500495 0.506671 0.513461
v 0.501574 0.497690 0.508465
v 0.501900 0.497093 0.517290
v 0.496720 0.500560 0.512492
v 0.501285 0.500022 0.505952
v 0.493879 0.500549 0.515311
v 0.500488 0.502619 0.508176
v 0.500366 0.501444 0.507987
v 0.504650 0.495967 0.510867
v 0.494457 0.497865 0.504850
v 0.496808 0.501441 0.509298
v 0.499160 0.504011 0.510443
v 0.498755 0.504483 0.510372
v 0.489241 0.505783 0.510003
v 0.501329 0.503488 0.510187
v 0.494244 0.493830 0.503482
v 0.502237 0.510305 0.512130
v 0.496920 0.497544 0.511049
v 0.502646 0.507557 0.507961
v 0.499277 0.500142 0.507898
v 0.499723 0.510499 0.508961
v 0.501660 0.499378 0.506563
v 0.503952 0.508823 0.513276
v 0.493656 0.504545 0.508117
v 0.501520 0.503683 0.512550
v 0.489895 0.497003 0.510217
v 0.498583 0.510426 0.517912
v 0.497867 0.507085 0.508631
v 0.501548 0.506878 0.515830
v 0.493586 0.499524 0.511063
v 0.502549 0.508457 0.507629
v 0.494996 0.500879 0.511605
v 0.501613 0.508717 0.513304
v 0.493569 0.502856 0.505264
v 0.501440 0.499518 0.509159
v 0.491736 0.507043 0.506595
v 0.503150 0.507245 0.513845
v 0.494265 0.496201 0.510341
v 0.503131 0.502956 0.511098
v 0.497203 0.503552 0.502845
v 0.504533 0.501771 0.512750
v 0.499861 0.497236 0.510363
v 0.498552 0.505873 0.508796
v 0.495394 0.503901 0.509327
v 0.501542 0.505976 0.505909
v 0.492210 0.500051 0.511388
v 0.494906 0.506770 0.510980
v 0.493192 0.502416 0.508241
v 0.501464 0.512184 0.517643
v 0.495970 0.499227 0.510059
v 0.502708 0.507009 0.509823
v 0.498764 0.502740 0.510046
v 0.498503 0.502358 0.511829
v 0.494516 0.506580 0.509916
v 0.497010 0.507123 0.511115
v 0.498186 0.500317 0.503875
v 0.500145 0.498986 0.505481
v 0.496428 0.500998 0.503123
v 0.501708 0.503691 0.504861
v 0.498927 0.498853 0.505164
v 0.500021 0.502747 0.505436
v 0.500565 0.499589 0.503380
v 0.501063 0.499400 0.508789
v 0.498200 0.499595 0.505112
v 0.501257 0.500968 0.504324
v 0.496154 0.500622 0.508012
v 0.501588 0.501071 0.505612
v 0.501146 0.501484 0.505577
v 0.501889 0.497873 0.505391
v 0.497382 0.498843 0.502975
v 0.498545 0.500015 0.504913
v 0.500049 0.501918 0.504239
v 0.499000 0.502021 0.505619
v 0.495756 0.502650 0.504377
v 0.501085 0.502931 0.505008
v 0.496752 0.496421 0.502698
v 0.500445 0.505318 0.507100
v 0.499532 0.499560 0.506043
v 0.501728 0.503207 0.503944
v 0.499762 0.499771 0.503290
v 0.501194 0.503624 0.505860
v 0.500473 0.499053 0.503729
v 0.501983 0.503600 0.507176
v 0.497519 0.500825 0.505112
v 0.500461 0.500736 0.506615
v 0.495649 0.498945 0.506804
v 0.498633 0.504585 0.508829
v 0.498599 0.503565 0.505016
v 0.500123 0.502291 0.508345
v 0.497104 0.501019 0.507069
v 0.500654 0.503810 0.504685
v 0.498139 0.501581 0.506023
v 0.500485 0.503197 0.506668
v 0.497251 0.501508 0.503555
v 0.499776 0.499472 0.505866
v 0.496102 0.503101 0.504055
v 0.501867 0.502779 0.507906
v 0.497241 0.498658 0.506295
v 0.500333 0.502640 0.505501
v 0.497969 0.501941 0.503553
v 0.503153 0.500331 0.506424
v 0.499343 0.498196 0.506199
v 0.499453 0.501758 0.505093
v 0.498177 0.502126 0.506200
v 0.500168 0.502753 0.504447
v 0.496553 0.500393 0.507288
v 0.498082 0.503072 0.505586
v 0.497480 0.500026 0.504959
v 0.499764 0.504940 0.509752
v 0.498335 0.499725 0.506206
v 0.501085 0.503904 0.505442
v 0.499190 0.501617 0.506221
v 0.498679 0.500799 0.506390
v 0.498323 0.502003 0.506665
v 0.498669 0.503513 0.506434
v 0.498968 0.500539 0.503573
v 0.499333 0.499488 0.505880
v 0.495973 0.500718 0.504848
v 0.500283 0.504675 0.504559
v 0.497740 0.500127 0.508268
v 0.501603 0.502257 0.505416
v 0.499079 0.500874 0.501992
v 0.500614 0.501718 0.508722
v 0.496375 0.500990 0.501079
v 0.502260 0.502679 0.507695
v 0.494885 0.502916 0.507989
v 0.503325 0.501619 0.508745
v 0.501388 0.500913 0.506780
v 0.500315 0.499843 0.505564
v 0.494567 0.499309 0.504663
v 0.500425 0.499109 0.505951
v 0.500118 0.503421 0.503723
v 0.499211 0.503173 0.504930
v 0.494798 0.503107 0.502025
v 0.501086 0.503990 0.505217
v 0.494889 0.496440 0.502932
v 0.500860 0.508124 0.508305
v 0.501946 0.501897 0.506083
v 0.501948 0.503286 0.505155
v 0.497126 0.499394 0.504072
v 0.502388 0.502178 0.507054
v 0.499813 0.499185 0.504897
v 0.502276 0.505791 0.506485
v 0.498568 0.497881 0.506270
v 0.498706 0.499519 0.505989
v 0.496899 0.500717 0.507304
v 0.499829 0.506441 0.509885
v 0.496651 0.503814 0.504988
v 0.498265 0.501811 0.509375
v 0.497066 0.501560 0.508407
v 0.500683 0.503236 0.506274
v 0.497514 0.503689 0.505085
v 0.501106 0.502456 0.505594
v 0.496741 0.501431 0.504963
v 0.498242 0.499755 0.506220
v 0.494961 0.505095 0.504040
v 0.503472 0.502158 0.507550
v 0.495550 0.499381 0.508752
v 0.498361 0.505514 0.505324
v 0.496558 0.503453 0.505856
v 0.505234 0.499887 0.505726
v 0.498451 0.496418 0.508466
v 0.501085 0.499903 0.504547
v 0.498282 0.503533 0.504846
v 0.502193 0.504177 0.507276
v 0.497235 0.499064 0.508197
v 0.500286 0.502544 0.507116
v 0.497397 0.497367 0.505900
v 0.499197 0.504853 0.511727
v 0.496462 0.500048 0.507171
v 0.501346 0.506314 0.506201
v 0.498881 0.502372 0.507275
v 0.499069 0.501319 0.505994
v 0.500007 0.498739 0.507571
v 0.500951 0.505117 0.506212
v 0.500344 0.501644 0.504058
v 0.500030 0.498304 0.507513
v 0.494864 0.500226 0.504679
v 0.502304 0.505118 0.506113
v 0.497957 0.497401 0.508671
v 0.501195 0.502889 0.506751
v 0.500341 0.499383 0.502272
v 0.501866 0.499979 0.511762
v 0.497111 0.498875 0.503682
v 0.502382 0.501368 0.507137
v 0.493924 0.501863 0.510126
v 0.504089 0.501532 0.508972
v 0.502422 0.501888 0.508283
v 0.502461 0.497670 0.506589
v 0.495378 0.497789 0.504339
v 0.499688 0.498910 0.506754
v 0.500746 0.502404 0.504769
v 0.498276 0.503068 0.506513
v 0.493482 0.503674 0.503629
v 0.501746 0.504894 0.505551
v 0.494058 0.493958 0.503152
v 0.501630 0.508331 0.509890
v 0.500941 0.499891 0.507458
v 0.502757 0.503235 0.505204
v 0.498409 0.498470 0.503530
v 0.502655 0.503989 0.507587
v 0.500695 0.497681 0.504843
v 0.503753 0.505551 0.508657
v 0.497671 0.498503 0.507284
v 0.499924 0.499189 0.508279
v 0.495557 0.498560 0.509142
v 0.498761 0.507175 0.512174
v 0.497276 0.504482 0.506245
v 0.499347 0.502118 0.511377
v 0.496327 0.501892 0.509741
v 0.501136 0.505123 0.506643
v 0.497193 0.503514 0.507049
v 0.501078 0.503600 0.507533
v 0.496226 0.501389 0.504797
v 0.498886 0.498828 0.507731
v 0.493745 0.504374 0.505209
v 0.503612 0.502943 0.509928
v 0.495551 0.497253 0.509404
v 0.499539 0.504617 0.506568
v 0.496268 0.502639 0.505956
v 0.506171 0.498959 0.507718
v 0.498662 0.495298 0.509311
v 0.500434 0.500589 0.505691
v 0.497646 0.503998 0.507081
v 0.501619 0.504282 0.506865
v 0.496139 0.499245 0.509811
v 0.499366 0.503576 0.507575
v 0.496931 0.497999 0.506064
v 0.499572 0.506241 0.513711
v 0.497060 0.498722 0.508953
v 0.501803 0.506897 0.506906
v 0.498472 0.502842 0.508164
v 0.498397 0.500776 0.508117
v 0.499224 0.499905 0.509111
v 0.500031 0.505610 0.508745
v 0.498924 0.500836 0.505377
v 0.498043 0.500070 0.500317
v 0.499163 0.502519 0.503136
v 0.499908 0.500288 0.505992
v 0.496755 0.504192 0.506173
v 0.501336 0.502280 0.506472
v 0.498315 0.501948 0.506029
v 0.500371 0.502613 0.504408
v 0.497089 0.502470 0.503283
v 0.498123 0.501132 0.505808
v 0.497970 0.503448 0.500575
v 0.497812 0.504152 0.505095
v 0.497181 0.501008 0.503510
v 0.499343 0.503630 0.505101
v 0.498309 0.505148 0.504670
v 0.502215 0.502462 0.506212
v 0.498985 0.496169 0.504827
v 0.501400 0.502145 0.507663
v 0.497899 0.499620 0.505419
v 0.500670 0.506205 0.506197
v 0.496347 0.503480 0.504296
v 0.498884 0.503730 0.505808
v 0.493773 0.498485 0.505781
v 0.502481 0.501861 0.506042
v 0.497744 0.501877 0.504897
v 0.501339 0.500215 0.505592
v 0.497828 0.500518 0.505428
v 0.500089 0.503853 0.505267
v 0.497318 0.503657 0.504567
v 0.501953 0.502049 0.504527
v 0.498874 0.498126 0.503628
v 0.498727 0.499757 0.505072
v 0.495011 0.499167 0.505129
v 0.500060 0.506593 0.507544
v 0.498942 0.499306 0.504041
v 0.501316 0.500644 0.507808
v 0.497275 0.500095 0.505078
v 0.501599 0.502076 0.506551
v 0.497380 0.500518 0.506101
v 0.501499 0.504515 0.507145
v 0.498828 0.501901 0.502167
v 0.500922 0.501695 0.505692
v 0.499301 0.501545 0.504423
v 0.499062 0.503174 0.503749
v 0.499460 0.501064 0.503703
v 0.500526 0.504711 0.506664
v 0.498084 0.498015 0.504970
v 0.503341 0.500502 0.504862
v 0.499367 0.498002 0.504216
v 0.500518 0.498833 0.506500
v 0.499404 0.499298 0.507793
v 0.499660 0.498712 0.504976
v 0.499214 0.499067 0.505420
v 0.500009 0.502971 0.504220
v 0.498764 0.501171 0.502912
v 0.501562 0.501637 0.505513
v 0.497700 0.501337 0.504429
v 0.502578 0.502126 0.506343
v 0.496911 0.500162 0.502606
v 0.501068 0.501277 0.504796
v 0.500518 0.503840 0.503933
v 0.498906 0.500800 0.503041
v 0.497454 0.502101 0.502913
v 0.498771 0.503397 0.502490
v 0.498135 0.501636 0.504635
v 0.500468 0.501663 0.503712
v 0.498935 0.502037 0.502246
v 0.499547 0.501631 0.504587
v 0.497532 0.501536 0.501352
v 0.501412 0.502446 0.505427
v 0.497111 0.502571 0.504465
v 0.500924 0.501178 0.505302
v 0.499584 0.500468 0.504247
v 0.499202 0.500921 0.504324
v 0.496532 0.501110 0.504474
v 0.500447 0.501100 0.503795
v 0.499936 0.502530 0.502960
v 0.500468 0.502448 0.503538
v 0.496614 0.501680 0.501665
v 0.500609 0.503192 0.504078
v 0.496597 0.500471 0.502178
v 0.500759 0.505186 0.505657
v 0.500271 0.502446 0.503751
v 0.501168 0.502479 0.503851
v 0.497885 0.500306 0.504095
v 0.501074 0.501388 0.504087
v 0.499580 0.501803 0.503192
v 0.500553 0.503235 0.504051
v 0.499446 0.498920 0.503764
v 0.499546 0.500295 0.503455
v 0.498552 0.502055 0.504235
v 0.499743 0.503431 0.505598
v 0.496976 0.503257 0.503028
v 0.498686 0.501546 0.506389
v 0.498815 0.500858 0.505043
v 0.499846 0.501943 0.504492
v 0.498618 0.502358 0.503396
v 0.500848 0.501506 0.503234
v 0.497950 0.501053 0.505282
v 0.499142 0.500335 0.503942
v 0.497384 0.504008 0.502646
v 0.502192 0.501035 0.504032
v 0.497345 0.500751 0.505803
v 0.498089 0.504377 0.503892
v 0.498687 0.503135 0.503486
v 0.502766 0.502835 0.503548
v 0.498951 0.498819 0.505060
v 0.501598 0.500606 0.503332
v 0.498862 0.502110 0.503290
v 0.501035 0.502091 0.504833
v 0.499045 0.500528 0.504950
v 0.500404 0.501585 0.504936
v 0.498124 0.499149 0.504018
v 0.499698 0.502234 0.506442
v 0.496833 0.501154 0.503781
v 0.500810 0.502939 0.504816
v 0.499030 0.501622 0.504672
v 0.499590 0.501724 0.503834
v 0.499379 0.500732 0.503947
v 0.500998 0.502458 0.503338
v 0.500688 0.502014 0.502499
v 0.496784 0.498293 0.499000
v 0.498205 0.501886 0.504299
v 0.503297 0.501929 0.516001
v 0.491488 0.509026 0.512430
v 0.505626 0.506199 0.512792
v 0.495943 0.502944 0.513460
v 0.501208 0.503618 0.511703
v 0.490683 0.503640 0.510413
v 0.494413 0.505414 0.514931
v 0.495676 0.508247 0.501838
v 0.494712 0.512439 0.509824
v 0.490049 0.504255 0.509054
v 0.501282 0.506013 0.510433
v 0.497388 0.512737 0.509675
v 0.509854 0.502807 0.514423
v 0.496975 0.486225 0.509180
v 0.505393 0.506228 0.519776
v 0.497009 0.494576 0.512544
v 0.501528 0.514799 0.512510
v 0.490776 0.508185 0.505044
v 0.496594 0.505972 0.509881
v 0.480315 0.495039 0.513495
v 0.507581 0.503635 0.514720
v 0.492538 0.507429 0.509274
v 0.502503 0.498799 0.514384
v 0.493869 0.498887 0.507680
v 0.500830 0.508153 0.512530
v 0.494803 0.506254 0.508228
v 0.508617 0.505318 0.509497
v 0.494928 0.494609 0.507541
v 0.495541 0.498163 0.509632
v 0.485946 0.498817 0.510552
v 0.502138 0.518468 0.518671
v 0.497270 0.497423 0.508125
v 0.505248 0.500705 0.518318
v 0.494016 0.495392 0.511099
v 0.504185 0.504953 0.516714
v 0.493739 0.498041 0.512607
v 0.504905 0.513129 0.516565
v 0.499690 0.498888 0.502927
v 0.502969 0.499753 0.511245
v 0.497949 0.503159 0.509576
v 0.498943 0.505821 0.507467
v 0.500330 0.501290 0.505583
v 0.500505 0.508922 0.516622
v 0.491512 0.491625 0.510825
v 0.510104 0.499640 0.509395
v 0.500786 0.491743 0.508888
v 0.502441 0.497224 0.517734
v 0.499050 0.497189 0.516085
v 0.503624 0.495898 0.512023
v 0.499447 0.495275 0.514289
v 0.501569 0.505043 0.509706
v 0.499863 0.500349 0.504850
v 0.505968 0.504545 0.511278
v 0.496313 0.503948 0.508127
v 0.507703 0.506451 0.513929
v 0.490844 0.498237 0.504980
v 0.504514 0.499884 0.512992
v 0.499831 0.509822 0.509806
v 0.496974 0.501700 0.502975
v 0.495348 0.503523 0.507065
v 0.500788 0.505403 0.505468
v 0.495396 0.504296 0.499872
v 0.498875 0.501054 0.505247
v 0.496414 0.505492 0.502717
v 0.499969 0.504888 0.506376
v 0.495723 0.504227 0.511674
v 0.497129 0.505154 0.505819
v 0.498159 0.504665 0.504157
v 0.502121 0.504098 0.505138
v 0.494367 0.504080 0.506652
v 0.501541 0.502403 0.506285
v 0.499173 0.501196 0.505838
v 0.503913 0.506527 0.504884
v 0.497193 0.502055 0.506369
v 0.500607 0.506822 0.506195
v 0.497321 0.506128 0.506379
v 0.498735 0.504083 0.503750
v 0.499837 0.506343 0.503494
v 0.497702 0.503522 0.504092
v 0.495988 0.502317 0.502458
v 0.498701 0.504054 0.507807
v 0.498152 0.504050 0.505185
v 0.499275 0.506185 0.509381
v 0.494522 0.505398 0.504225
v 0.498518 0.503838 0.508900
v 0.497565 0.505268 0.505509
v 0.500304 0.507008 0.502143
v 0.497912 0.506806 0.502883
v 0.498744 0.501246 0.504915
v 0.495605 0.505376 0.503289
v 0.503328 0.505234 0.505616
v 0.496830 0.503614 0.503754
v 0.500185 0.503333 0.505299
v 0.495975 0.502327 0.504623
v 0.502970 0.508473 0.508801
v 0.496518 0.500562 0.501367
v 0.500858 0.508372 0.505489
v 0.495416 0.503721 0.505354
v 0.497527 0.504796 0.505260
v 0.494260 0.503578 0.504134
v 0.500184 0.505150 0.504256
v 0.496625 0.501263 0.504434
v 0.499292 0.505262 0.507583
v 0.494691 0.506666 0.503249
v 0.497754 0.505670 0.507856
v 0.497621 0.501783 0.501985
v 0.498928 0.508682 0.502948
v 0.495357 0.503601 0.504860
v 0.498476 0.505465 0.505522
v 0.497077 0.507544 0.503340
v 0.499078 0.503544 0.505056
v 0.498039 0.503354 0.504701
v 0.501502 0.505341 0.505226
v 0.495090 0.501304 0.506042
v 0.501455 0.507103 0.507403
v 0.497532 0.504119 0.504691
v 0.497936 0.504432 0.507238
v 0.497997 0.504674 0.502744
v 0.500380 0.496968 0.510579
v 0.492503 0.499826 0.505622
v 0.504037 0.507180 0.508513
v 0.497133 0.495344 0.511366
v 0.502121 0.504512 0.509456
v 0.500962 0.498256 0.502415
v 0.503193 0.499103 0.517145
v 0.496145 0.497588 0.505224
v 0.503624 0.501217 0.509322
v 0.491021 0.501963 0.514419
v 0.506382 0.502223 0.512355
v 0.503654 0.502301 0.511287
v 0.504095 0.496077 0.509000
v 0.493348 0.496155 0.505108
v 0.499541 0.498150 0.509606
v 0.501126 0.502829 0.506430
v 0.497665 0.504340 0.509142
v 0.490236 0.504975 0.504889
v 0.502862 0.507168 0.507409
v 0.491506 0.490468 0.503765
v 0.502733 0.511769 0.513762
v 0.501338 0.499181 0.510384
v 0.504524 0.504473 0.506782
v 0.498091 0.497386 0.503954
v 0.504235 0.505983 0.510257
v 0.501082 0.495819 0.506046
v 0.506113 0.507815 0.512000
v 0.496384 0.497452 0.509613
v 0.500278 0.498531 0.511694
v 0.493177 0.497285 0.512488
v 0.498271 0.510642 0.517638
v 0.496285 0.506303 0.508687
v 0.499582 0.503136 0.516182
v 0.494478 0.502389 0.513268
v 0.502272 0.507716 0.508984
v 0.495965 0.504451 0.509578
v 0.501665 0.505431 0.510506
v 0.494383 0.501642 0.505921
v 0.498700 0.497761 0.510593
v 0.490736 0.505850 0.506688
v 0.505723 0.504283 0.514174
v 0.493471 0.495119 0.512951
v 0.500101 0.506191 0.509261
v 0.494624 0.503257 0.507455
v 0.509506 0.498094 0.510876
v 0.497979 0.493029 0.512817
v 0.500890 0.500697 0.507868
v 0.496466 0.504878 0.509825
v 0.502681 0.506089 0.509131
v 0.494187 0.498295 0.513885
v 0.498955 0.505377 0.510409
v 0.495545 0.496474 0.508118
v 0.499579 0.509145 0.519604
v 0.495849 0.497556 0.512523
v 0.502740 0.510000 0.509449
v 0.497946 0.503729 0.511121
v 0.498053 0.500867 0.511227
v 0.498814 0.500021 0.512257
v 0.500168 0.508008 0.512120
v 0.498246 0.500741 0.507284
v 0.495329 0.498959 0.498328
v 0.498313 0.504705 0.504975
v 0.502031 0.500434 0.515263
v 0.490434 0.509697 0.514119
v 0.505498 0.505774 0.515657
v 0.495663 0.503845 0.513567
v 0.501410 0.504879 0.510540
v 0.490741 0.504201 0.506938
v 0.494829 0.504067 0.513823
v 0.494905 0.508000 0.497901
v 0.494094 0.512239 0.511531
v 0.491511 0.501398 0.506625
v 0.499546 0.508647 0.510895
v 0.496123 0.512459 0.510039
v 0.508480 0.505594 0.514389
v 0.496997 0.486393 0.509896
v 0.504863 0.505796 0.519793
v 0.495102 0.496169 0.512600
v 0.502489 0.516684 0.514872
v 0.488924 0.507654 0.508095
v 0.496854 0.509095 0.512451
v 0.480329 0.493710 0.513478
v 0.508218 0.504819 0.515714
v 0.493231 0.504766 0.510654
v 0.504190 0.499278 0.513060
v 0.494103 0.499692 0.510990
v 0.501611 0.510170 0.512610
v 0.492798 0.509444 0.508695
v 0.507304 0.505780 0.510993
v 0.495302 0.492430 0.506968
v 0.495963 0.497584 0.511073
v 0.485379 0.496736 0.510976
v 0.501741 0.519288 0.519604
v 0.496624 0.496232 0.507287
v 0.504863 0.501263 0.519483
v 0.493330 0.496876 0.511355
v 0.505498 0.504988 0.516789
v 0.492865 0.499576 0.513813
v 0.505360 0.512851 0.518533
v 0.497621 0.502548 0.502909
v 0.503411 0.502617 0.512739
v 0.497941 0.502693 0.509877
v 0.497996 0.507744 0.507347
v 0.499405 0.501223 0.506585
v 0.501411 0.510556 0.516390
v 0.494000 0.491478 0.510444
v 0.511279 0.500607 0.510532
v 0.499166 0.491793 0.509156
v 0.502136 0.495858 0.515988
v 0.498253 0.495910 0.518124
v 0.500705 0.495306 0.511662
v 0.498887 0.495519 0.513495
v 0.501135 0.505813 0.509074
v 0.498219 0.500611 0.504617
v 0.506001 0.504773 0.511409
v 0.494216 0.503497 0.508618
v 0.508898 0.505197 0.514951
v 0.490767 0.499226 0.503577
v 0.504689 0.501880 0.511521
v 0.500794 0.510262 0.510002
v 0.500329 0.496569 0.511889
v 0.491703 0.499238 0.506968
v 0.503893 0.508372 0.509018
v 0.496375 0.495446 0.514079
v 0.502945 0.504621 0.510635
v 0.500354 0.498516 0.502278
v 0.503610 0.500311 0.519114
v 0.494840 0.498133 0.503726
v 0.504537 0.502325 0.511687
v 0.489690 0.503494 0.515777
v 0.508087 0.502673 0.515132
v 0.504194 0.502203 0.512809
v 0.504429 0.496443 0.509981
v 0.491335 0.495420 0.506195
v 0.500006 0.497382 0.510940
v 0.501398 0.503847 0.506850
v 0.497487 0.505352 0.509565
v 0.488573 0.505705 0.504352
v 0.503100 0.507955 0.508090
v 0.489461 0.488761 0.504045
v 0.503357 0.514648 0.515749
v 0.502477 0.499761 0.510805
v 0.504977 0.505001 0.508324
v 0.496588 0.496477 0.504882
v 0.505571 0.505978 0.512055
v 0.500903 0.495327 0.507300
v 0.507211 0.509689 0.513212
v 0.496309 0.495971 0.511004
v 0.499440 0.497585 0.512303
v 0.492996 0.497840 0.513852
v 0.498742 0.513008 0.519902
v 0.495173 0.506969 0.509703
v 0.498795 0.503216 0.518261
v 0.493519 0.502759 0.515515
v 0.502456 0.508167 0.510978
v 0.495136 0.505611 0.510493
v 0.502117 0.505784 0.510895
v 0.493571 0.501478 0.506992
v 0.497927 0.497636 0.511884
v 0.489325 0.507372 0.507372
v 0.506790 0.504636 0.515772
v 0.492378 0.494872 0.515459
v 0.498953 0.508637 0.510057
v 0.493338 0.504052 0.509228
v 0.511504 0.497359 0.511331
v 0.497675 0.490892 0.515414
v 0.501599 0.499950 0.508516
v 0.496491 0.506263 0.510176
v 0.503906 0.507709 0.511020
v 0.493751 0.497942 0.515787
v 0.499697 0.505534 0.512271
v 0.495070 0.494638 0.509086
v 0.499246 0.510337 0.522725
v 0.494490 0.497427 0.514235
v 0.503142 0.512406 0.510951
v 0.497319 0.504282 0.512799
v 0.498044 0.500934 0.512156
v 0.499176 0.498226 0.514192
v 0.501358 0.509846 0.513278
v 0.498810 0.501420 0.508017
v 0.499880 0.498531 0.507208
v 0.495200 0.500113 0.505027
v 0.501692 0.505038 0.505643
v 0.497882 0.498078 0.509012
v 0.501371 0.502556 0.506561
v 0.499891 0.499759 0.502282
v 0.501604 0.500775 0.511056
v 0.496772 0.499576 0.502591
v 0.502400 0.501925 0.507620
v 0.494124 0.502453 0.509652
v 0.504223 0.501550 0.509323
v 0.502268 0.501565 0.507948
v 0.501989 0.498332 0.506387
v 0.494864 0.497874 0.504594
v 0.499917 0.498741 0.506647
v 0.500736 0.502821 0.504498
v 0.498430 0.503215 0.505986
v 0.493704 0.503572 0.503152
v 0.501502 0.504589 0.505393
v 0.493999 0.494285 0.503155
v 0.501547 0.508641 0.509559
v 0.501429 0.500550 0.506771
v 0.502466 0.503216 0.505462
v 0.497748 0.498517 0.503768
v 0.502784 0.503364 0.507627
v 0.500418 0.498061 0.505063
v 0.503475 0.505851 0.508154
v 0.498018 0.498007 0.507162
v 0.499385 0.499095 0.507643
v 0.496064 0.499317 0.508746
v 0.499110 0.507301 0.511694
v 0.497041 0.504177 0.506095
v 0.498865 0.501958 0.510968
v 0.496345 0.501839 0.509731
v 0.500944 0.504616 0.506850
v 0.497168 0.503761 0.506588
v 0.501140 0.503247 0.506911
v 0.496368 0.501315 0.505006
v 0.498577 0.499051 0.507470
v 0.494028 0.504680 0.505060
v 0.503511 0.502750 0.509402
v 0.495668 0.497777 0.509556
v 0.498900 0.505282 0.506224
v 0.496101 0.502838 0.506361
v 0.506017 0.498782 0.507080
v 0.498656 0.495195 0.509650
v 0.500636 0.500185 0.505405
v 0.497970 0.504201 0.506399
v 0.501820 0.504457 0.507190
v 0.496459 0.499224 0.509532
v 0.499850 0.503121 0.507682
v 0.497136 0.497437 0.506054
v 0.499394 0.505991 0.513522
v 0.496832 0.499066 0.508697
v 0.501684 0.507145 0.506828
v 0.498339 0.502867 0.508028
v 0.498565 0.500950 0.507654
v 0.499437 0.499155 0.508930
v 0.500532 0.505706 0.508209
v 0.499376 0.501142 0.505138
v 0.502311 0.493999 0.517329
v 0.488108 0.500380 0.505768
v 0.509445 0.511879 0.515601
v 0.497409 0.493414 0.511999
v 0.502282 0.511061 0.518953
v 0.504052 0.494298 0.508772
v 0.506360 0.494624 0.531218
v 0.494072 0.496882 0.516998
v 0.504848 0.500546 0.510420
v 0.486387 0.499080 0.526590
v 0.507724 0.503951 0.516265
v 0.504846 0.501861 0.515202
v 0.509941 0.490848 0.517099
v 0.490012 0.492354 0.506076
v 0.494623 0.499647 0.515952
v 0.500755 0.504318 0.512755
v 0.497291 0.506823 0.518339
v 0.482214 0.507198 0.513502
v 0.505435 0.508676 0.514512
v 0.488739 0.482727 0.503473
v 0.503984 0.519555 0.522553
v 0.498527 0.495465 0.517982
v 0.508274 0.510534 0.511504
v 0.500124 0.496313 0.507715
v 0.506242 0.513758 0.516445
v 0.502032 0.493177 0.508523
v 0.510418 0.513273 0.522792
v 0.490750 0.500449 0.513129
v 0.503734 0.500171 0.521026
v 0.482496 0.493140 0.519823
v 0.497066 0.517769 0.532177
v 0.496065 0.511319 0.514383
v 0.502780 0.509426 0.527629
v 0.488743 0.500179 0.520782
v 0.504890 0.514208 0.513434
v 0.493273 0.502344 0.518045
v 0.502198 0.512833 0.521396
v 0.488172 0.503805 0.507787
v 0.501241 0.495748 0.516382
v 0.485098 0.509325 0.510003
v 0.508928 0.509859 0.526219
v 0.489313 0.491725 0.519524
v 0.505011 0.507447 0.517644
v 0.492427 0.504272 0.506460
v 0.513535 0.498861 0.519882
v 0.497638 0.492222 0.518979
v 0.499618 0.506593 0.514873
v 0.493291 0.504466 0.518435
v 0.502640 0.508713 0.510930
v 0.486278 0.498870 0.523142
v 0.493033 0.510949 0.517012
v 0.490640 0.496688 0.513397
v 0.501156 0.518452 0.533279
v 0.493965 0.495348 0.519408
v 0.504341 0.514026 0.516317
v 0.498044 0.503793 0.517735
v 0.497696 0.501729 0.520073
v 0.493564 0.506867 0.518747
v 0.496560 0.513403 0.519346
v 0.496312 0.500000 0.509015
v 0.501353 0.495645 0.513161
v 0.490874 0.500410 0.504714
v 0.506495 0.508579 0.511468
v 0.497318 0.494625 0.510775
v 0.501792 0.507861 0.512873
v 0.502555 0.496285 0.505753
v 0.504475 0.496725 0.522810
v 0.495463 0.497225 0.511266
v 0.503877 0.500661 0.508673
v 0.489394 0.500179 0.519215
v 0.506569 0.502628 0.513067
v 0.504259 0.501819 0.512316
v 0.506532 0.493008 0.512112
v 0.492586 0.494641 0.504729
v 0.496716 0.498787 0.512076
v 0.500627 0.503195 0.508813
v 0.497785 0.505055 0.513215
v 0.487442 0.505621 0.509056
v 0.504001 0.507265 0.510292
v 0.491353 0.487534 0.503469
v 0.502713 0.514195 0.516919
v 0.499694 0.497277 0.513494
v 0.506051 0.507378 0.508297
v 0.499423 0.497441 0.505024
v 0.504969 0.509184 0.512713
v 0.501671 0.494476 0.506671
v 0.507502 0.509341 0.516577
v 0.493620 0.499423 0.510518
v 0.502458 0.499672 0.515644
v 0.488127 0.495248 0.515349
v 0.497332 0.512893 0.523081
v 0.496545 0.508435 0.510957
v 0.501504 0.505990 0.520334
v 0.492019 0.501247 0.515685
v 0.503571 0.510270 0.510139
v 0.495236 0.502803 0.513207
v 0.501573 0.508568 0.515118
v 0.491651 0.502713 0.506089
v 0.499986 0.496597 0.512654
v 0.488822 0.506896 0.507700
v 0.506717 0.506628 0.519406
v 0.492331 0.493843 0.514877
v 0.502761 0.506003 0.512857
v 0.494262 0.503265 0.505961
v 0.510554 0.499106 0.514602
v 0.497945 0.493997 0.514327
v 0.499865 0.503827 0.511031
v 0.495208 0.503876 0.513614
v 0.501892 0.506793 0.509144
v 0.490664 0.499192 0.517506
v 0.495610 0.507797 0.512769
v 0.493860 0.496949 0.510109
v 0.500596 0.512840 0.524850
v 0.495795 0.496780 0.514782
v 0.503319 0.510743 0.512312
v 0.498289 0.503469 0.513409
v 0.497733 0.501320 0.514718
v 0.496026 0.504145 0.514327
v 0.497913 0.509885 0.514644
v 0.497161 0.500181 0.507628
v 0.500332 0.496520 0.515123
v 0.489426 0.503316 0.509108
v 0.506345 0.513718 0.512176
v 0.501075 0.497728 0.504389
v 0.500710 0.511021 0.523015
v 0.502614 0.496892 0.514713
v 0.502125 0.494526 0.525912
v 0.494751 0.501861 0.520264
v 0.500885 0.499704 0.508368
v 0.492086 0.500232 0.522898
v 0.500102 0.504295 0.510698
v 0.499346 0.500947 0.510756
v 0.507764 0.494799 0.516897
v 0.490523 0.497681 0.507270
v 0.496192 0.503134 0.515002
v 0.497658 0.506749 0.517217
v 0.498650 0.508497 0.515069
v 0.481825 0.509928 0.516420
v 0.501080 0.503920 0.516012
v 0.491205 0.491895 0.505068
v 0.503820 0.515035 0.516971
v 0.494048 0.497054 0.516281
v 0.502267 0.513327 0.512679
v 0.497390 0.502250 0.513069
v 0.496363 0.518841 0.511743
v 0.502632 0.499545 0.510641
v 0.505846 0.514481 0.520087
v 0.488468 0.509920 0.513427
v 0.502239 0.508105 0.519710
v 0.484359 0.495611 0.514179
v 0.498777 0.516206 0.527803
v 0.496075 0.511007 0.512357
v 0.503360 0.511433 0.524669
v 0.490050 0.499155 0.514822
v 0.505184 0.514242 0.510492
v 0.491144 0.500514 0.518606
v 0.503664 0.516418 0.520874
v 0.490127 0.504085 0.507312
v 0.503064 0.500008 0.512804
v 0.485558 0.512774 0.508561
v 0.504510 0.513181 0.519337
v 0.490087 0.494087 0.513482
v 0.506393 0.502890 0.517157
v 0.496799 0.505038 0.501816
v 0.505317 0.504543 0.521399
v 0.500515 0.497475 0.513323
v 0.498321 0.510921 0.513900
v 0.491573 0.506673 0.512343
v 0.503707 0.510422 0.508557
v 0.488093 0.499984 0.514405
v 0.491960 0.510636 0.517782
v 0.489253 0.505361 0.512445
v 0.503697 0.520196 0.526050
v 0.493277 0.498255 0.514472
v 0.505425 0.508884 0.513816
v 0.498085 0.503500 0.514546
v 0.497853 0.504518 0.517446
v 0.489988 0.512222 0.512149
v 0.494382 0.511098 0.516382
v 0.496975 0.499967 0.504404
v 0.496816 0.501542 0.505032
v 0.493212 0.503366 0.505983
v 0.500909 0.509020 0.505052
v 0.497615 0.501642 0.499972
v 0.498308 0.502151 0.509786
v 0.497120 0.506726 0.509402
v 0.497921 0.499081 0.508146
v 0.497234 0.503773 0.508642
v 0.499943 0.504004 0.505856
v 0.498474 0.500016 0.505987
v 0.499812 0.503220 0.504895
v 0.494990 0.501084 0.504363
v 0.502176 0.502604 0.508348
v 0.495271 0.498156 0.507854
v 0.502050 0.508602 0.507792
v 0.495180 0.503190 0.508784
v 0.499812 0.507491 0.505601
v 0.493334 0.507482 0.508051
v 0.497535 0.501350 0.508665
v 0.497752 0.503201 0.506517
v 0.499935 0.504105 0.505092
v 0.494429 0.503819 0.504730
v 0.496198 0.510449 0.508088
v 0.495249 0.508275 0.508373
v 0.494090 0.510764 0.506267
v 0.496950 0.506196 0.505545
v 0.497772 0.508321 0.510474
v 0.494966 0.511254 0.507565
v 0.497324 0.510970 0.510324
v 0.495536 0.505829 0.504734
v 0.500629 0.505329 0.509287
v 0.495469 0.504801 0.505999
v 0.503486 0.505954 0.507929
v 0.495689 0.501267 0.507746
v 0.501735 0.506648 0.506026
v 0.494097 0.502043 0.509096
v 0.504358 0.510229 0.510743
v 0.495192 0.503518 0.502373
v 0.500011 0.506579 0.505700
v 0.491062 0.505978 0.505979
v 0.497419 0.508605 0.506984
v 0.495045 0.501563 0.503165
v 0.502273 0.502433 0.507971
v 0.497311 0.499280 0.501305
v 0.498890 0.505171 0.513240
v 0.497671 0.505742 0.505737
v 0.496948 0.506921 0.509031
v 0.494765 0.503152 0.505769
v 0.501628 0.509086 0.506044
v 0.494510 0.500355 0.504739
v 0.495503 0.507291 0.508631
v 0.496541 0.506371 0.506722
v 0.500986 0.506970 0.508785
v 0.496661 0.499768 0.508387
v 0.502279 0.503847 0.507799
v 0.498599 0.502980 0.506149
v 0.498791 0.507477 0.507560
v 0.494957 0.509588 0.502470
v 0.495916 0.506529 0.507334
v 0.497590 0.502888 0.501641
v 0.501280 0.495265 0.515978
v 0.489390 0.501599 0.507419
v 0.507431 0.512582 0.513743
v 0.499670 0.496249 0.507439
v 0.501603 0.510721 0.520731
v 0.503247 0.495013 0.512192
v 0.503944 0.494875 0.527901
v 0.494770 0.500174 0.519220
v 0.502496 0.499470 0.508676
v 0.489859 0.499912 0.524361
v 0.501965 0.504067 0.512803
v 0.501188 0.501595 0.512031
v 0.508071 0.493217 0.516972
v 0.490934 0.495258 0.506767
v 0.495063 0.501787 0.514522
v 0.499228 0.505596 0.515650
v 0.498021 0.506927 0.516342
v 0.482412 0.508372 0.515358
v 0.502770 0.505599 0.515473
v 0.490554 0.488508 0.503995
v 0.504249 0.516925 0.519234
v 0.495542 0.495237 0.517013
v 0.505164 0.511733 0.512150
v 0.499334 0.499202 0.511314
v 0.500613 0.516406 0.513690
v 0.502866 0.497725 0.509450
v 0.507186 0.514159 0.520627
v 0.489901 0.505758 0.511957
v 0.502782 0.504637 0.519382
v 0.483241 0.494201 0.515899
v 0.498012 0.517022 0.529141
v 0.496758 0.510982 0.513059
v 0.502956 0.511016 0.524999
v 0.489690 0.498632 0.517088
v 0.504916 0.513596 0.511628
v 0.492135 0.500590 0.517734
v 0.502863 0.514173 0.520687
v 0.489196 0.504127 0.507458
v 0.502632 0.498003 0.514105
v 0.486319 0.510607 0.509664
v 0.505806 0.511625 0.522099
v 0.490703 0.492900 0.516028
v 0.505737 0.504689 0.517299
v 0.495133 0.505207 0.503381
v 0.508554 0.501833 0.519712
v 0.499558 0.494712 0.516084
v 0.498113 0.509074 0.513358
v 0.492702 0.505374 0.514430
v 0.502871 0.509101 0.508366
v 0.487245 0.499305 0.518076
v 0.492116 0.510504 0.516650
v 0.489272 0.502296 0.512375
v 0.502807 0.519615 0.528269
v 0.493659 0.497943 0.515707
v 0.504532 0.511556 0.515092
v 0.498346 0.504038 0.515319
v 0.497972 0.503319 0.518614
v 0.491606 0.509746 0.515348
v 0.495850 0.511683 0.517174
v 0.497030 0.500000 0.505730
v 0.498679 0.500815 0.502982
v 0.497040 0.502593 0.503629
v 0.500177 0.504217 0.503181
v 0.499019 0.501611 0.500895
v 0.499051 0.501191 0.505103
v 0.498732 0.503928 0.504865
v 0.498711 0.500023 0.504412
v 0.498405 0.502364 0.504737
v 0.499629 0.502014 0.503674
v 0.499141 0.501040 0.503596
v 0.499313 0.501748 0.502927
v 0.497857 0.501187 0.502782
v 0.500622 0.501210 0.504414
v 0.497771 0.499899 0.504553
v 0.500463 0.503924 0.504092
v 0.497676 0.502422 0.504820
v 0.499596 0.503910 0.503327
v 0.497176 0.503867 0.504551
v 0.498584 0.500867 0.504628
v 0.499059 0.501926 0.504230
v 0.499489 0.502125 0.503264
v 0.497230 0.502521 0.503156
v 0.498104 0.504740 0.504252
v 0.497798 0.504088 0.504533
v 0.497238 0.504790 0.503715
v 0.498376 0.503405 0.503291
v 0.498762 0.504040 0.505257
v 0.497759 0.505677 0.504316
v 0.498506 0.505225 0.505408
v 0.497981 0.503324 0.503195
v 0.499795 0.502629 0.504642
v 0.497940 0.502929 0.503667
v 0.501212 0.502990 0.504439
v 0.498033 0.501381 0.504349
v 0.500282 0.503284 0.503702
v 0.497595 0.501421 0.505099
v 0.501532 0.504350 0.505473
v 0.498190 0.502262 0.502125
v 0.499566 0.503692 0.503388
v 0.496175 0.503324 0.503717
v 0.498623 0.504161 0.504085
v 0.497714 0.501223 0.502433
v 0.500668 0.501489 0.504489
v 0.498720 0.500324 0.501903
v 0.499361 0.502481 0.506651
v 0.498555 0.502813 0.503739
v 0.498385 0.503626 0.504888
v 0.497734 0.502044 0.503620
v 0.500343 0.504497 0.503580
v 0.497501 0.500858 0.503334
v 0.497633 0.503448 0.504509
v 0.498520 0.503708 0.503861
v 0.499997 0.503259 0.504641
v 0.498646 0.500619 0.504544
v 0.500608 0.502035 0.504150
v 0.499075 0.502003 0.503848
v 0.498979 0.503395 0.504211
v 0.497862 0.504839 0.502227
v 0.497894 0.503254 0.503898
v 0.499076 0.501910 0.501310
v 0.498423 0.497646 0.502211
v 0.497691 0.497443 0.507035
v 0.502805 0.505581 0.510911
v 0.494561 0.507172 0.505484
v 0.502050 0.502206 0.506602
v 0.495521 0.502876 0.508297
v 0.501194 0.502811 0.509495
v 0.491051 0.504439 0.514045
v 0.494484 0.505305 0.510053
v 0.496913 0.505646 0.506389
v 0.499314 0.508375 0.505307
v 0.491224 0.505388 0.508827
v 0.502333 0.501642 0.506657
v 0.499952 0.508432 0.506501
v 0.507797 0.500933 0.508747
v 0.496792 0.493091 0.507473
v 0.504102 0.505676 0.513230
v 0.497004 0.498462 0.507965
v 0.499525 0.511103 0.504139
v 0.496639 0.507902 0.503780
v 0.499501 0.501881 0.504248
v 0.489017 0.501118 0.508280
v 0.503609 0.501972 0.509038
v 0.494960 0.506670 0.504328
v 0.501113 0.500527 0.512772
v 0.495616 0.502177 0.504424
v 0.497549 0.503308 0.508601
v 0.498149 0.502893 0.508281
v 0.506392 0.505436 0.504627
v 0.496843 0.501448 0.505985
v 0.496788 0.500138 0.506970
v 0.489971 0.501598 0.507245
v 0.502765 0.510911 0.513253
v 0.496801 0.501042 0.505995
v 0.504050 0.499738 0.512355
v 0.495738 0.497556 0.506100
v 0.500721 0.504550 0.511168
v 0.497686 0.496123 0.507000
v 0.502332 0.510459 0.509578
v 0.500356 0.498017 0.504617
v 0.499983 0.497503 0.508872
v 0.497604 0.504158 0.506835
v 0.499675 0.503157 0.506307
v 0.501588 0.500777 0.504812
v 0.498376 0.506398 0.509703
v 0.490281 0.499876 0.506584
v 0.504834 0.502667 0.507759
v 0.501855 0.494705 0.506255
v 0.502185 0.501308 0.512005
v 0.498655 0.502371 0.510264
v 0.503320 0.496462 0.508842
v 0.499846 0.498084 0.509895
v 0.500725 0.501602 0.508179
v 0.499121 0.499997 0.505732
v 0.503172 0.502499 0.510534
v 0.495449 0.503410 0.506359
v 0.504395 0.505322 0.509574
v 0.494962 0.500269 0.505761
v 0.502403 0.499729 0.509881
v 0.499183 0.506889 0.506512
v 0.499581 0.499187 0.508799
v 0.493136 0.503943 0.506921
v 0.503424 0.508467 0.506104
v 0.500805 0.500720 0.501610
v 0.499470 0.505681 0.515416
v 0.500133 0.500674 0.510268
v 0.499633 0.497254 0.514315
v 0.496416 0.502174 0.512224
v 0.499649 0.500665 0.505601
v 0.496829 0.500251 0.512973
v 0.499783 0.502977 0.505754
v 0.498559 0.500836 0.506370
v 0.504078 0.497792 0.510843
v 0.494068 0.499771 0.505877
v 0.498286 0.503253 0.509740
v 0.497479 0.504685 0.511052
v 0.499833 0.506340 0.508311
v 0.489818 0.506654 0.510506
v 0.499814 0.501451 0.510617
v 0.494776 0.496713 0.505021
v 0.501016 0.508062 0.509804
v 0.495785 0.499522 0.509176
v 0.499063 0.509579 0.508288
v 0.497406 0.503790 0.508830
v 0.495721 0.512290 0.507041
v 0.500867 0.501564 0.507093
v 0.501818 0.509346 0.511560
v 0.493333 0.509044 0.509009
v 0.500272 0.507952 0.513055
v 0.491491 0.499141 0.507969
v 0.499577 0.509498 0.515097
v 0.497263 0.506410 0.507639
v 0.501762 0.506766 0.514377
v 0.493971 0.500759 0.508572
v 0.502973 0.508839 0.507060
v 0.494771 0.500742 0.512072
v 0.502780 0.510834 0.512660
v 0.494962 0.502915 0.504175
v 0.501659 0.502277 0.507237
v 0.490609 0.507983 0.505219
v 0.500864 0.508111 0.510536
v 0.493830 0.498384 0.507294
v 0.503641 0.501809 0.510636
v 0.498643 0.502150 0.501342
v 0.501132 0.503630 0.513951
v 0.500400 0.500675 0.507394
v 0.498595 0.508110 0.509383
v 0.494628 0.504906 0.506620
v 0.502748 0.507458 0.506329
v 0.493845 0.500866 0.507308
v 0.494929 0.506314 0.511175
v 0.494103 0.504628 0.508188
v 0.501803 0.511179 0.514462
v 0.496258 0.499160 0.508546
v 0.502568 0.504227 0.508183
v 0.498691 0.502867 0.508759
v 0.498262 0.503316 0.510241
v 0.493558 0.509742 0.505777
v 0.495941 0.506073 0.510019
v 0.498123 0.500663 0.502597
v 0.500296 0.498660 0.506232
v 0.495924 0.500969 0.503249
v 0.502197 0.504228 0.505487
v 0.498850 0.498550 0.505516
v 0.500180 0.503282 0.506243
v 0.500781 0.499257 0.503705
v 0.501397 0.499075 0.510166
v 0.497948 0.499451 0.505881
v 0.501481 0.500951 0.504704
v 0.495517 0.500520 0.509179
v 0.501935 0.501245 0.506255
v 0.501380 0.501512 0.506153
v 0.502431 0.497398 0.506108
v 0.496883 0.498417 0.503143
v 0.498260 0.499966 0.505615
v 0.500090 0.502059 0.504779
v 0.498919 0.502320 0.506432
v 0.494901 0.502927 0.504966
v 0.501340 0.503236 0.505606
v 0.496276 0.495565 0.502762
v 0.500656 0.506215 0.508076
v 0.499454 0.499276 0.506719
v 0.502131 0.503720 0.504350
v 0.499770 0.499520 0.503547
v 0.501536 0.504235 0.506520
v 0.500554 0.498667 0.504010
v 0.502532 0.504192 0.508180
v 0.497080 0.500809 0.505600
v 0.500684 0.500718 0.507490
v 0.494809 0.498630 0.507570
v 0.498540 0.505402 0.510289
v 0.498455 0.504023 0.505609
v 0.500291 0.502734 0.509558
v 0.496578 0.500929 0.507919
v 0.500918 0.504448 0.505219
v 0.497837 0.501589 0.506805
v 0.500605 0.503765 0.507601
v 0.496675 0.501674 0.503761
v 0.499902 0.499218 0.506498
v 0.495409 0.503465 0.504416
v 0.502282 0.503198 0.509090
v 0.496737 0.498221 0.507095
v 0.500620 0.502923 0.506262
v 0.497605 0.502080 0.503734
v 0.503809 0.500232 0.507297
v 0.499229 0.497873 0.507033
v 0.499449 0.502031 0.505718
v 0.497902 0.502241 0.506962
v 0.500318 0.503104 0.504864
v 0.495908 0.500300 0.508310
v 0.497737 0.503611 0.506265
v 0.497032 0.499797 0.505509
v 0.499809 0.505806 0.511217
v 0.498079 0.499480 0.507023
v 0.501299 0.504560 0.506156
v 0.499163 0.501728 0.506937
v 0.498615 0.500878 0.507238
v 0.497987 0.502365 0.507397
v 0.498522 0.504109 0.507234
v 0.498812 0.500501 0.503899
v 0.499355 0.499130 0.506793
v 0.495327 0.500542 0.505379
v 0.500611 0.505373 0.505229
v 0.497377 0.499840 0.509416
v 0.502029 0.502634 0.506153
v 0.499132 0.500663 0.502020
v 0.500953 0.501831 0.510221
v 0.495828 0.500914 0.501001
v 0.502660 0.502932 0.508723
v 0.493951 0.503253 0.509137
v 0.504155 0.501834 0.510051
v 0.501796 0.500994 0.507757
v 0.500696 0.499539 0.506209
v 0.493710 0.498861 0.505066
v 0.500518 0.498736 0.506810
v 0.500258 0.503777 0.504154
v 0.499085 0.503647 0.505553
v 0.493846 0.503473 0.502124
v 0.501349 0.504604 0.505799
v 0.493950 0.495339 0.503129
v 0.501184 0.509411 0.509512
v 0.502315 0.501883 0.506887
v 0.502382 0.503697 0.505742
v 0.496765 0.499037 0.504387
v 0.502980 0.502551 0.508072
v 0.499855 0.498561 0.505426
v 0.502935 0.506739 0.507464
v 0.498243 0.497370 0.507091
v 0.498577 0.499254 0.506834
v 0.496334 0.500546 0.508290
v 0.499886 0.507678 0.511509
v 0.496197 0.504269 0.505735
v 0.498148 0.502044 0.510783
v 0.496457 0.501734 0.509587
v 0.500928 0.503895 0.507173
v 0.497088 0.504126 0.505693
v 0.501385 0.502885 0.506395
v 0.496177 0.501558 0.505415
v 0.498069 0.499551 0.507130
v 0.494035 0.505714 0.504451
v 0.504104 0.502513 0.508796
v 0.494906 0.498983 0.510032
v 0.498193 0.506346 0.506027
v 0.495912 0.503745 0.506524
v 0.506359 0.499481 0.506530
v 0.498288 0.495509 0.509762
v 0.501345 0.499737 0.505145
v 0.498078 0.503952 0.505458
v 0.502658 0.504886 0.508236
v 0.496707 0.498755 0.509363
v 0.500332 0.502893 0.508105
v 0.496975 0.496659 0.506610
v 0.499129 0.505766 0.513648
v 0.495925 0.499812 0.508319
v 0.501680 0.507461 0.507012
v 0.498632 0.502644 0.508292
v 0.498947 0.501387 0.506791
v 0.499940 0.498425 0.508662
v 0.501266 0.506003 0.507123
v 0.500344 0.501764 0.504564
v 0.496222 0.499657 0.499051
v 0.498661 0.505332 0.504147
v 0.499519 0.500069 0.510399
v 0.493860 0.507209 0.509226
v 0.502975 0.504251 0.511604
v 0.497627 0.503297 0.509050
v 0.500830 0.504715 0.505860
v 0.494019 0.503460 0.502476
v 0.496778 0.501737 0.509845
v 0.495633 0.505889 0.498471
v 0.496206 0.507875 0.508655
v 0.494718 0.500622 0.504546
v 0.498673 0.505981 0.507975
v 0.497037 0.509248 0.508056
v 0.504104 0.505625 0.509608
v 0.498950 0.493038 0.508810
v 0.503429 0.503371 0.513101
v 0.495072 0.498565 0.507896
v 0.501340 0.512899 0.511384
v 0.492726 0.506006 0.507353
v 0.498767 0.508297 0.510428
v 0.488476 0.495364 0.508637
v 0.505438 0.504024 0.510384
v 0.495113 0.500938 0.508223
v 0.503541 0.500547 0.508864
v 0.496454 0.500731 0.508902
v 0.500725 0.508278 0.507926
v 0.495035 0.507437 0.507880
v 0.504193 0.503778 0.507392
v 0.498462 0.495265 0.505467
v 0.498516 0.499149 0.509261
v 0.490456 0.497449 0.507804
v 0.500591 0.513264 0.513109
v 0.497750 0.496818 0.504883
v 0.503293 0.501150 0.513933
v 0.494474 0.499772 0.508179
v 0.504524 0.504134 0.511195
v 0.494583 0.500189 0.510458
v 0.503943 0.508483 0.512902
v 0.497652 0.504913 0.502522
v 0.502839 0.503761 0.509174
v 0.498888 0.502064 0.507888
v 0.497772 0.505836 0.506010
v 0.499561 0.500919 0.505764
v 0.502503 0.509697 0.511835
v 0.497429 0.494949 0.507693
v 0.507745 0.501536 0.507527
v 0.498505 0.495414 0.506391
v 0.501662 0.497436 0.510605
v 0.498523 0.498160 0.513889
v 0.499144 0.496505 0.508382
v 0.498536 0.497793 0.508061
v 0.501641 0.505292 0.506253
v 0.497304 0.500858 0.503988
v 0.504090 0.503255 0.509351
v 0.495730 0.501164 0.507219
v 0.504823 0.503445 0.511035
v 0.494220 0.499998 0.502265
v 0.503399 0.502279 0.507861
v 0.501182 0.506761 0.506379
v 0.497850 0.501330 0.502757
v 0.496389 0.504012 0.502707
v 0.497809 0.504420 0.503147
v 0.496627 0.503224 0.505124
v 0.500764 0.502953 0.504823
v 0.498305 0.503151 0.502501
v 0.499675 0.502803 0.505338
v 0.496387 0.502198 0.501058
v 0.502261 0.503394 0.507608
v 0.496262 0.503590 0.504345
v 0.501084 0.501071 0.506396
v 0.498527 0.500183 0.504964
v 0.499357 0.501933 0.505427
v 0.494957 0.503124 0.506305
v 0.501484 0.502328 0.505119
v 0.500206 0.502648 0.503623
v 0.501864 0.503590 0.504991
v 0.494442 0.501181 0.501943
v 0.501072 0.506054 0.505780
v 0.495138 0.501506 0.502899
v 0.501427 0.508368 0.507388
v 0.498892 0.503173 0.503560
v 0.502190 0.502942 0.505690
v 0.496879 0.499943 0.505213
v 0.502167 0.501772 0.504896
v 0.499090 0.502865 0.503592
v 0.500894 0.504727 0.504929
v 0.499311 0.498280 0.504305
v 0.500133 0.500678 0.504040
v 0.498786 0.503692 0.504326
v 0.499872 0.505072 0.507331
v 0.495215 0.504795 0.503336
v 0.498330 0.503699 0.509110
v 0.498181 0.500864 0.505325
v 0.499650 0.502991 0.506255
v 0.498215 0.502232 0.503681
v 0.502100 0.502086 0.504201
v 0.496315 0.500929 0.507364
v 0.500005 0.501524 0.504876
v 0.496588 0.505201 0.502195
v 0.503498 0.501449 0.505254
v 0.496325 0.501646 0.507305
v 0.497475 0.507364 0.505585
v 0.498930 0.503769 0.503688
v 0.504533 0.505987 0.504026
v 0.498314 0.498519 0.505868
v 0.504033 0.501798 0.504604
v 0.498546 0.501956 0.503246
v 0.501884 0.502549 0.506878
v 0.498943 0.501221 0.505903
v 0.501221 0.501979 0.507199
v 0.496919 0.497445 0.504586
v 0.500384 0.502872 0.508032
v 0.494903 0.500938 0.503867
v 0.502137 0.503813 0.506818
v 0.497939 0.501813 0.505593
v 0.500136 0.502944 0.504605
v 0.498868 0.500899 0.503873
v 0.502379 0.503261 0.504068
v 0.501231 0.503458 0.502839
v 0.501824 0.494005 0.516900
v 0.487905 0.500058 0.505671
v 0.508644 0.510745 0.514438
v 0.496137 0.492096 0.514392
v 0.502880 0.510013 0.516093
v 0.503276 0.494798 0.506207
v 0.506109 0.495886 0.529488
v 0.494071 0.495562 0.513162
v 0.505454 0.500540 0.511282
v 0.485780 0.500459 0.524399
v 0.509592 0.503367 0.517190
v 0.505986 0.502262 0.516183
v 0.508439 0.490780 0.515186
v 0.490074 0.492675 0.505540
v 0.496449 0.497762 0.515657
v 0.501074 0.503808 0.510651
v 0.496805 0.506510 0.516473
v 0.483511 0.507341 0.510599
v 0.505543 0.510146 0.512312
v 0.488197 0.483088 0.504101
v 0.503919 0.518453 0.521680
v 0.500169 0.496448 0.517268
v 0.508391 0.508751 0.510202
v 0.498824 0.496306 0.505363
v 0.506981 0.511476 0.516295
v 0.502159 0.492126 0.508224
v 0.510363 0.511925 0.520683
v 0.492063 0.497951 0.513499
v 0.503061 0.498706 0.520075
v 0.485114 0.493422 0.519748
v 0.496459 0.517216 0.529715
v 0.495052 0.510904 0.513925
v 0.501967 0.507154 0.526144
v 0.489672 0.501965 0.520148
v 0.505158 0.513358 0.512790
v 0.494008 0.504086 0.516419
v 0.502208 0.510724 0.518625
v 0.489229 0.503118 0.507400
v 0.499476 0.495055 0.516340
v 0.485125 0.508626 0.509512
v 0.509425 0.508437 0.524858
v 0.490014 0.491263 0.519346
v 0.503487 0.508070 0.516234
v 0.492260 0.503894 0.507774
v 0.514679 0.498268 0.518243
v 0.496976 0.491345 0.518533
v 0.500436 0.504130 0.513736
v 0.493781 0.505010 0.517000
v 0.503007 0.509083 0.511894
v 0.488293 0.498210 0.522469
v 0.495139 0.509777 0.516239
v 0.492240 0.494735 0.512615
v 0.500763 0.516243 0.532243
v 0.494448 0.495269 0.519059
v 0.504614 0.514405 0.515428
v 0.497717 0.504680 0.517034
v 0.497107 0.501515 0.518459
v 0.495528 0.504306 0.518141
v 0.498098 0.513095 0.518711
v 0.496250 0.500111 0.510093
v 0.501599 0.495920 0.512871
v 0.491268 0.500787 0.505048
v 0.506548 0.509257 0.511693
v 0.498447 0.495989 0.508535
v 0.501289 0.508045 0.514758
v 0.502759 0.496181 0.507606
v 0.504247 0.496256 0.522865
v 0.495730 0.498458 0.513493
v 0.503259 0.500550 0.507883
v 0.490483 0.499584 0.520129
v 0.504581 0.502999 0.511869
v 0.502795 0.501771 0.511216
v 0.507140 0.493595 0.513303
v 0.492770 0.494811 0.505065
v 0.495762 0.500477 0.511736
v 0.500338 0.503647 0.510374
v 0.498096 0.505068 0.513779
v 0.486878 0.505684 0.510906
v 0.503491 0.506077 0.511481
v 0.491921 0.488215 0.503101
v 0.502831 0.514301 0.516730
v 0.498259 0.496518 0.513582
v 0.505589 0.508067 0.509039
v 0.500152 0.497744 0.507069
v 0.503704 0.510574 0.512477
v 0.501487 0.496085 0.506857
v 0.507093 0.510057 0.517124
v 0.492992 0.501512 0.509867
v 0.502525 0.501063 0.515822
v 0.486879 0.495242 0.514463
v 0.497832 0.512945 0.523872
v 0.497281 0.508532 0.510884
v 0.501968 0.507303 0.520643
v 0.491760 0.499906 0.515632
v 0.503423 0.510633 0.510159
v 0.494819 0.501380 0.514039
v 0.501670 0.509753 0.516496
v 0.491416 0.503230 0.506236
v 0.501255 0.497624 0.512374
v 0.489420 0.507068 0.507883
v 0.505906 0.507695 0.519420
v 0.492241 0.494450 0.514443
v 0.503583 0.505421 0.513418
v 0.494744 0.503502 0.504935
v 0.508978 0.499720 0.515267
v 0.498592 0.494746 0.514253
v 0.499294 0.505472 0.511331
v 0.494959 0.503582 0.513717
v 0.501772 0.506535 0.508196
v 0.489669 0.499504 0.517022
v 0.494388 0.508192 0.512903
v 0.492529 0.498645 0.510473
v 0.500716 0.514004 0.524348
v 0.495325 0.497440 0.514253
v 0.503058 0.510053 0.512299
v 0.498683 0.502785 0.513497
v 0.498098 0.501621 0.515171
v 0.494713 0.505854 0.514201
v 0.497005 0.509746 0.514570
v 0.497444 0.500107 0.506515
v 0.500900 0.497554 0.508924
v 0.494093 0.500933 0.504032
v 0.504020 0.506409 0.508018
v 0.498824 0.497666 0.506522
v 0.500614 0.505236 0.509977
v 0.501590 0.498071 0.505488
v 0.502542 0.497866 0.515393
v 0.497091 0.499128 0.509266
v 0.502177 0.500729 0.505915
v 0.493519 0.500135 0.513758
v 0.502827 0.502070 0.508422
v 0.501840 0.501672 0.508108
v 0.504461 0.495866 0.509192
v 0.495194 0.496949 0.503961
v 0.497060 0.500365 0.508102
v 0.500165 0.502729 0.507249
v 0.498640 0.503483 0.509488
v 0.491533 0.504135 0.507614
v 0.502185 0.504242 0.508139
v 0.494579 0.492542 0.502962
v 0.501543 0.509559 0.511632
v 0.498786 0.498046 0.509534
v 0.503530 0.505570 0.506316
v 0.499988 0.498774 0.505185
v 0.502337 0.506947 0.508972
v 0.500891 0.497738 0.505168
v 0.504435 0.506636 0.511949
v 0.495340 0.501276 0.507249
v 0.501434 0.501016 0.510940
v 0.491427 0.497225 0.510261
v 0.498264 0.508516 0.515985
v 0.498092 0.505901 0.507768
v 0.501060 0.504778 0.514149
v 0.494572 0.500381 0.511075
v 0.501932 0.507043 0.507266
v 0.496545 0.501373 0.509879
v 0.500990 0.506306 0.511368
v 0.494439 0.502405 0.504691
v 0.500617 0.498656 0.508807
v 0.492998 0.504898 0.505840
v 0.503733 0.505046 0.513439
v 0.494878 0.496702 0.510128
v 0.501949 0.503892 0.509277
v 0.496526 0.502667 0.504129
v 0.505782 0.500101 0.510658
v 0.499005 0.496634 0.510064
v 0.499344 0.503564 0.508070
v 0.496687 0.502737 0.509797
v 0.500897 0.504430 0.506122
v 0.493242 0.500076 0.511891
v 0.496192 0.505632 0.508924
v 0.495027 0.499480 0.507577
v 0.500160 0.509227 0.516564
v 0.496928 0.498688 0.509966
v 0.502002 0.506780 0.508718
v 0.499025 0.502083 0.509631
v 0.498420 0.501196 0.510552
v 0.496432 0.504075 0.510180
v 0.497761 0.506400 0.510236
v 0.498231 0.500348 0.504881
v 0.500280 0.498108 0.507640
v 0.494610 0.500564 0.503957
v 0.502859 0.505139 0.506493
v 0.498228 0.497004 0.507852
v 0.500916 0.503507 0.506981
v 0.500895 0.498930 0.502908
v 0.502070 0.499154 0.512448
v 0.497359 0.498584 0.505295
v 0.502303 0.500990 0.506251
v 0.493823 0.501043 0.510897
v 0.503719 0.501406 0.508451
v 0.502371 0.501723 0.508166
v 0.502808 0.496773 0.506920
v 0.495694 0.497663 0.503595
v 0.498928 0.499184 0.507063
v 0.500549 0.502236 0.505084
v 0.498344 0.502915 0.507261
v 0.493414 0.503678 0.504642
v 0.501953 0.504885 0.505828
v 0.494575 0.493876 0.503115
v 0.501388 0.507821 0.509898
v 0.500338 0.499386 0.508030
v 0.503097 0.503550 0.505057
v 0.498990 0.498989 0.503437
v 0.502528 0.504536 0.507835
v 0.500807 0.497513 0.504592
v 0.503725 0.505242 0.509238
v 0.496973 0.499303 0.507056
v 0.500487 0.499574 0.509045
v 0.494447 0.497926 0.509531
v 0.498198 0.507046 0.512636
v 0.497603 0.504716 0.506576
v 0.500007 0.502570 0.511649
v 0.496090 0.501694 0.509629
v 0.501508 0.505566 0.506363
v 0.497321 0.502890 0.507421
v 0.501046 0.504117 0.508340
v 0.496045 0.501608 0.504500
v 0.499323 0.498584 0.507941
v 0.493724 0.504059 0.505213
v 0.503625 0.503416 0.510725
v 0.495661 0.496877 0.509125
v 0.500429 0.503979 0.507176
v 0.496540 0.502422 0.505175
v 0.506028 0.499414 0.508510
v 0.498660 0.496175 0.508852
v 0.499930 0.501409 0.506231
v 0.497353 0.503156 0.507821
v 0.501105 0.504083 0.506450
v 0.495570 0.499418 0.510166
v 0.498460 0.504003 0.507561
v 0.496769 0.498368 0.506248
v 0.499855 0.506665 0.514035
v 0.497469 0.498603 0.508912
v 0.501821 0.506390 0.507108
v 0.498703 0.502667 0.508156
v 0.498276 0.500853 0.508531
v 0.498553 0.501348 0.509034
v 0.499161 0.505401 0.508836
v 0.498534 0.500563 0.505359
v 0.499270 0.500562 0.502478
v 0.498539 0.501504 0.502689
v 0.499266 0.502317 0.502295
v 0.499065 0.501055 0.503703
v 0.499767 0.501050 0.502922
v 0.499271 0.501406 0.502203
v 0.499551 0.500998 0.503515
v 0.498670 0.500970 0.501869
v 0.500622 0.501522 0.503733
v 0.498377 0.501686 0.503535
v 0.500380 0.500889 0.503633
v 0.499818 0.500998 0.503377
v 0.499364 0.500570 0.503242
v 0.498245 0.500800 0.503437
v 0.499923 0.500861 0.502809
v 0.499955 0.501911 0.502478
v 0.499683 0.501515 0.502882
v 0.498203 0.501805 0.501903
v 0.500068 0.501727 0.502993
v 0.498154 0.500523 0.502117
v 0.500103 0.502944 0.503846
v 0.500288 0.501631 0.503247
v 0.500268 0.501777 0.502750
v 0.498985 0.500716 0.503119
v 0.500174 0.501059 0.503062
v 0.499728 0.501354 0.502803
v 0.499973 0.501921 0.503219
v 0.499705 0.499834 0.503248
v 0.499444 0.500498 0.502864
v 0.498812 0.501288 0.503391
v 0.499470 0.502070 0.503831
v 0.498396 0.502204 0.502561
v 0.498883 0.501095 0.504338
v 0.499298 0.500822 0.504005
v 0.499708 0.501333 0.503099
v 0.499192 0.501912 0.502935
v 0.500135 0.501152 0.502712
v 0.498915 0.501081 0.503685
v 0.499240 0.500345 0.503031
v 0.498623 0.502460 0.502550
v 0.500884 0.500964 0.503097
v 0.498403 0.501006 0.504008
v 0.498865 0.502417 0.502722
v 0.499269 0.502339 0.502946
v 0.501028 0.501700 0.502828
v 0.499491 0.499793 0.503573
v 0.500356 0.500646 0.502461
v 0.499218 0.501879 0.502875
v 0.500126 0.501347 0.503428
v 0.499326 0.500713 0.503725
v 0.499953 0.501047 0.503457
v 0.498976 0.500211 0.503097
v 0.499623 0.501542 0.504412
v 0.498384 0.501048 0.503092
v 0.500074 0.501817 0.503434
v 0.499481 0.501352 0.503716
v 0.499575 0.501070 0.503089
v 0.499689 0.500571 0.503365
v 0.500001 0.501693 0.502953
v 0.500218 0.501330 0.502121
v 0.499156 0.500216 0.505450
v 0.495147 0.503698 0.505553
v 0.502108 0.506424 0.503937
v 0.500199 0.501444 0.501291
v 0.498850 0.503176 0.510311
v 0.498752 0.502536 0.507955
v 0.498751 0.498389 0.508512
v 0.497522 0.502242 0.508130
v 0.499227 0.501194 0.504537
v 0.498884 0.500261 0.507696
v 0.499523 0.502150 0.503855
v 0.498209 0.500864 0.504341
v 0.502214 0.499375 0.507468
v 0.496102 0.500186 0.505289
v 0.499792 0.503694 0.507098
v 0.497234 0.503348 0.507799
v 0.500114 0.504946 0.505333
v 0.494072 0.504677 0.507646
v 0.499378 0.500674 0.507737
v 0.497107 0.499135 0.505245
v 0.499825 0.504591 0.506244
v 0.496723 0.501135 0.506010
v 0.497966 0.507260 0.506082
v 0.497448 0.504772 0.506799
v 0.496151 0.508342 0.505053
v 0.499779 0.502797 0.504888
v 0.499392 0.506803 0.507805
v 0.495881 0.507471 0.506504
v 0.499112 0.506766 0.509282
v 0.495209 0.501131 0.505405
v 0.499773 0.506172 0.509117
v 0.497194 0.504363 0.505295
v 0.500908 0.504376 0.508840
v 0.496122 0.501072 0.506233
v 0.501466 0.505566 0.505335
v 0.496323 0.500963 0.508536
v 0.502050 0.507681 0.508552
v 0.497048 0.502475 0.502702
v 0.500628 0.502954 0.504856
v 0.493667 0.505164 0.504438
v 0.499106 0.505707 0.507046
v 0.495706 0.500500 0.504493
v 0.502226 0.501742 0.507424
v 0.499274 0.501091 0.501231
v 0.499710 0.502968 0.509906
v 0.499948 0.502076 0.505206
v 0.498438 0.505868 0.507000
v 0.496505 0.503402 0.504216
v 0.501599 0.506033 0.504910
v 0.495962 0.500815 0.504409
v 0.496510 0.504514 0.507730
v 0.496706 0.503755 0.506063
v 0.500540 0.506321 0.508870
v 0.497782 0.499520 0.506077
v 0.501270 0.502605 0.505513
v 0.499244 0.502604 0.505883
v 0.498091 0.503130 0.506808
v 0.495546 0.507868 0.503302
v 0.496883 0.503897 0.506824
v 0.498807 0.501305 0.501765
v 0.500432 0.497698 0.508588
v 0.493911 0.500500 0.504121
v 0.503456 0.505720 0.507249
v 0.498016 0.496438 0.508585
v 0.501121 0.504110 0.507858
v 0.501139 0.498521 0.503150
v 0.502483 0.498834 0.514150
v 0.497046 0.498257 0.505978
v 0.502648 0.500952 0.506773
v 0.492968 0.501026 0.512265
v 0.504331 0.501582 0.509388
v 0.502752 0.501787 0.509048
v 0.503346 0.496186 0.507728
v 0.495105 0.497178 0.503785
v 0.498707 0.499023 0.507936
v 0.500619 0.502396 0.505628
v 0.498148 0.503280 0.508164
v 0.492412 0.504064 0.505189
v 0.502344 0.505471 0.506430
v 0.493876 0.492770 0.503253
v 0.501656 0.508869 0.511086
v 0.500358 0.499137 0.508949
v 0.503680 0.504019 0.505547
v 0.498929 0.498727 0.503592
v 0.502996 0.505188 0.508693
v 0.500903 0.496946 0.504953
v 0.504400 0.505891 0.510373
v 0.496463 0.499126 0.507705
v 0.500700 0.499416 0.510167
v 0.493532 0.497479 0.510605
v 0.497988 0.508128 0.514338
v 0.497302 0.505346 0.507330
v 0.500164 0.502990 0.513120
v 0.495472 0.501761 0.510713
v 0.501891 0.506359 0.506999
v 0.497005 0.503067 0.508287
v 0.501182 0.504745 0.509330
v 0.495402 0.501762 0.504803
v 0.499312 0.498232 0.508827
v 0.492841 0.504485 0.505657
v 0.504251 0.503925 0.512155
v 0.495080 0.496267 0.510176
v 0.500699 0.504421 0.508072
v 0.496099 0.502583 0.505476
v 0.506969 0.499276 0.509534
v 0.498486 0.495656 0.509821
v 0.500015 0.501627 0.506989
v 0.497008 0.503338 0.508708
v 0.501340 0.504632 0.507043
v 0.494885 0.499253 0.511434
v 0.498172 0.504559 0.508430
v 0.496306 0.497919 0.506913
v 0.499920 0.507628 0.515892
v 0.497168 0.498256 0.509968
v 0.502125 0.507242 0.507925
v 0.498594 0.502924 0.509048
v 0.498113 0.500902 0.509513
v 0.498302 0.501590 0.509974
v 0.499104 0.506157 0.509862
v 0.498302 0.500517 0.505900
v 0.496707 0.499983 0.499296
v 0.498705 0.505278 0.503578
v 0.498883 0.500160 0.508499
v 0.495249 0.506114 0.507351
v 0.502395 0.503931 0.509629
v 0.498280 0.502942 0.507162
v 0.500478 0.504319 0.504839
v 0.495259 0.503097 0.501988
v 0.497521 0.501230 0.508307
v 0.496269 0.505004 0.499074
v 0.497149 0.506300 0.507424
v 0.495689 0.500648 0.503817
v 0.498788 0.504816 0.507015
v 0.497274 0.507788 0.507455
v 0.502821 0.505024 0.508103
v 0.499540 0.495557 0.507532
v 0.502784 0.502702 0.510698
v 0.495530 0.499329 0.506225
v 0.500978 0.510549 0.509390
v 0.494363 0.505682 0.506486
v 0.499195 0.507108 0.508840
v 0.491256 0.496448 0.506876
v 0.504471 0.503423 0.508417
v 0.495716 0.500441 0.506949
v 0.502923 0.500619 0.507253
v 0.497250 0.500875 0.507684
v 0.500345 0.507262 0.506530
v 0.496365 0.505929 0.507139
v 0.503078 0.502790 0.505713
v 0.499329 0.496375 0.504693
v 0.499077 0.499710 0.508169
v 0.492324 0.498353 0.506670
v 0.500170 0.510804 0.510700
v 0.498052 0.497390 0.504243
v 0.502610 0.501287 0.511524
v 0.495492 0.500334 0.507205
v 0.503899 0.503608 0.509001
v 0.495286 0.500747 0.509166
v 0.503286 0.506452 0.510373
v 0.498090 0.504825 0.502302
v 0.502556 0.503371 0.507559
v 0.499115 0.501859 0.507001
v 0.497763 0.505060 0.505399
v 0.499808 0.500798 0.505206
v 0.502547 0.508534 0.509836
v 0.497892 0.495988 0.506616
v 0.506589 0.501929 0.506623
v 0.498843 0.496064 0.505261
v 0.501431 0.497998 0.509135
v 0.498767 0.498694 0.511672
v 0.499248 0.497279 0.507224
v 0.498651 0.498412 0.506622
v 0.501782 0.504742 0.505670
v 0.497367 0.501094 0.503921
v 0.503214 0.502896 0.508113
v 0.496526 0.500863 0.506468
v 0.503577 0.503003 0.509229
v 0.495603 0.500269 0.502059
v 0.502827 0.502052 0.506749
v 0.501107 0.505405 0.505347
v 0.500074 0.497277 0.513164
v 0.490602 0.503528 0.508505
v 0.505266 0.511985 0.510240
v 0.501116 0.498802 0.503425
v 0.500440 0.509266 0.520836
v 0.502090 0.498137 0.513489
v 0.501345 0.495347 0.522256
v 0.495327 0.501895 0.517974
v 0.500391 0.499987 0.507542
v 0.493611 0.500245 0.519897
v 0.499854 0.503822 0.509165
v 0.499027 0.500776 0.509326
v 0.506666 0.495805 0.515069
v 0.491629 0.498473 0.506867
v 0.496840 0.503252 0.513389
v 0.497587 0.506172 0.515323
v 0.499085 0.507884 0.513086
v 0.484224 0.509150 0.514612
v 0.500534 0.503202 0.514476
v 0.492377 0.493523 0.505004
v 0.502954 0.512886 0.514637
v 0.494532 0.497808 0.514043
v 0.501099 0.512172 0.511408
v 0.497174 0.502790 0.511853
v 0.495904 0.516899 0.510254
v 0.501987 0.500122 0.509656
v 0.504685 0.512880 0.517520
v 0.489745 0.509810 0.512196
v 0.501680 0.508290 0.517643
v 0.486622 0.496757 0.512297
v 0.499020 0.513951 0.523980
v 0.496489 0.509610 0.510859
v 0.502987 0.510037 0.521574
v 0.491333 0.499794 0.512806
v 0.504595 0.512724 0.509275
v 0.492320 0.500620 0.516605
v 0.503481 0.514915 0.518323
v 0.491759 0.503769 0.506380
v 0.502734 0.500867 0.511174
v 0.487006 0.511324 0.507376
v 0.503398 0.511605 0.516418
v 0.491225 0.495460 0.511351
v 0.505659 0.502510 0.515240
v 0.497453 0.504062 0.501705
v 0.503955 0.504364 0.519230
v 0.500506 0.498583 0.511365
v 0.498421 0.510164 0.512627
v 0.492308 0.506276 0.510631
v 0.503559 0.509548 0.507830
v 0.489843 0.500516 0.512108
v 0.492898 0.509304 0.515806
v 0.490784 0.505151 0.511109
v 0.503112 0.517444 0.522471
v 0.494168 0.498547 0.512591
v 0.504594 0.507269 0.512106
v 0.498251 0.503123 0.512745
v 0.497920 0.504154 0.515327
v 0.490950 0.511621 0.510078
v 0.494852 0.509579 0.514350
v 0.497371 0.500201 0.503779
v 0.500407 0.498130 0.507410
v 0.494913 0.500753 0.503547
v 0.502894 0.504812 0.506429
v 0.498354 0.497460 0.507035
v 0.500621 0.503821 0.507006
v 0.501056 0.498766 0.503582
v 0.501967 0.498882 0.512195
v 0.497515 0.498736 0.506092
v 0.502051 0.500926 0.505690
v 0.494203 0.500637 0.510715
v 0.503209 0.501341 0.507758
v 0.502158 0.501579 0.507595
v 0.502875 0.496520 0.506918
v 0.496052 0.497738 0.503356
v 0.498357 0.499474 0.506795
v 0.500305 0.502239 0.505184
v 0.498541 0.502755 0.507388
v 0.493690 0.503497 0.505176
v 0.501872 0.504327 0.506090
v 0.495190 0.494093 0.503017
v 0.501093 0.507541 0.509554
v 0.499848 0.499139 0.507928
v 0.502920 0.504023 0.504966
v 0.499491 0.499202 0.503488
v 0.502257 0.504739 0.507623
v 0.500828 0.497689 0.504491
v 0.503422 0.504959 0.509337
v 0.496719 0.500073 0.506602
v 0.500808 0.500114 0.508907
v 0.494018 0.497984 0.509152
v 0.498201 0.506737 0.512278
v 0.497880 0.504756 0.506495
v 0.500346 0.502908 0.511283
v 0.495957 0.501308 0.509281
v 0.501500 0.505380 0.506063
v 0.497471 0.502204 0.507663
v 0.500794 0.504323 0.508562
v 0.495950 0.501766 0.504214
v 0.499574 0.498591 0.507690
v 0.494156 0.503983 0.504991
v 0.503206 0.503598 0.510677
v 0.495975 0.497308 0.508619
v 0.500785 0.503627 0.507247
v 0.496913 0.502287 0.504430
v 0.505339 0.499792 0.508476
v 0.498878 0.496885 0.508290
v 0.499670 0.501921 0.506417
v 0.497408 0.502655 0.507882
v 0.500758 0.503859 0.505855
v 0.495310 0.499908 0.509923
v 0.497837 0.504111 0.507377
v 0.496733 0.498897 0.506167
v 0.500013 0.506723 0.513635
v 0.497678 0.498865 0.508464
v 0.501704 0.505789 0.507058
v 0.498881 0.502299 0.507972
v 0.498333 0.500899 0.508441
v 0.498043 0.502172 0.508612
v 0.498699 0.505158 0.508549
v 0.498491 0.500515 0.504841
v 0.499524 0.498214 0.513009
v 0.489533 0.504953 0.509445
v 0.505461 0.512632 0.508842
v 0.501465 0.500318 0.501531
v 0.499945 0.508798 0.522808
v 0.500995 0.499863 0.514688
v 0.500197 0.495525 0.521859
v 0.494773 0.502792 0.518088
v 0.499809 0.500459 0.507503
v 0.494976 0.499720 0.519535
v 0.500173 0.504361 0.508267
v 0.498147 0.500621 0.508833
v 0.506702 0.496400 0.515900
v 0.490914 0.499076 0.507851
v 0.497469 0.504535 0.514393
v 0.496681 0.506662 0.516104
v 0.499746 0.509407 0.512285
v 0.484039 0.509677 0.515284
v 0.500073 0.502351 0.515488
v 0.492095 0.494115 0.506205
v 0.502232 0.512511 0.514240
v 0.493941 0.498454 0.513550
v 0.499271 0.514145 0.512078
v 0.496244 0.504883 0.512585
v 0.494028 0.518555 0.509973
v 0.501574 0.501165 0.510142
v 0.503542 0.514047 0.517148
v 0.489490 0.512624 0.512932
v 0.500962 0.511054 0.519083
v 0.486608 0.497746 0.511667
v 0.499559 0.514521 0.523242
v 0.495956 0.509423 0.510847
v 0.503156 0.510296 0.521666
v 0.490858 0.500506 0.512230
v 0.505246 0.513400 0.509709
v 0.492052 0.500565 0.517379
v 0.504440 0.516782 0.518624
v 0.491959 0.503916 0.505682
v 0.502843 0.502424 0.510475
v 0.485514 0.511943 0.507045
v 0.502140 0.512524 0.515577
v 0.490665 0.496421 0.510474
v 0.506070 0.502271 0.515809
v 0.497857 0.503064 0.501037
v 0.502633 0.505013 0.520702
v 0.500614 0.500332 0.510427
v 0.498160 0.511867 0.513441
v 0.491796 0.506721 0.509573
v 0.504641 0.510862 0.508570
v 0.490430 0.500820 0.510710
v 0.492454 0.509536 0.516361
v 0.490932 0.506146 0.511537
v 0.503328 0.517492 0.521921
v 0.494218 0.498241 0.512513
v 0.504175 0.506532 0.511905
v 0.498289 0.503755 0.512462
v 0.497896 0.504690 0.515123
v 0.490210 0.513858 0.508177
v 0.494310 0.509230 0.514488
v 0.497146 0.500461 0.503362
v 0.498294 0.500532 0.506717
v 0.493927 0.502707 0.504994
v 0.498333 0.507487 0.504024
v 0.495451 0.502729 0.509804
v 0.502983 0.503550 0.506953
v 0.497343 0.502863 0.501948
v 0.499846 0.503166 0.510412
v 0.493666 0.503027 0.499514
v 0.503911 0.505090 0.511516
v 0.492759 0.505619 0.509747
v 0.504321 0.502713 0.512197
v 0.500097 0.499830 0.508110
v 0.499614 0.501549 0.508406
v 0.490580 0.500477 0.507423
v 0.502116 0.500480 0.508193
v 0.499835 0.505363 0.504986
v 0.501543 0.505704 0.506037
v 0.492037 0.502710 0.501457
v 0.502273 0.507221 0.508019
v 0.491722 0.497753 0.503139
v 0.502132 0.512991 0.512653
v 0.502643 0.504522 0.507658
v 0.504171 0.505667 0.507616
v 0.494466 0.498676 0.506540
v 0.505098 0.502524 0.509045
v 0.499181 0.500997 0.505916
v 0.503351 0.508442 0.507981
v 0.498654 0.495537 0.507414
v 0.499009 0.499593 0.506887
v 0.496557 0.503332 0.508571
v 0.500408 0.509589 0.512824
v 0.493176 0.506470 0.505513
v 0.497502 0.502344 0.513662
v 0.496334 0.501258 0.510456
v 0.501054 0.503964 0.509677
v 0.496253 0.504669 0.505535
v 0.502552 0.503030 0.505966
v 0.494800 0.501230 0.509346
v 0.498109 0.499955 0.508054
v 0.492241 0.509464 0.503883
v 0.506698 0.502656 0.508460
v 0.492629 0.499678 0.512570
v 0.496709 0.509990 0.507797
v 0.495549 0.505909 0.506523
v 0.508715 0.503643 0.506023
v 0.497306 0.494789 0.511335
v 0.504271 0.500130 0.506630
v 0.497415 0.503925 0.505361
v 0.504582 0.506256 0.510200
v 0.496892 0.499454 0.510952
v 0.501367 0.504178 0.510185
v 0.495365 0.495606 0.507792
v 0.499312 0.505771 0.515406
v 0.492612 0.500580 0.508034
v 0.502498 0.507932 0.509470
v 0.498521 0.502369 0.509316
v 0.499908 0.503018 0.507229
v 0.499486 0.499287 0.507986
v 0.503567 0.506762 0.506002
v 0.501508 0.503512 0.504276
v 0.501916 0.495013 0.515159
v 0.489673 0.500793 0.505775
v 0.507942 0.510952 0.513831
v 0.498348 0.495209 0.509400
v 0.501637 0.509679 0.517720
v 0.503396 0.495060 0.509111
v 0.505120 0.495343 0.527060
v 0.494971 0.498284 0.516172
v 0.503767 0.500405 0.508952
v 0.488970 0.499316 0.523805
v 0.505254 0.503590 0.513696
v 0.503116 0.501832 0.512897
v 0.508623 0.492387 0.515727
v 0.491404 0.493644 0.505772
v 0.494997 0.500714 0.513732
v 0.500359 0.504239 0.512401
v 0.497808 0.505926 0.516241
v 0.484134 0.506683 0.513059
v 0.504033 0.506937 0.513480
v 0.490528 0.486056 0.503197
v 0.503636 0.516939 0.519559
v 0.497743 0.495540 0.515919
v 0.506573 0.509597 0.510702
v 0.500215 0.497265 0.508476
v 0.504179 0.512874 0.514428
v 0.501885 0.495343 0.507854
v 0.508507 0.512163 0.520038
v 0.491561 0.501997 0.511309
v 0.503142 0.501339 0.518561
v 0.484148 0.494096 0.516707
v 0.497625 0.515528 0.528402
v 0.496845 0.510112 0.512616
v 0.502534 0.508996 0.524322
v 0.490223 0.499476 0.518173
v 0.504301 0.512740 0.511799
v 0.493691 0.501279 0.516504
v 0.502063 0.511851 0.519479
v 0.489687 0.503805 0.507061
v 0.501739 0.497174 0.514387
v 0.487383 0.508414 0.509084
v 0.506993 0.509364 0.522720
v 0.490752 0.493226 0.516714
v 0.504595 0.506143 0.515880
v 0.493848 0.504044 0.505243
v 0.510560 0.499737 0.517969
v 0.498544 0.493700 0.516538
v 0.499121 0.506764 0.513154
v 0.493888 0.504226 0.515772
v 0.502282 0.507785 0.509232
v 0.487633 0.499224 0.519791
v 0.493292 0.509605 0.515248
v 0.491032 0.498506 0.512118
v 0.501164 0.516935 0.528650
v 0.494344 0.496913 0.516572
v 0.503692 0.511837 0.514342
v 0.498513 0.503192 0.515686
v 0.497901 0.502002 0.517796
v 0.493543 0.507113 0.516469
v 0.496513 0.511646 0.517038
v 0.497066 0.499931 0.507264
v 0.496887 0.499469 0.499480
v 0.498517 0.503032 0.503746
v 0.501546 0.500601 0.511199
v 0.493636 0.506763 0.510269
v 0.503710 0.504255 0.510864
v 0.496821 0.502774 0.510140
v 0.500725 0.503089 0.508236
v 0.493667 0.503077 0.506441
v 0.496148 0.503154 0.510423
v 0.496721 0.505919 0.500179
v 0.495954 0.508621 0.508276
v 0.493933 0.501688 0.505760
v 0.499880 0.505953 0.508119
v 0.497522 0.508900 0.507502
v 0.506171 0.503365 0.510758
v 0.497979 0.490537 0.507032
v 0.503426 0.504122 0.514116
v 0.496964 0.497438 0.509465
v 0.501425 0.511200 0.510179
v 0.492740 0.505878 0.505569
v 0.497591 0.505579 0.508694
v 0.486414 0.496066 0.510027
v 0.505296 0.502971 0.511262
v 0.495105 0.504264 0.507732
v 0.502419 0.499443 0.509822
v 0.495589 0.499902 0.507586
v 0.500908 0.506685 0.509261
v 0.495344 0.506058 0.506389
v 0.505132 0.503883 0.507765
v 0.496638 0.495480 0.505440
v 0.496820 0.498718 0.507683
v 0.489976 0.498505 0.508106
v 0.500906 0.513048 0.513831
v 0.497816 0.497949 0.505895
v 0.503360 0.500893 0.513883
v 0.495446 0.497872 0.508610
v 0.503325 0.503605 0.512065
v 0.495341 0.499910 0.509926
v 0.503326 0.509094 0.512907
v 0.498845 0.501067 0.502497
v 0.502136 0.501399 0.509014
v 0.498635 0.502208 0.507215
v 0.498841 0.505009 0.505524
v 0.499747 0.501194 0.504868
v 0.500640 0.507040 0.511887
v 0.495114 0.494182 0.507992
v 0.507245 0.500367 0.507614
v 0.499609 0.494649 0.506729
v 0.501293 0.497556 0.512061
v 0.499051 0.497607 0.512628
v 0.500950 0.497139 0.508764
v 0.499451 0.496960 0.510295
v 0.500787 0.504269 0.507004
v 0.499223 0.500721 0.503730
v 0.503880 0.503336 0.508211
v 0.496214 0.502891 0.506375
v 0.505780 0.503923 0.510685
v 0.493667 0.499489 0.503622
v 0.502855 0.500882 0.508839
v 0.500465 0.507217 0.507322
v 0.499078 0.499304 0.507818
v 0.494244 0.500798 0.506016
v 0.500277 0.506572 0.505595
v 0.496438 0.500592 0.511139
v 0.502774 0.503180 0.507005
v 0.498496 0.501233 0.501922
v 0.500958 0.502546 0.511629
v 0.494674 0.501640 0.500169
v 0.503594 0.503596 0.510567
v 0.492903 0.504210 0.510616
v 0.505135 0.502247 0.512016
v 0.501777 0.500674 0.508714
v 0.500596 0.499926 0.507352
v 0.491774 0.499093 0.505914
v 0.501112 0.498749 0.508115
v 0.500020 0.504560 0.504637
v 0.499521 0.504610 0.506160
v 0.492461 0.503917 0.501901
v 0.501839 0.505706 0.506881
v 0.492627 0.494924 0.503408
v 0.501327 0.511662 0.511465
v 0.503072 0.502729 0.507838
v 0.503018 0.504550 0.506849
v 0.495573 0.498632 0.505102
v 0.504133 0.502569 0.509557
v 0.499526 0.498600 0.506275
v 0.503623 0.508327 0.508452
v 0.497983 0.496507 0.507907
v 0.498369 0.498936 0.507649
v 0.495808 0.501269 0.509439
v 0.500211 0.509424 0.513395
v 0.495057 0.505331 0.506295
v 0.497579 0.502232 0.512788
v 0.495875 0.501708 0.510970
v 0.501295 0.504273 0.508757
v 0.496424 0.504901 0.506206
v 0.501751 0.503121 0.507087
v 0.495330 0.501466 0.506218
v 0.497639 0.499499 0.508123
v 0.492584 0.507503 0.504540
v 0.505571 0.502895 0.509866
v 0.493288 0.498939 0.512039
v 0.497818 0.508161 0.507125
v 0.495052 0.504827 0.507375
v 0.508020 0.499911 0.507121
v 0.497666 0.494509 0.511337
v 0.502189 0.499567 0.506016
v 0.497539 0.504437 0.505898
v 0.503844 0.506101 0.509899
v 0.496182 0.498166 0.511125
v 0.500552 0.503538 0.509465
v 0.496046 0.495731 0.507713
v 0.498937 0.506728 0.516074
v 0.494609 0.499810 0.509340
v 0.502111 0.508791 0.508329
v 0.498743 0.502818 0.509625
v 0.499060 0.501784 0.507428
v 0.500175 0.497859 0.509544
v 0.501948 0.507059 0.507815
v 0.500731 0.502277 0.505093
v 0.497198 0.494780 0.502533
v 0.495823 0.494025 0.512020
v 0.505996 0.511351 0.520710
v 0.488819 0.513627 0.508829
v 0.504465 0.504282 0.511667
v 0.491605 0.504535 0.514290
v 0.503051 0.505399 0.517308
v 0.482103 0.507983 0.525734
v 0.489630 0.510378 0.518972
v 0.494013 0.509876 0.510969
v 0.499021 0.516905 0.509338
v 0.481943 0.509646 0.516129
v 0.505457 0.502286 0.511932
v 0.500721 0.516040 0.511473
v 0.516878 0.501290 0.516104
v 0.493511 0.484971 0.512863
v 0.508757 0.511275 0.525598
v 0.494200 0.495197 0.514391
v 0.499350 0.521837 0.506694
v 0.493102 0.514663 0.505997
v 0.499077 0.503722 0.506451
v 0.477571 0.500969 0.514485
v 0.508374 0.503547 0.517019
v 0.489749 0.512372 0.506698
v 0.502654 0.500914 0.524016
v 0.491196 0.503705 0.506387
v 0.495748 0.505892 0.515800
v 0.496809 0.504848 0.514938
v 0.513562 0.510913 0.507489
v 0.494153 0.501675 0.510241
v 0.494341 0.499596 0.512377
v 0.479851 0.502120 0.512767
v 0.506201 0.521962 0.524970
v 0.493523 0.500875 0.510411
v 0.508915 0.499075 0.523107
v 0.492167 0.493144 0.510373
v 0.502482 0.508946 0.520941
v 0.495508 0.491058 0.512146
v 0.505206 0.520848 0.518064
v 0.500761 0.494975 0.507370
v 0.500578 0.494489 0.516208
v 0.495257 0.507224 0.512010
v 0.499942 0.505667 0.511008
v 0.503667 0.500865 0.507924
v 0.497226 0.512357 0.518174
v 0.480749 0.498503 0.511019
v 0.510993 0.504612 0.513916
v 0.504257 0.488280 0.510842
v 0.504970 0.501865 0.522538
v 0.497538 0.503894 0.518702
v 0.507537 0.492541 0.516724
v 0.499976 0.495156 0.518196
v 0.502155 0.502397 0.514999
v 0.498285 0.498609 0.509582
v 0.507415 0.504716 0.519681
v 0.491138 0.506377 0.510904
v 0.509795 0.510530 0.517662
v 0.489990 0.499362 0.509745
v 0.505621 0.498989 0.518546
v 0.498184 0.513328 0.512294
v 0.498470 0.501080 0.503209
v 0.496587 0.502916 0.503028
v 0.498375 0.504260 0.502740
v 0.497115 0.502476 0.505204
v 0.500914 0.502429 0.504460
v 0.498582 0.502636 0.502311
v 0.499554 0.502229 0.505337
v 0.496580 0.502131 0.501011
v 0.502043 0.503365 0.506948
v 0.496317 0.503490 0.504821
v 0.501296 0.501401 0.506562
v 0.499221 0.500108 0.504884
v 0.499302 0.501411 0.505200
v 0.495141 0.501731 0.505647
v 0.501041 0.501676 0.504602
v 0.499921 0.503090 0.503403
v 0.501380 0.503552 0.504394
v 0.495098 0.501492 0.501635
v 0.500988 0.504745 0.505118
v 0.495429 0.500761 0.502486
v 0.501406 0.507307 0.507185
v 0.499926 0.503169 0.503853
v 0.501924 0.502966 0.504935
v 0.497069 0.500047 0.504965
v 0.501866 0.501771 0.504849
v 0.499296 0.502326 0.503498
v 0.500885 0.504291 0.504747
v 0.499333 0.498287 0.504109
v 0.499807 0.500423 0.503968
v 0.498417 0.502918 0.504670
v 0.499892 0.504624 0.506962
v 0.495740 0.504371 0.503531
v 0.498470 0.502213 0.508196
v 0.498380 0.500951 0.505691
v 0.499903 0.502664 0.505741
v 0.498243 0.502446 0.503828
v 0.501553 0.501936 0.503770
v 0.497018 0.500926 0.506730
v 0.499364 0.500769 0.504534
v 0.496548 0.505144 0.502642
v 0.503172 0.501240 0.504910
v 0.496532 0.500995 0.507146
v 0.497529 0.506327 0.505074
v 0.498441 0.503673 0.503755
v 0.504048 0.504375 0.503936
v 0.498389 0.498259 0.506084
v 0.502917 0.500942 0.504235
v 0.498493 0.502246 0.503483
v 0.501749 0.502570 0.506176
v 0.498831 0.500827 0.505836
v 0.500768 0.502109 0.506306
v 0.497317 0.498031 0.504595
v 0.499839 0.502738 0.507899
v 0.495304 0.501171 0.504154
v 0.501586 0.503673 0.506169
v 0.498436 0.501872 0.505501
v 0.499789 0.502407 0.504446
v 0.499079 0.500867 0.504274
v 0.502016 0.503164 0.503668
v 0.501076 0.502799 0.502812
v 0.498636 0.498478 0.502530
v 0.497768 0.498091 0.506380
v 0.501857 0.504701 0.508653
v 0.495948 0.505527 0.504062
v 0.500567 0.501104 0.505062
v 0.496087 0.502782 0.506017
v 0.500429 0.502701 0.507936
v 0.492964 0.503752 0.512114
v 0.495381 0.503934 0.507516
v 0.497766 0.504316 0.506323
v 0.500309 0.506026 0.503877
v 0.493272 0.504513 0.507468
v 0.501605 0.501071 0.505298
v 0.500075 0.506534 0.504423
v 0.505843 0.500723 0.506525
v 0.497428 0.495810 0.506083
v 0.503440 0.504658 0.509851
v 0.497557 0.499773 0.506220
v 0.499499 0.508807 0.502554
v 0.497939 0.506403 0.503587
v 0.499973 0.501437 0.503726
v 0.492606 0.502057 0.506374
v 0.502184 0.501988 0.506395
v 0.496476 0.505453 0.503686
v 0.500852 0.501425 0.510307
v 0.496353 0.502127 0.503875
v 0.497649 0.502364 0.506925
v 0.498512 0.502389 0.507324
v 0.504541 0.504778 0.503564
v 0.497824 0.502383 0.504568
v 0.497221 0.500474 0.505405
v 0.492340 0.501803 0.506027
v 0.502305 0.507474 0.510441
v 0.497493 0.502257 0.504870
v 0.502897 0.500100 0.509342
v 0.496387 0.499654 0.504540
v 0.500274 0.504035 0.508609
v 0.498756 0.497440 0.505359
v 0.501529 0.508566 0.507052
v 0.499854 0.499465 0.504271
v 0.499239 0.498391 0.507163
v 0.497612 0.503549 0.505370
v 0.499396 0.502408 0.505224
v 0.501070 0.500850 0.504408
v 0.498391 0.504857 0.507279
v 0.492465 0.501394 0.505250
v 0.502727 0.503149 0.506225
v 0.501155 0.496466 0.505278
v 0.500744 0.502799 0.508705
v 0.498839 0.502493 0.507567
v 0.502161 0.498155 0.506760
v 0.499720 0.499500 0.507476
v 0.499850 0.500986 0.506437
v 0.499673 0.500268 0.505099
v 0.501854 0.502359 0.508505
v 0.495877 0.502835 0.505235
v 0.502669 0.504244 0.507610
v 0.496731 0.500923 0.505146
v 0.501649 0.499702 0.508014
v 0.499206 0.505266 0.505139
v 0.500944 0.496695 0.510690
v 0.492596 0.500547 0.504225
v 0.504912 0.506897 0.509251
v 0.497701 0.495777 0.509286
v 0.501305 0.506063 0.510254
v 0.501886 0.497372 0.504721
v 0.503384 0.497689 0.518174
v 0.496359 0.497810 0.508866
v 0.503128 0.500790 0.507434
v 0.491418 0.500436 0.515477
v 0.505211 0.502065 0.510833
v 0.503415 0.501755 0.510327
v 0.504895 0.494492 0.509827
v 0.494055 0.495991 0.504099
v 0.497497 0.498981 0.509819
v 0.500508 0.502768 0.507158
v 0.498072 0.504044 0.510645
v 0.490161 0.504742 0.507272
v 0.503129 0.506084 0.508414
v 0.492975 0.490325 0.503320
v 0.502030 0.511285 0.513718
v 0.499791 0.498095 0.511101
v 0.504737 0.505857 0.506791
v 0.499392 0.498181 0.504288
v 0.503844 0.507198 0.510545
v 0.501328 0.495823 0.505745
v 0.505774 0.507398 0.513377
v 0.495006 0.499584 0.508875
v 0.501761 0.499804 0.512707
v 0.490766 0.496394 0.512706
v 0.497684 0.510231 0.518317
v 0.497046 0.506885 0.509027
v 0.500989 0.504567 0.516424
v 0.493736 0.501339 0.512917
v 0.502709 0.508140 0.508370
v 0.496231 0.502624 0.510785
v 0.501250 0.506645 0.512206
v 0.493552 0.502273 0.505248
v 0.499716 0.497394 0.510554
v 0.491109 0.505623 0.506524
v 0.505235 0.505297 0.515620
v 0.493915 0.495298 0.512217
v 0.501860 0.505023 0.510427
v 0.495403 0.502821 0.505378
v 0.508377 0.499354 0.511875
v 0.498299 0.495192 0.511766
v 0.499804 0.502866 0.509030
v 0.496169 0.503349 0.511092
v 0.501427 0.505556 0.507764
v 0.492720 0.499453 0.514258
v 0.496647 0.506153 0.510439
v 0.495146 0.497685 0.508408
v 0.500307 0.510124 0.520039
v 0.496596 0.497691 0.512052
v 0.502666 0.508627 0.509996
v 0.498542 0.503050 0.511068
v 0.497963 0.501117 0.511978
v 0.496999 0.503175 0.511852
v 0.498311 0.507862 0.512026
v 0.497723 0.500332 0.506487
v 0.499643 0.499033 0.506202
v 0.495868 0.500429 0.504809
v 0.500954 0.504538 0.504881
v 0.498033 0.499123 0.508185
v 0.501274 0.502203 0.505677
v 0.499567 0.500203 0.502236
v 0.501084 0.501194 0.509338
v 0.496790 0.500239 0.501887
v 0.502078 0.502187 0.507247
v 0.494867 0.502509 0.508396
v 0.503534 0.501427 0.508512
v 0.501751 0.501298 0.507034
v 0.501144 0.498990 0.505674
v 0.495154 0.498560 0.504495
v 0.500044 0.498839 0.505896
v 0.500492 0.502937 0.504032
v 0.498750 0.502980 0.505211
v 0.494707 0.503209 0.502604
v 0.501079 0.503943 0.505044
v 0.494794 0.495549 0.502967
v 0.501106 0.507717 0.508329
v 0.501515 0.501122 0.506165
v 0.501982 0.503073 0.505004
v 0.497662 0.499137 0.503711
v 0.502332 0.502611 0.506942
v 0.500136 0.498760 0.504763
v 0.502620 0.505406 0.506987
v 0.498421 0.498140 0.506398
v 0.499002 0.499345 0.506474
v 0.496669 0.499968 0.507605
v 0.499454 0.506405 0.510169
v 0.497160 0.503677 0.505363
v 0.498645 0.501845 0.509489
v 0.496869 0.501681 0.508636
v 0.500655 0.503796 0.506120
v 0.497479 0.503561 0.505558
v 0.501047 0.502699 0.505953
v 0.496794 0.501418 0.504760
v 0.498516 0.499492 0.506571
v 0.494906 0.504462 0.504401
v 0.503066 0.502426 0.508042
v 0.496088 0.498733 0.508632
v 0.498634 0.505034 0.505396
v 0.496473 0.502918 0.505949
v 0.505069 0.499147 0.506115
v 0.498756 0.496098 0.508690
v 0.500678 0.500111 0.504752
v 0.498289 0.503736 0.505425
v 0.501709 0.503999 0.506894
v 0.497022 0.499352 0.508330
v 0.500111 0.502532 0.507040
v 0.497591 0.497499 0.505638
v 0.499380 0.505106 0.511930
v 0.496981 0.499606 0.507538
v 0.501442 0.506441 0.506025
v 0.498540 0.502479 0.507295
v 0.498821 0.501188 0.506547
v 0.499603 0.498974 0.507880
v 0.500656 0.505100 0.506955
v 0.499774 0.501292 0.504357
v 0.499325 0.499105 0.507010
v 0.495142 0.500537 0.505511
v 0.500619 0.505575 0.505361
v 0.497235 0.499882 0.509744
v 0.502169 0.502752 0.506338
v 0.499073 0.500699 0.501996
v 0.500989 0.501924 0.510565
v 0.495629 0.500983 0.500900
v 0.502807 0.503043 0.509047
v 0.493711 0.503399 0.509416
v 0.504364 0.501903 0.510433
v 0.501854 0.500949 0.507993
v 0.500712 0.499557 0.506395
v 0.493388 0.498848 0.505192
v 0.500592 0.498679 0.507060
v 0.500245 0.503915 0.504245
v 0.499111 0.503799 0.505686
v 0.493585 0.503574 0.502102
v 0.501429 0.504797 0.505975
v 0.493699 0.495163 0.503183
v 0.501239 0.509817 0.509859
v 0.502446 0.501978 0.507080
v 0.502503 0.503829 0.505943
v 0.496588 0.498961 0.504506
v 0.503167 0.502607 0.508359
v 0.499833 0.498479 0.505584
v 0.503089 0.507029 0.507676
v 0.498169 0.497209 0.507281
v 0.498519 0.499198 0.507015
v 0.496214 0.500600 0.508530
v 0.499931 0.508021 0.511911
v 0.496014 0.504424 0.505892
v 0.498073 0.502092 0.511161
v 0.496323 0.501761 0.509884
v 0.500992 0.504010 0.507454
v 0.496973 0.504267 0.505823
v 0.501463 0.502967 0.506568
v 0.496017 0.501564 0.505552
v 0.497991 0.499530 0.507345
v 0.493771 0.505979 0.504516
v 0.504341 0.502598 0.509064
v 0.494649 0.498932 0.510405
v 0.498131 0.506632 0.506227
v 0.495747 0.503893 0.506705
v 0.506682 0.499477 0.506692
v 0.498203 0.495311 0.510084
v 0.501463 0.499690 0.505293
v 0.497993 0.504065 0.505568
v 0.502850 0.505109 0.508535
v 0.496588 0.498635 0.509688
v 0.500364 0.502997 0.508376
v 0.496832 0.496455 0.506827
v 0.499094 0.505979 0.514150
v 0.495717 0.499782 0.508582
v 0.501761 0.507751 0.507255
v 0.498617 0.502697 0.508563
v 0.498940 0.501433 0.506954
v 0.499963 0.498325 0.508910
v 0.501378 0.506228 0.507297
v 0.500394 0.501843 0.504682
v 0.500359 0.497503 0.509205
v 0.493458 0.500200 0.504758
v 0.503563 0.506226 0.507615
v 0.497672 0.496010 0.509607
v 0.501540 0.504081 0.508249
v 0.500973 0.498556 0.502676
v 0.502667 0.499029 0.514974
v 0.496724 0.498000 0.505416
v 0.502982 0.501053 0.507743
v 0.492325 0.501426 0.512842
v 0.505097 0.501796 0.510488
v 0.503057 0.502025 0.509764
v 0.503518 0.496336 0.508061
v 0.494499 0.496832 0.504298
v 0.499191 0.498711 0.508470
v 0.500860 0.502455 0.505801
v 0.497953 0.503650 0.508298
v 0.491732 0.504349 0.504833
v 0.502468 0.506086 0.506656
v 0.493045 0.492119 0.503452
v 0.502090 0.509756 0.511934
v 0.500812 0.499209 0.509318
v 0.503872 0.504058 0.505956
v 0.498537 0.498182 0.503716
v 0.503398 0.505334 0.509100
v 0.500995 0.496588 0.505336
v 0.505006 0.506544 0.510722
v 0.496603 0.498380 0.508401
v 0.500443 0.499012 0.510523
v 0.493693 0.497525 0.511126
v 0.498217 0.508855 0.515320
v 0.496973 0.505562 0.507736
v 0.499810 0.502892 0.514070
v 0.495241 0.502090 0.511497
v 0.501931 0.506728 0.507715
v 0.496623 0.503697 0.508535
v 0.501381 0.504839 0.509560
v 0.495198 0.501663 0.505231
v 0.499029 0.498123 0.509341
v 0.492116 0.504928 0.505978
v 0.504779 0.503943 0.512596
v 0.494517 0.495872 0.511102
v 0.500379 0.505020 0.508323
v 0.495556 0.502859 0.506355
v 0.507833 0.498727 0.509819
v 0.498269 0.494572 0.510920
v 0.500409 0.501073 0.507110
v 0.496823 0.503951 0.508926
v 0.501864 0.505044 0.507864
v 0.494837 0.498713 0.512151
v 0.498734 0.504719 0.509018
v 0.496110 0.497314 0.507295
v 0.499718 0.507986 0.516999
v 0.496707 0.497999 0.510754
v 0.502329 0.508237 0.508349
v 0.498339 0.503275 0.509677
v 0.498147 0.500853 0.510016
v 0.498673 0.500781 0.510718
v 0.499593 0.506684 0.510586
v 0.498298 0.500614 0.506399
v 0.500720 0.496852 0.512254
v 0.492004 0.501876 0.506548
v 0.505099 0.510026 0.510418
v 0.500013 0.497816 0.505513
v 0.500776 0.508408 0.516624
v 0.502109 0.496981 0.510342
v 0.502316 0.496186 0.521011
v 0.495999 0.500793 0.515292
v 0.501440 0.499823 0.506894
v 0.492749 0.500419 0.518488
v 0.500517 0.503228 0.509523
v 0.500288 0.501417 0.509298
v 0.505855 0.495179 0.513059
v 0.493053 0.497358 0.505666
v 0.496328 0.501750 0.511360
v 0.498903 0.504918 0.512857
v 0.498551 0.505673 0.512407
v 0.486468 0.507023 0.512267
v 0.501603 0.504004 0.512298
v 0.492958 0.492495 0.503880
v 0.502936 0.512464 0.514362
v 0.496104 0.496955 0.513280
v 0.503230 0.509326 0.509608
v 0.499021 0.500296 0.509581
v 0.499300 0.513360 0.510302
v 0.502152 0.499211 0.507880
v 0.504949 0.510923 0.516064
v 0.491942 0.505750 0.509826
v 0.501955 0.504626 0.515235
v 0.487504 0.496142 0.512046
v 0.498473 0.512874 0.521990
v 0.497236 0.508609 0.510263
v 0.502128 0.508556 0.519249
v 0.492133 0.499177 0.512908
v 0.503477 0.510565 0.508930
v 0.493681 0.500698 0.514033
v 0.502238 0.511197 0.516162
v 0.491975 0.503269 0.506165
v 0.501909 0.499270 0.510828
v 0.489631 0.508965 0.507677
v 0.503901 0.509252 0.516437
v 0.492803 0.495022 0.512168
v 0.504232 0.503194 0.513432
v 0.496700 0.504296 0.502705
v 0.505454 0.502373 0.515649
v 0.499925 0.496687 0.512023
v 0.498458 0.507415 0.510542
v 0.494219 0.504681 0.510845
v 0.502213 0.507474 0.506857
v 0.490413 0.499897 0.513204
v 0.493775 0.508305 0.513400
v 0.491531 0.503018 0.509834
v 0.502214 0.515250 0.521305
v 0.494890 0.498872 0.512031
v 0.503569 0.508357 0.511690
v 0.498541 0.503192 0.511875
v 0.498361 0.502944 0.514286
v 0.493114 0.508238 0.511391
v 0.496340 0.508690 0.513241
v 0.497715 0.500144 0.504262
v 0.497099 0.501024 0.500270
v 0.497730 0.505499 0.502977
v 0.496850 0.502143 0.504422
v 0.497510 0.504735 0.504586
v 0.501295 0.503235 0.505143
v 0.499370 0.502977 0.504420
v 0.500125 0.503655 0.503531
v 0.496974 0.501871 0.501345
v 0.500195 0.501072 0.506692
v 0.496402 0.503125 0.501578
v 0.498518 0.503116 0.505016
v 0.497740 0.500705 0.503583
v 0.498485 0.503310 0.505633
v 0.496873 0.505854 0.506526
v 0.501412 0.503336 0.505362
v 0.500444 0.499893 0.504806
v 0.501755 0.501431 0.507027
v 0.495864 0.500850 0.503134
v 0.501181 0.506772 0.506363
v 0.496884 0.504509 0.504903
v 0.500777 0.506265 0.506475
v 0.496252 0.500197 0.503945
v 0.502434 0.501910 0.506070
v 0.496668 0.499463 0.505179
v 0.501795 0.500731 0.504640
v 0.498916 0.502217 0.505222
v 0.500114 0.505944 0.504441
v 0.498549 0.501866 0.505421
v 0.500949 0.501161 0.503493
v 0.500082 0.501203 0.503906
v 0.499169 0.502849 0.506659
v 0.495478 0.501808 0.503887
v 0.499107 0.506881 0.508115
v 0.498061 0.499918 0.503745
v 0.500011 0.502545 0.506898
v 0.497263 0.501128 0.505470
v 0.502671 0.502898 0.504834
v 0.496094 0.501870 0.507348
v 0.501720 0.503106 0.505908
v 0.498657 0.504045 0.501738
v 0.502366 0.501570 0.504580
v 0.497854 0.502873 0.505993
v 0.497986 0.505932 0.505184
v 0.499779 0.502184 0.504271
v 0.503107 0.507590 0.505495
v 0.498736 0.498569 0.504406
v 0.505249 0.502878 0.505022
v 0.498719 0.499303 0.503760
v 0.500966 0.500109 0.506450
v 0.499323 0.499938 0.507450
v 0.500516 0.499656 0.506342
v 0.497364 0.498668 0.504584
v 0.501783 0.503520 0.505707
v 0.496332 0.500668 0.502959
v 0.501723 0.503154 0.506682
v 0.496951 0.501522 0.505232
v 0.501643 0.502696 0.505371
v 0.497813 0.500409 0.503002
v 0.502190 0.502020 0.504866
v 0.500777 0.504192 0.503740
v 0.493289 0.503610 0.505648
v 0.489750 0.505629 0.510017
v 0.499330 0.511556 0.506560
v 0.493961 0.502523 0.497576
v 0.497708 0.504336 0.510477
v 0.494672 0.510123 0.510565
v 0.499098 0.501928 0.509160
v 0.494285 0.506346 0.514828
v 0.499164 0.508718 0.508594
v 0.495438 0.500616 0.505806
v 0.501382 0.505165 0.506492
v 0.490299 0.503416 0.507711
v 0.504132 0.506566 0.512200
v 0.494895 0.497193 0.511524
v 0.505166 0.514490 0.508473
v 0.492254 0.503972 0.511035
v 0.498136 0.512901 0.508531
v 0.490904 0.512482 0.509193
v 0.496015 0.503971 0.509481
v 0.499521 0.506437 0.507434
v 0.499645 0.505259 0.506126
v 0.491178 0.506350 0.503490
v 0.494470 0.513050 0.512789
v 0.493708 0.510072 0.511167
v 0.493376 0.514605 0.510277
v 0.492572 0.510699 0.508459
v 0.496090 0.510155 0.515813
v 0.493363 0.515715 0.511583
v 0.495872 0.517527 0.510532
v 0.493371 0.512340 0.504975
v 0.501300 0.504946 0.512590
v 0.494577 0.506646 0.507139
v 0.509747 0.508046 0.510133
v 0.494755 0.501843 0.508484
v 0.501359 0.509145 0.508227
v 0.491247 0.503754 0.511333
v 0.507728 0.514736 0.516190
v 0.492535 0.504999 0.502011
v 0.499580 0.512410 0.507988
v 0.486751 0.509151 0.509206
v 0.497115 0.511855 0.509913
v 0.492197 0.504350 0.503324
v 0.503883 0.505218 0.509086
v 0.494484 0.498487 0.503645
v 0.497822 0.509271 0.517977
v 0.493189 0.510987 0.506723
v 0.494118 0.510692 0.513817
v 0.492295 0.504254 0.506147
v 0.500938 0.516829 0.507749
v 0.490952 0.502403 0.505530
v 0.494039 0.512183 0.510850
v 0.493977 0.512717 0.507184
v 0.501108 0.509751 0.513141
v 0.494583 0.501202 0.510920
v 0.504683 0.508093 0.510419
v 0.495528 0.502323 0.507810
v 0.502371 0.513485 0.509904
v 0.493022 0.512045 0.503555
v 0.493945 0.510923 0.511449
v 0.495102 0.504974 0.502155
v 0.494441 0.502626 0.506688
v 0.489648 0.504410 0.508758
v 0.500982 0.513339 0.506629
v 0.495769 0.501671 0.498522
v 0.497459 0.503226 0.513688
v 0.495420 0.509815 0.513424
v 0.497321 0.499123 0.511399
v 0.495660 0.505393 0.512536
v 0.500336 0.506617 0.508369
v 0.497108 0.498978 0.507701
v 0.500434 0.504640 0.506473
v 0.491871 0.501387 0.506255
v 0.503657 0.504596 0.512172
v 0.493072 0.496279 0.511256
v 0.503895 0.513609 0.510764
v 0.492617 0.504065 0.512225
v 0.499694 0.511275 0.507733
v 0.489831 0.511275 0.510991
v 0.496348 0.502110 0.512448
v 0.497219 0.505369 0.508787
v 0.500380 0.505472 0.506920
v 0.491328 0.505491 0.505744
v 0.494287 0.515994 0.512079
v 0.492643 0.512175 0.512293
v 0.491261 0.516509 0.508993
v 0.495058 0.509407 0.507789
v 0.496706 0.512350 0.515837
v 0.492325 0.516964 0.510886
v 0.495962 0.516844 0.514627
v 0.493142 0.509275 0.505875
v 0.501597 0.507481 0.513794
v 0.493312 0.506541 0.508252
v 0.506545 0.508818 0.511054
v 0.493576 0.501226 0.510881
v 0.502765 0.509809 0.508326
v 0.490778 0.503071 0.512904
v 0.507382 0.515672 0.516035
v 0.492162 0.504688 0.502629
v 0.500302 0.510331 0.508043
v 0.485917 0.508681 0.508610
v 0.496383 0.513200 0.509878
v 0.492557 0.502142 0.503387
v 0.504037 0.503788 0.511036
v 0.495742 0.497850 0.501117
v 0.498254 0.508209 0.519710
v 0.495850 0.509187 0.507642
v 0.495015 0.510509 0.513302
v 0.491594 0.504047 0.507832
v 0.502531 0.514349 0.508562
v 0.491481 0.500186 0.506176
v 0.493372 0.511269 0.512261
v 0.494661 0.509635 0.509033
v 0.501963 0.510435 0.513223
v 0.494667 0.499226 0.512319
v 0.504149 0.506325 0.511542
v 0.497630 0.503609 0.508347
v 0.499128 0.512432 0.510509
v 0.492206 0.513731 0.502760
v 0.494057 0.510190 0.510770
v 0.495762 0.503992 0.501950
v 0.498769 0.500439 0.500886
v 0.499383 0.502044 0.502602
v 0.499416 0.500490 0.503555
v 0.498483 0.502457 0.504060
v 0.500328 0.501467 0.504082
v 0.499158 0.501536 0.503972
v 0.500124 0.501745 0.503133
v 0.498819 0.501760 0.502515
v 0.498980 0.500579 0.503967
v 0.498723 0.502285 0.501388
v 0.498907 0.502085 0.503400
v 0.498645 0.500985 0.502773
v 0.499210 0.501949 0.503585
v 0.498853 0.503362 0.503525
v 0.500470 0.501783 0.503985
v 0.499694 0.498925 0.503451
v 0.500570 0.501077 0.504465
v 0.498656 0.500495 0.503540
v 0.500088 0.503465 0.503766
v 0.498361 0.502500 0.503115
v 0.499398 0.502301 0.503998
v 0.497295 0.499796 0.503825
v 0.500817 0.501288 0.503546
v 0.498816 0.501205 0.503490
v 0.500496 0.500412 0.503796
v 0.498936 0.500831 0.503941
v 0.499696 0.502452 0.503346
v 0.498682 0.502234 0.503610
v 0.500637 0.501037 0.502880
v 0.499607 0.499656 0.502886
v 0.499380 0.500480 0.503411
v 0.497518 0.500171 0.503480
v 0.499551 0.503388 0.504483
v 0.499447 0.500114 0.503150
v 0.500352 0.500749 0.504761
v 0.498554 0.500947 0.503561
v 0.500630 0.501455 0.503934
v 0.498690 0.500692 0.504217
v 0.500422 0.502226 0.504281
v 0.499254 0.501761 0.502154
v 0.500342 0.501400 0.503701
v 0.499488 0.501507 0.503099
v 0.499270 0.501977 0.502867
v 0.499562 0.501045 0.502973
v 0.500376 0.503050 0.504253
v 0.499178 0.499773 0.503631
v 0.501264 0.500581 0.503386
v 0.499378 0.499651 0.503010
v 0.500042 0.499574 0.504125
v 0.499731 0.500369 0.504943
v 0.499518 0.499628 0.503242
v 0.499258 0.500010 0.503351
v 0.499831 0.502039 0.503130
v 0.498938 0.501489 0.502682
v 0.500348 0.501081 0.503772
v 0.498761 0.501021 0.503405
v 0.500775 0.501405 0.504003
v 0.498561 0.500553 0.502270
v 0.500250 0.501088 0.503233
v 0.500445 0.502197 0.502539
v 0.500992 0.494969 0.518774
v 0.487194 0.502782 0.509813
v 0.508067 0.516069 0.515586
v 0.500633 0.496207 0.506722
v 0.501626 0.513739 0.526552
v 0.503854 0.494669 0.516155
v 0.503676 0.493280 0.532584
v 0.493783 0.501477 0.523953
v 0.501971 0.499215 0.509870
v 0.489112 0.500038 0.528399
v 0.500822 0.505098 0.513715
v 0.500069 0.501502 0.513470
v 0.509588 0.492685 0.520070
v 0.488717 0.495829 0.508239
v 0.494883 0.502793 0.517794
v 0.498126 0.507682 0.520260
v 0.497943 0.509344 0.518706
v 0.477950 0.510816 0.519220
v 0.502417 0.505620 0.518861
v 0.489026 0.488205 0.505106
v 0.505133 0.519335 0.521425
v 0.493667 0.495110 0.520284
v 0.504802 0.514935 0.514744
v 0.498103 0.500787 0.514691
v 0.498021 0.521889 0.514586
v 0.503546 0.498359 0.512081
v 0.508028 0.517311 0.524644
v 0.486668 0.509432 0.515261
v 0.503152 0.507587 0.523525
v 0.480141 0.493356 0.517743
v 0.498112 0.520369 0.534557
v 0.495429 0.513289 0.515191
v 0.504025 0.513762 0.529997
v 0.487775 0.498327 0.518701
v 0.506401 0.517105 0.512953
v 0.489653 0.500276 0.521586
v 0.504135 0.518894 0.525013
v 0.487177 0.504598 0.508919
v 0.503404 0.498346 0.515912
v 0.482942 0.514781 0.510942
v 0.506310 0.515482 0.524640
v 0.488255 0.491536 0.517749
v 0.507573 0.504003 0.520652
v 0.495096 0.506461 0.502453
v 0.508443 0.504099 0.524783
v 0.500130 0.494953 0.517272
v 0.498107 0.512146 0.516160
v 0.490524 0.507073 0.515752
v 0.504248 0.512018 0.510011
v 0.484800 0.499310 0.519049
v 0.490242 0.513029 0.520835
v 0.486486 0.504790 0.514768
v 0.504400 0.524678 0.532720
v 0.491626 0.497702 0.518129
v 0.506266 0.512444 0.517374
v 0.497854 0.504512 0.517639
v 0.497758 0.504753 0.521809
v 0.488735 0.513290 0.515996
v 0.494158 0.513667 0.519878
v 0.496262 0.499733 0.505642
v 0.498470 0.498340 0.514159
v 0.488771 0.500792 0.509828
v 0.500717 0.512716 0.509395
v 0.492631 0.501554 0.520220
v 0.506361 0.506216 0.512402
v 0.496921 0.501989 0.501858
v 0.502185 0.504952 0.521676
v 0.489317 0.503038 0.497798
v 0.507609 0.506676 0.519688
v 0.486290 0.508245 0.519212
v 0.511071 0.504244 0.522768
v 0.503239 0.499919 0.515348
v 0.501818 0.499827 0.513258
v 0.483119 0.497523 0.510054
v 0.503140 0.497259 0.515154
v 0.499930 0.508447 0.507842
v 0.500335 0.509073 0.510357
v 0.484989 0.506523 0.501925
v 0.504208 0.511348 0.512303
v 0.485093 0.489310 0.504935
v 0.503071 0.523232 0.521764
v 0.506676 0.504765 0.513865
v 0.506644 0.508496 0.512188
v 0.490748 0.496327 0.508652
v 0.509631 0.504165 0.517572
v 0.498765 0.496363 0.510714
v 0.508214 0.516318 0.515123
v 0.496111 0.492029 0.513521
v 0.497300 0.497252 0.513374
v 0.492321 0.502355 0.516617
v 0.501286 0.519224 0.525078
v 0.490061 0.509964 0.510858
v 0.495415 0.503453 0.524001
v 0.491699 0.502412 0.519540
v 0.503398 0.507994 0.516870
v 0.492955 0.508744 0.510050
v 0.503696 0.505525 0.512115
v 0.490733 0.501649 0.510477
v 0.495811 0.498615 0.514772
v 0.484872 0.514793 0.506561
v 0.512125 0.505540 0.517756
v 0.486197 0.497232 0.522812
v 0.496029 0.516424 0.513139
v 0.490248 0.508889 0.512448
v 0.517165 0.499580 0.511936
v 0.495282 0.488248 0.520753
v 0.505556 0.498417 0.510955
v 0.495120 0.507525 0.509549
v 0.508930 0.512252 0.518515
v 0.492531 0.495577 0.520512
v 0.501496 0.506752 0.517263
v 0.491808 0.490563 0.513543
v 0.498200 0.513009 0.530365
v 0.488831 0.498743 0.516816
v 0.504637 0.517021 0.515298
v 0.497992 0.504100 0.517399
v 0.498778 0.503339 0.512529
v 0.500440 0.495144 0.516325
v 0.505285 0.513716 0.513429
v 0.501797 0.504178 0.508563
v 0.493374 0.500918 0.505794
v 0.491002 0.504955 0.514428
v 0.502047 0.510927 0.513451
v 0.486894 0.508570 0.499767
v 0.497405 0.501439 0.510884
v 0.491081 0.509275 0.499231
v 0.500830 0.513094 0.515405
v 0.487734 0.507796 0.528981
v 0.493080 0.508578 0.512015
v 0.497810 0.506989 0.507021
v 0.507121 0.512304 0.508734
v 0.486658 0.508383 0.514866
v 0.505087 0.501308 0.511371
v 0.499950 0.503009 0.510633
v 0.511226 0.509885 0.508547
v 0.493548 0.502688 0.510765
v 0.505198 0.514285 0.513026
v 0.495885 0.509762 0.511539
v 0.498544 0.509645 0.504534
v 0.499430 0.514988 0.507284
v 0.495030 0.506854 0.507684
v 0.491296 0.502773 0.503874
v 0.499847 0.506631 0.514278
v 0.495933 0.508093 0.507477
v 0.500347 0.512463 0.522215
v 0.488447 0.509464 0.505473
v 0.497179 0.508429 0.516271
v 0.496441 0.507587 0.509634
v 0.504413 0.514212 0.500813
v 0.496277 0.511175 0.504424
v 0.496148 0.500467 0.507228
v 0.487735 0.510368 0.506042
v 0.508089 0.511102 0.512565
v 0.492790 0.509359 0.506060
v 0.502171 0.505112 0.511801
v 0.491310 0.504536 0.507335
v 0.506272 0.519821 0.517486
v 0.493748 0.497664 0.501761
v 0.503266 0.517764 0.511587
v 0.492306 0.505632 0.510756
v 0.492309 0.506354 0.508069
v 0.486579 0.506416 0.507842
v 0.500160 0.511476 0.506693
v 0.495688 0.503976 0.509398
v 0.497795 0.510662 0.512702
v 0.487197 0.512781 0.504647
v 0.497945 0.513193 0.515200
v 0.495591 0.500980 0.500066
v 0.496708 0.517745 0.505422
v 0.491886 0.504762 0.509154
v 0.499923 0.510369 0.510513
v 0.495881 0.511804 0.505421
v 0.498725 0.503490 0.508155
v 0.496517 0.507213 0.504362
v 0.502363 0.509656 0.510966
v 0.485865 0.504362 0.510157
v 0.503425 0.515311 0.514570
v 0.493824 0.506642 0.509353
v 0.500345 0.505372 0.516961
v 0.494415 0.511865 0.507738
v 0.492870 0.501180 0.506004
v 0.490207 0.505320 0.515320
v 0.502186 0.511839 0.513988
v 0.486090 0.509108 0.499322
v 0.497347 0.501511 0.511593
v 0.490445 0.509962 0.499265
v 0.501023 0.513947 0.516225
v 0.487123 0.508094 0.530773
v 0.492645 0.509559 0.512761
v 0.497528 0.507498 0.507394
v 0.507648 0.512982 0.509262
v 0.485603 0.508816 0.515951
v 0.505421 0.501599 0.512282
v 0.499794 0.503031 0.511416
v 0.512138 0.510952 0.509149
v 0.493106 0.502650 0.511574
v 0.505474 0.515332 0.513877
v 0.495486 0.510691 0.512361
v 0.498461 0.510112 0.505024
v 0.499341 0.515917 0.507565
v 0.494650 0.507425 0.508187
v 0.490621 0.502908 0.503869
v 0.499751 0.507268 0.515381
v 0.495878 0.508466 0.507919
v 0.500260 0.513595 0.523574
v 0.487466 0.510254 0.505782
v 0.496942 0.508818 0.517597
v 0.496193 0.508229 0.510212
v 0.504690 0.515283 0.500711
v 0.495922 0.512183 0.504560
v 0.496108 0.500429 0.507844
v 0.487035 0.511218 0.506159
v 0.508773 0.512062 0.513245
v 0.492274 0.509690 0.506348
v 0.502339 0.505499 0.512525
v 0.490633 0.504732 0.507797
v 0.506929 0.521511 0.518790
v 0.493129 0.497446 0.501665
v 0.503509 0.519105 0.512139
v 0.491609 0.505969 0.511391
v 0.491863 0.507088 0.508652
v 0.485538 0.506799 0.508356
v 0.500449 0.512367 0.507001
v 0.495128 0.503996 0.509795
v 0.497687 0.511616 0.513782
v 0.486118 0.513750 0.504793
v 0.497641 0.514022 0.516405
v 0.495151 0.501089 0.500045
v 0.496665 0.519105 0.505808
v 0.491119 0.505072 0.509530
v 0.499657 0.511314 0.511253
v 0.495432 0.513030 0.505530
v 0.498647 0.504136 0.508609
v 0.496204 0.507594 0.504750
v 0.502765 0.510556 0.511516
v 0.484990 0.504349 0.511033
v 0.503858 0.516412 0.515653
v 0.493499 0.507002 0.509848
v 0.500132 0.505958 0.518018
v 0.494016 0.512369 0.508116
v 0.500474 0.496934 0.510585
v 0.492428 0.499975 0.505350
v 0.504246 0.507173 0.508607
v 0.497244 0.495181 0.510997
v 0.502011 0.504704 0.509487
v 0.501119 0.498104 0.502665
v 0.503230 0.498810 0.517319
v 0.496201 0.497490 0.505818
v 0.503583 0.501078 0.508949
v 0.491024 0.501672 0.514656
v 0.506224 0.502141 0.512146
v 0.503640 0.502227 0.511165
v 0.504194 0.495792 0.509139
v 0.493509 0.496107 0.504826
v 0.499260 0.498339 0.509707
v 0.501068 0.502698 0.506503
v 0.497661 0.504288 0.509340
v 0.490255 0.504954 0.505214
v 0.502948 0.507108 0.507455
v 0.491762 0.490532 0.503721
v 0.502636 0.511482 0.513717
v 0.501115 0.498991 0.510514
v 0.504610 0.504594 0.506726
v 0.498271 0.497595 0.503959
v 0.504162 0.506118 0.510291
v 0.501153 0.495781 0.505951
v 0.506077 0.507656 0.512159
v 0.496136 0.497726 0.509509
v 0.500518 0.498617 0.511931
v 0.492805 0.497080 0.512576
v 0.498110 0.510502 0.517747
v 0.496439 0.506352 0.508783
v 0.499772 0.503277 0.516231
v 0.494433 0.502356 0.513141
v 0.502379 0.507827 0.508832
v 0.496051 0.504257 0.509637
v 0.501644 0.505585 0.510769
v 0.494380 0.501760 0.505817
v 0.498838 0.497675 0.510598
v 0.490756 0.505657 0.506675
v 0.505728 0.504478 0.514393
v 0.493549 0.495001 0.512802
v 0.500453 0.505872 0.509441
v 0.494744 0.503209 0.507208
v 0.509393 0.498251 0.511100
v 0.497977 0.493347 0.512637
v 0.500731 0.500957 0.508040
v 0.496356 0.504555 0.510037
v 0.502455 0.505941 0.508980
v 0.494045 0.498284 0.513968
v 0.498716 0.505418 0.510343
v 0.495498 0.496545 0.508185
v 0.499677 0.509258 0.519664
v 0.496057 0.497507 0.512392
v 0.502753 0.509764 0.509483
v 0.498043 0.503700 0.511060
v 0.498008 0.500879 0.511358
v 0.498612 0.500529 0.512183
v 0.499848 0.507799 0.512150
v 0.498075 0.500635 0.507274
v 0.494392 0.501911 0.503907
v 0.491407 0.511118 0.503487
v 0.494233 0.509936 0.506535
v 0.490867 0.508771 0.509685
v 0.503613 0.507702 0.509956
v 0.495975 0.507288 0.503975
v 0.500045 0.508053 0.510345
v 0.490401 0.504586 0.498646
v 0.506696 0.507666 0.517452
v 0.490197 0.507518 0.507232
v 0.502698 0.502575 0.513935
v 0.495158 0.500660 0.509154
v 0.499512 0.505996 0.511402
v 0.486712 0.509086 0.513301
v 0.505503 0.506206 0.511819
v 0.500252 0.504161 0.507649
v 0.506515 0.508495 0.511532
v 0.484929 0.500979 0.502700
v 0.504051 0.517174 0.513712
v 0.487270 0.503811 0.505463
v 0.504267 0.522562 0.517168
v 0.495068 0.506206 0.505786
v 0.507451 0.506804 0.514392
v 0.491108 0.496820 0.510508
v 0.507574 0.503806 0.509848
v 0.497433 0.506391 0.506670
v 0.503492 0.512083 0.510442
v 0.497643 0.494712 0.508752
v 0.501552 0.501279 0.508674
v 0.499030 0.508726 0.507604
v 0.500307 0.513394 0.517310
v 0.487486 0.511003 0.505081
v 0.497126 0.511362 0.522059
v 0.494829 0.500812 0.509546
v 0.499101 0.507268 0.515149
v 0.494843 0.503076 0.506467
v 0.506949 0.504131 0.509187
v 0.489315 0.501794 0.516512
v 0.502151 0.504891 0.510827
v 0.491627 0.511941 0.501098
v 0.510342 0.502763 0.511924
v 0.490604 0.503598 0.516097
v 0.494423 0.519477 0.512696
v 0.497516 0.506573 0.506630
v 0.513275 0.515822 0.507676
v 0.495874 0.495380 0.511906
v 0.513769 0.505007 0.510352
v 0.496652 0.502029 0.504865
v 0.506042 0.506634 0.515862
v 0.497129 0.502636 0.513641
v 0.504500 0.504094 0.517583
v 0.491179 0.491177 0.508836
v 0.502330 0.506392 0.518030
v 0.486691 0.499710 0.506392
v 0.507150 0.509881 0.516007
v 0.493521 0.503312 0.511895
v 0.502574 0.507238 0.509561
v 0.496988 0.501617 0.505870
v 0.508133 0.507335 0.508514
v 0.504191 0.508360 0.505611
v 0.490995 0.502592 0.503470
v 0.488032 0.518023 0.504207
v 0.491254 0.512949 0.509857
v 0.487153 0.514423 0.512150
v 0.506180 0.511183 0.513283
v 0.493921 0.510506 0.506661
v 0.500392 0.512840 0.513171
v 0.486508 0.505793 0.496926
v 0.509396 0.509565 0.523917
v 0.485788 0.509701 0.507969
v 0.502707 0.504253 0.518119
v 0.491914 0.501807 0.511806
v 0.498942 0.509421 0.515668
v 0.481328 0.515583 0.518788
v 0.508421 0.509366 0.516543
v 0.500326 0.504026 0.511410
v 0.509941 0.510873 0.517108
v 0.478192 0.500820 0.503961
v 0.506939 0.526120 0.519919
v 0.482437 0.507217 0.508427
v 0.505853 0.532090 0.523716
v 0.490652 0.507712 0.507012
v 0.511113 0.508671 0.520837
v 0.487018 0.494950 0.514580
v 0.511256 0.504982 0.512756
v 0.495928 0.509641 0.508899
v 0.504972 0.517630 0.514033
v 0.495640 0.493287 0.512713
v 0.502513 0.502194 0.512025
v 0.499465 0.511608 0.510272
v 0.499843 0.518812 0.524452
v 0.481997 0.514081 0.506208
v 0.496287 0.519690 0.531351
v 0.492137 0.500504 0.511963
v 0.498463 0.510556 0.521482
v 0.491861 0.503444 0.508936
v 0.510886 0.505294 0.513110
v 0.483614 0.502938 0.523594
v 0.504934 0.508395 0.515610
v 0.489308 0.516416 0.499982
v 0.514652 0.504067 0.516067
v 0.486630 0.506334 0.521900
v 0.492253 0.527950 0.518022
v 0.496910 0.508034 0.509476
v 0.519405 0.524354 0.510712
v 0.494736 0.493426 0.515414
v 0.522052 0.507711 0.514395
v 0.495634 0.500791 0.506494
v 0.508236 0.508982 0.522408
v 0.495860 0.502973 0.519787
v 0.506809 0.503941 0.525743
v 0.487070 0.486852 0.511842
v 0.504758 0.508995 0.524576
v 0.481636 0.497781 0.508013
v 0.511151 0.514435 0.522411
v 0.490196 0.504679 0.516601
v 0.504888 0.510372 0.513630
v 0.495071 0.502179 0.506358
v 0.512627 0.509358 0.512704
v 0.506026 0.512096 0.508343
v 0.481303 0.505061 0.501199
v 0.479082 0.535933 0.506047
v 0.482984 0.519724 0.519273
v 0.477321 0.529927 0.519320
v 0.513570 0.520403 0.522839
v 0.489591 0.518827 0.515226
v 0.501568 0.526423 0.520076
v 0.475798 0.508835 0.492448
v 0.516213 0.514931 0.540483
v 0.472867 0.516665 0.509022
v 0.501772 0.509716 0.529943
v 0.483564 0.503329 0.519047
v 0.497599 0.518595 0.527943
v 0.467112 0.532816 0.534655
v 0.515772 0.518304 0.529725
v 0.500435 0.503871 0.521370
v 0.518656 0.516879 0.533411
v 0.460163 0.500823 0.507788
v 0.514932 0.550736 0.537001
v 0.470131 0.516086 0.516405
v 0.511104 0.555935 0.541445
v 0.478100 0.509824 0.511282
v 0.521510 0.513854 0.537531
v 0.475078 0.489665 0.525503
v 0.522078 0.508219 0.520165
v 0.492006 0.517179 0.516147
v 0.508137 0.533959 0.523613
v 0.489332 0.491845 0.524188
v 0.505403 0.504576 0.520029
v 0.500497 0.518840 0.517559
v 0.497720 0.532787 0.543883
v 0.466719 0.522277 0.510368
v 0.495473 0.541937 0.555761
v 0.483495 0.498483 0.518786
v 0.496889 0.518638 0.538492
v 0.483164 0.504429 0.518454
v 0.521443 0.509676 0.524646
v 0.468216 0.507417 0.542902
v 0.513095 0.517946 0.529721
v 0.483108 0.529365 0.497465
v 0.525955 0.507723 0.527536
v 0.476513 0.513959 0.537727
v 0.486783 0.550014 0.531778
v 0.495922 0.511228 0.517235
v 0.534988 0.547852 0.520762
v 0.491282 0.486918 0.525470
v 0.544863 0.516584 0.525419
v 0.493303 0.495211 0.512188
v 0.513756 0.513903 0.539861
v 0.492819 0.502934 0.537842
v 0.512359 0.504484 0.547135
v 0.477475 0.476691 0.520446
v 0.512268 0.518534 0.541598
v 0.468335 0.493497 0.512843
v 0.521302 0.527016 0.540740
v 0.481309 0.508268 0.529546
v 0.511995 0.517198 0.526350
v 0.488736 0.502406 0.508204
v 0.524724 0.516071 0.522970
v 0.509480 0.523258 0.516243
v 0.500623 0.498262 0.507339
v 0.495253 0.501200 0.503842
v 0.502988 0.505452 0.506648
v 0.499253 0.498623 0.505166
v 0.500192 0.504200 0.508752
v 0.501037 0.498756 0.505311
v 0.501720 0.498413 0.512461
v 0.497686 0.499739 0.508137
v 0.501537 0.500625 0.504927
v 0.495101 0.500388 0.511377
v 0.501534 0.501716 0.506791
v 0.500991 0.501642 0.506641
v 0.503397 0.496887 0.507787
v 0.496220 0.498008 0.503632
v 0.497448 0.500786 0.506599
v 0.499934 0.502488 0.506483
v 0.498963 0.502814 0.507864
v 0.493141 0.503722 0.506790
v 0.501320 0.503198 0.507025
v 0.495802 0.494760 0.502848
v 0.501151 0.507643 0.509512
v 0.498579 0.498415 0.508027
v 0.502390 0.504797 0.505520
v 0.499859 0.499374 0.505115
v 0.501226 0.505933 0.507537
v 0.500760 0.498899 0.504507
v 0.503139 0.505645 0.509790
v 0.496137 0.501968 0.506022
v 0.501034 0.501638 0.509072
v 0.493035 0.498084 0.508269
v 0.498545 0.506889 0.512952
v 0.498520 0.504991 0.506503
v 0.500765 0.504214 0.511595
v 0.495610 0.500210 0.509141
v 0.501428 0.505769 0.506098
v 0.496897 0.501081 0.508476
v 0.500788 0.505207 0.509587
v 0.495654 0.502263 0.504109
v 0.500666 0.499458 0.507329
v 0.494536 0.504230 0.505066
v 0.502633 0.504354 0.510875
v 0.495992 0.497708 0.508138
v 0.501445 0.503064 0.507794
v 0.497448 0.502504 0.503515
v 0.504064 0.500618 0.509006
v 0.499514 0.497538 0.508293
v 0.499198 0.503250 0.506725
v 0.497259 0.502514 0.507955
v 0.500606 0.503772 0.505038
v 0.494558 0.500396 0.509513
v 0.496676 0.504597 0.507589
v 0.495744 0.500485 0.506430
v 0.500122 0.507700 0.513266
v 0.497395 0.499467 0.508040
v 0.501592 0.505302 0.507253
v 0.499190 0.501795 0.508070
v 0.498592 0.501254 0.508729
v 0.496805 0.503838 0.508469
v 0.497914 0.505111 0.508599
v 0.498667 0.500347 0.503899
v 0.497037 0.501465 0.506529
v 0.491383 0.505530 0.504944
v 0.497059 0.510194 0.504104
v 0.492245 0.505375 0.510899
v 0.503947 0.505954 0.509264
v 0.496080 0.505050 0.502690
v 0.499352 0.505179 0.512032
v 0.490826 0.505288 0.498973
v 0.505653 0.508447 0.515906
v 0.490218 0.508491 0.510471
v 0.505045 0.503610 0.515797
v 0.498223 0.499278 0.510052
v 0.499709 0.503250 0.510798
v 0.486683 0.502820 0.510979
v 0.504050 0.502767 0.510107
v 0.499728 0.507324 0.506022
v 0.505043 0.508980 0.508449
v 0.487074 0.501683 0.501328
v 0.503439 0.511854 0.511263
v 0.487962 0.500101 0.503820
v 0.504198 0.518965 0.516902
v 0.501070 0.507126 0.507584
v 0.506645 0.507253 0.510885
v 0.491866 0.498121 0.509493
v 0.507488 0.503686 0.510662
v 0.498314 0.503434 0.506630
v 0.503890 0.510713 0.509802
v 0.498507 0.493380 0.508253
v 0.499767 0.500132 0.508376
v 0.496757 0.506185 0.509423
v 0.501075 0.512571 0.516432
v 0.489392 0.510315 0.506561
v 0.497449 0.504140 0.519046
v 0.495324 0.501414 0.511875
v 0.501082 0.506061 0.513305
v 0.495368 0.504785 0.506781
v 0.504792 0.504184 0.507490
v 0.491973 0.500935 0.514240
v 0.498978 0.501603 0.509739
v 0.490170 0.512925 0.503775
v 0.509532 0.502767 0.510901
v 0.490659 0.500288 0.516525
v 0.494541 0.516238 0.510798
v 0.495019 0.507476 0.506860
v 0.512134 0.509223 0.507057
v 0.495645 0.493369 0.513884
v 0.508572 0.501383 0.509426
v 0.496319 0.504312 0.505993
v 0.506449 0.507452 0.513456
v 0.496541 0.501077 0.513292
v 0.502782 0.505636 0.514246
v 0.492774 0.492955 0.509338
v 0.499496 0.506596 0.519058
v 0.487889 0.500749 0.508421
v 0.505007 0.509763 0.513790
v 0.496462 0.502805 0.511409
v 0.500893 0.505119 0.508697
v 0.498313 0.500591 0.508260
v 0.506623 0.508129 0.506537
v 0.503357 0.505724 0.504976
v 0.497037 0.499608 0.499564
v 0.498779 0.503210 0.503801
v 0.500819 0.500388 0.509577
v 0.494293 0.506283 0.509257
v 0.502994 0.503686 0.509959
v 0.497221 0.502695 0.508969
v 0.500670 0.503323 0.506895
v 0.494601 0.503202 0.504956
v 0.496785 0.502363 0.508886
v 0.496855 0.505214 0.499563
v 0.496333 0.507342 0.507537
v 0.494980 0.501165 0.504766
v 0.499526 0.505616 0.507367
v 0.497466 0.507836 0.506705
v 0.504735 0.503464 0.509391
v 0.498111 0.492365 0.506644
v 0.502711 0.503610 0.512367
v 0.496901 0.498244 0.508295
v 0.501381 0.510145 0.509439
v 0.493530 0.505178 0.505595
v 0.498108 0.505647 0.508221
v 0.488530 0.496637 0.508689
v 0.504668 0.502895 0.509828
v 0.495960 0.503159 0.507074
v 0.502364 0.499679 0.508486
v 0.496358 0.500209 0.507533
v 0.500644 0.506207 0.508116
v 0.495587 0.505830 0.506089
v 0.504041 0.503477 0.507051
v 0.497372 0.495965 0.504864
v 0.497573 0.498934 0.507343
v 0.491253 0.498270 0.507405
v 0.500717 0.511497 0.512211
v 0.498020 0.498169 0.505289
v 0.502705 0.500846 0.512346
v 0.495835 0.498690 0.507573
v 0.503017 0.503201 0.510516
v 0.495716 0.500186 0.509010
v 0.502947 0.507716 0.511514
v 0.498460 0.501914 0.502375
v 0.501865 0.501788 0.508368
v 0.498773 0.502024 0.506469
v 0.498684 0.504880 0.505104
v 0.499470 0.501128 0.504738
v 0.500795 0.506845 0.510360
v 0.496363 0.495479 0.507042
v 0.506403 0.500453 0.507066
v 0.499368 0.495565 0.506076
v 0.501136 0.497691 0.510230
v 0.499008 0.497973 0.511679
v 0.500211 0.497442 0.507532
v 0.499168 0.497602 0.508700
v 0.500389 0.504019 0.506172
v 0.498680 0.500936 0.503570
v 0.503271 0.502948 0.507719
v 0.496321 0.502266 0.505923
v 0.505090 0.503328 0.509596
v 0.494488 0.499802 0.503041
v 0.502419 0.501335 0.507396
v 0.500593 0.506355 0.506337
v 0.498150 0.500811 0.502398
v 0.497385 0.502481 0.505167
v 0.500167 0.503286 0.504243
v 0.497178 0.503531 0.500837
v 0.499217 0.500858 0.503752
v 0.497941 0.503751 0.502115
v 0.499717 0.503377 0.504670
v 0.497230 0.503193 0.508056
v 0.497760 0.503140 0.504081
v 0.498849 0.503529 0.503454
v 0.500971 0.502911 0.503739
v 0.496703 0.503226 0.504678
v 0.500588 0.501733 0.504114
v 0.499815 0.501456 0.504098
v 0.502079 0.503955 0.503536
v 0.498277 0.501905 0.504641
v 0.500393 0.504337 0.504532
v 0.498335 0.503796 0.504346
v 0.498902 0.502832 0.502917
v 0.499750 0.504419 0.503038
v 0.498445 0.502144 0.503184
v 0.497477 0.501676 0.502563
v 0.498969 0.502703 0.505232
v 0.498625 0.502977 0.503715
v 0.499661 0.503613 0.506442
v 0.496527 0.503724 0.503264
v 0.498708 0.502551 0.505611
v 0.498563 0.503170 0.504024
v 0.500089 0.504231 0.502049
v 0.498840 0.504330 0.502607
v 0.498816 0.501180 0.503430
v 0.497233 0.503723 0.502541
v 0.501701 0.503348 0.504157
v 0.498136 0.502961 0.502898
v 0.499953 0.502180 0.503851
v 0.497575 0.501981 0.503467
v 0.501275 0.504972 0.505566
v 0.497875 0.500859 0.501709
v 0.500265 0.505191 0.504132
v 0.497276 0.502594 0.503881
v 0.498375 0.502836 0.503773
v 0.496383 0.502633 0.503330
v 0.499626 0.503333 0.503387
v 0.498186 0.501411 0.503355
v 0.499490 0.503128 0.504942
v 0.496505 0.504589 0.502545
v 0.498629 0.503992 0.505251
v 0.498616 0.501606 0.501713
v 0.498946 0.505460 0.502258
v 0.497317 0.502839 0.503951
v 0.498879 0.503579 0.503875
v 0.498534 0.504623 0.502736
v 0.499277 0.502134 0.503568
v 0.498872 0.502511 0.503219
v 0.500362 0.503278 0.503642
v 0.496593 0.501614 0.504159
v 0.500461 0.504437 0.505021
v 0.498400 0.503002 0.503710
v 0.498770 0.502641 0.504970
v 0.498856 0.503381 0.502244
v 0.497005 0.498291 0.504485
v 0.494485 0.499456 0.510425
v 0.501641 0.508463 0.512485
v 0.492229 0.508623 0.503248
v 0.497447 0.500473 0.506263
v 0.493358 0.504819 0.502445
v 0.500723 0.507526 0.513122
v 0.488432 0.506224 0.522874
v 0.492585 0.503298 0.509477
v 0.498230 0.504787 0.509782
v 0.503945 0.508795 0.505480
v 0.490071 0.505432 0.510792
v 0.503670 0.499371 0.507611
v 0.502223 0.505650 0.505478
v 0.509733 0.502458 0.506934
v 0.494921 0.498118 0.507011
v 0.507125 0.508795 0.512954
v 0.494617 0.500475 0.509571
v 0.498961 0.511429 0.500958
v 0.498479 0.510486 0.506573
v 0.500470 0.503165 0.504422
v 0.492649 0.503440 0.505033
v 0.502422 0.502422 0.508318
v 0.495220 0.507767 0.506069
v 0.502065 0.506839 0.516966
v 0.493155 0.503737 0.503388
v 0.496592 0.503952 0.510573
v 0.498503 0.503843 0.509860
v 0.506552 0.509477 0.502595
v 0.497665 0.505840 0.504204
v 0.495883 0.500973 0.506118
v 0.489369 0.505844 0.508112
v 0.505269 0.508201 0.513671
v 0.496194 0.506960 0.505952
v 0.503996 0.501824 0.510993
v 0.494656 0.503638 0.503278
v 0.502759 0.511681 0.511719
v 0.497951 0.496868 0.505000
v 0.501696 0.512732 0.510033
v 0.497793 0.501718 0.507124
v 0.494633 0.499994 0.507096
v 0.493879 0.506004 0.505739
v 0.497817 0.505130 0.507369
v 0.500819 0.503007 0.508454
v 0.497494 0.505833 0.508756
v 0.489419 0.507027 0.506180
v 0.502523 0.508483 0.509152
v 0.500493 0.497354 0.504034
v 0.498493 0.509903 0.508159
v 0.497382 0.503123 0.508265
v 0.503789 0.501229 0.509108
v 0.497613 0.502500 0.507772
v 0.498103 0.500284 0.508811
v 0.499460 0.501788 0.505400
v 0.501462 0.505084 0.511821
v 0.490853 0.503456 0.505939
v 0.502242 0.507880 0.509675
v 0.496102 0.502828 0.506656
v 0.501951 0.499645 0.514692
v 0.497400 0.508759 0.507350
v 0.498872 0.499623 0.510133
v 0.490638 0.505606 0.508929
v 0.504523 0.511469 0.506648
v 0.501300 0.501182 0.500926
v 0.498960 0.506366 0.519564
v 0.499130 0.501575 0.513556
v 0.498928 0.496266 0.516964
v 0.495369 0.503203 0.514847
v 0.499126 0.501270 0.506661
v 0.497005 0.499488 0.515029
v 0.500366 0.503935 0.506340
v 0.497197 0.500885 0.507292
v 0.504915 0.497747 0.513498
v 0.492173 0.499568 0.507958
v 0.498855 0.505204 0.512585
v 0.495964 0.505542 0.513804
v 0.500107 0.508783 0.509885
v 0.487432 0.507938 0.513446
v 0.499644 0.501105 0.513740
v 0.493914 0.496016 0.507070
v 0.501013 0.509369 0.511296
v 0.494424 0.499868 0.510757
v 0.497396 0.513212 0.510716
v 0.496104 0.506508 0.511187
v 0.493518 0.516068 0.508412
v 0.500856 0.502770 0.508660
v 0.500791 0.512800 0.514195
v 0.491632 0.512713 0.511018
v 0.499560 0.511236 0.516877
v 0.489548 0.499767 0.509193
v 0.499982 0.512078 0.518288
v 0.495536 0.507628 0.508816
v 0.502159 0.508602 0.517342
v 0.492310 0.500938 0.510142
v 0.504044 0.510921 0.508707
v 0.492921 0.500688 0.515064
v 0.504294 0.515024 0.515543
v 0.493624 0.503655 0.504195
v 0.502239 0.503528 0.508302
v 0.487343 0.509668 0.506487
v 0.500131 0.510732 0.512728
v 0.491832 0.498903 0.507916
v 0.504889 0.501941 0.513328
v 0.498586 0.501786 0.500625
v 0.500629 0.504733 0.518064
v 0.500439 0.502207 0.508337
v 0.497801 0.510825 0.511859
v 0.493379 0.505681 0.507129
v 0.504133 0.510232 0.507856
v 0.492463 0.500691 0.507538
v 0.493591 0.508171 0.513884
v 0.492967 0.506091 0.510153
v 0.502528 0.513563 0.517210
v 0.495794 0.497955 0.510471
v 0.503227 0.504497 0.509575
v 0.498632 0.504078 0.510022
v 0.497523 0.504765 0.512389
v 0.491604 0.513358 0.505425
v 0.494778 0.507290 0.512316
v 0.497472 0.501047 0.502583
v 0.499676 0.499683 0.504160
v 0.497377 0.500762 0.503538
v 0.500478 0.502952 0.503542
v 0.498949 0.499564 0.505495
v 0.500106 0.501381 0.503959
v 0.499720 0.500497 0.502303
v 0.500367 0.500795 0.506030
v 0.498226 0.500135 0.502369
v 0.501005 0.501385 0.504740
v 0.497039 0.501558 0.505781
v 0.501636 0.500832 0.505414
v 0.500948 0.501282 0.504925
v 0.500538 0.499417 0.504152
v 0.497603 0.499401 0.503377
v 0.499820 0.499780 0.503873
v 0.500254 0.502047 0.503069
v 0.499007 0.501856 0.503876
v 0.497056 0.502343 0.502470
v 0.500557 0.502515 0.503681
v 0.497046 0.497906 0.502554
v 0.500422 0.504518 0.505561
v 0.500603 0.500753 0.504496
v 0.500942 0.501902 0.503495
v 0.498809 0.499849 0.502970
v 0.500905 0.501937 0.504580
v 0.500154 0.499781 0.503557
v 0.501148 0.503077 0.505066
v 0.498995 0.499697 0.504642
v 0.499490 0.500072 0.504710
v 0.497936 0.499933 0.505507
v 0.499221 0.503374 0.506443
v 0.498369 0.502524 0.503790
v 0.499116 0.501231 0.506299
v 0.498218 0.501316 0.505971
v 0.500056 0.502416 0.504054
v 0.498609 0.502378 0.504233
v 0.500394 0.501800 0.504381
v 0.498195 0.501176 0.503680
v 0.499170 0.499996 0.504621
v 0.497117 0.502838 0.503596
v 0.501468 0.501635 0.505443
v 0.497853 0.499538 0.505512
v 0.499122 0.502915 0.503806
v 0.498063 0.502008 0.504314
v 0.502446 0.500038 0.504429
v 0.499357 0.498066 0.505700
v 0.499921 0.500541 0.503475
v 0.498803 0.502823 0.504208
v 0.500381 0.502248 0.504502
v 0.498138 0.500177 0.505545
v 0.499699 0.501779 0.504660
v 0.498488 0.499609 0.503948
v 0.499573 0.503100 0.507440
v 0.498473 0.500037 0.505061
v 0.500636 0.503610 0.504244
v 0.499069 0.501791 0.505045
v 0.498952 0.500908 0.504807
v 0.499568 0.500005 0.505478
v 0.499747 0.502928 0.505035
v 0.499598 0.500889 0.503318
v 0.499009 0.498534 0.501360
v 0.498774 0.499229 0.504448
v 0.501991 0.502375 0.508011
v 0.496249 0.505234 0.505502
v 0.502403 0.502555 0.505772
v 0.497407 0.501354 0.507330
v 0.500523 0.501792 0.506625
v 0.494560 0.503088 0.508818
v 0.496550 0.503040 0.507723
v 0.497772 0.504668 0.503768
v 0.497866 0.506103 0.504687
v 0.494458 0.503794 0.506231
v 0.501165 0.502056 0.505724
v 0.499488 0.506435 0.505507
v 0.504734 0.501051 0.507166
v 0.497835 0.494843 0.505586
v 0.502427 0.503290 0.509947
v 0.498300 0.498500 0.506639
v 0.500138 0.507507 0.504973
v 0.496831 0.505768 0.502691
v 0.498839 0.501947 0.504171
v 0.491558 0.499650 0.506807
v 0.502459 0.501396 0.507518
v 0.496055 0.504770 0.504327
v 0.500414 0.500088 0.508895
v 0.497233 0.500995 0.503812
v 0.499108 0.502860 0.506705
v 0.498272 0.502465 0.504996
v 0.504110 0.503023 0.504553
v 0.497476 0.499618 0.504732
v 0.497651 0.500122 0.505435
v 0.493288 0.500707 0.505960
v 0.501422 0.508105 0.509367
v 0.498245 0.499821 0.505195
v 0.502615 0.499855 0.509433
v 0.497124 0.498193 0.505519
v 0.500390 0.502736 0.508471
v 0.497694 0.498364 0.506073
v 0.501741 0.506673 0.507927
v 0.500504 0.498549 0.502990
v 0.500434 0.498737 0.506542
v 0.498319 0.503124 0.505408
v 0.499736 0.502900 0.504938
v 0.500530 0.500467 0.503742
v 0.499471 0.504410 0.508448
v 0.494015 0.498705 0.505943
v 0.503610 0.500663 0.505742
v 0.500866 0.496598 0.505020
v 0.501310 0.499370 0.509441
v 0.499340 0.500664 0.508417
v 0.502162 0.497959 0.506742
v 0.499659 0.498507 0.507751
v 0.500769 0.502043 0.506102
v 0.499306 0.500757 0.504022
v 0.502212 0.501665 0.507134
v 0.497671 0.502422 0.504909
v 0.503064 0.503973 0.507328
v 0.495903 0.499917 0.503662
v 0.501677 0.500156 0.507242
v 0.499788 0.505051 0.505005
v 0.493032 0.504312 0.504511
v 0.489306 0.506847 0.511056
v 0.499846 0.510271 0.507531
v 0.493023 0.503387 0.497512
v 0.498199 0.503510 0.509074
v 0.494530 0.509499 0.507528
v 0.499932 0.504846 0.509243
v 0.493373 0.506504 0.517737
v 0.497948 0.509834 0.508737
v 0.495681 0.505102 0.505655
v 0.502658 0.505252 0.507749
v 0.489502 0.504855 0.509862
v 0.504404 0.505751 0.511289
v 0.496080 0.498480 0.511344
v 0.506399 0.512625 0.508196
v 0.493427 0.502102 0.510801
v 0.498490 0.512327 0.508950
v 0.493223 0.511873 0.510615
v 0.497775 0.504881 0.506972
v 0.500505 0.508655 0.505380
v 0.498069 0.505990 0.506561
v 0.491380 0.505181 0.502680
v 0.496503 0.508893 0.513637
v 0.495825 0.507060 0.511216
v 0.496041 0.513315 0.513283
v 0.489833 0.510779 0.508461
v 0.496720 0.508281 0.516159
v 0.494989 0.512624 0.510879
v 0.497895 0.515565 0.504949
v 0.494488 0.514237 0.504128
v 0.500365 0.502494 0.510807
v 0.492970 0.508001 0.506699
v 0.508605 0.507646 0.508906
v 0.494761 0.504096 0.506099
v 0.500226 0.507381 0.508626
v 0.491570 0.503228 0.508532
v 0.507992 0.514596 0.516996
v 0.493390 0.503084 0.501609
v 0.500207 0.513904 0.508156
v 0.489634 0.507846 0.508913
v 0.496681 0.509729 0.509560
v 0.491301 0.505515 0.504251
v 0.502791 0.507877 0.506984
v 0.493199 0.499966 0.505581
v 0.498814 0.509414 0.515621
v 0.491360 0.511589 0.505574
v 0.494635 0.509758 0.514187
v 0.493452 0.503601 0.504222
v 0.499711 0.516878 0.506082
v 0.491106 0.504355 0.506661
v 0.495966 0.511564 0.509563
v 0.493628 0.514574 0.505360
v 0.500146 0.508184 0.510672
v 0.495008 0.503582 0.509083
v 0.504663 0.510826 0.509841
v 0.493429 0.501729 0.509928
v 0.505110 0.513318 0.511069
v 0.494962 0.509124 0.504579
v 0.494653 0.510753 0.511844
v 0.495648 0.507050 0.503164
v 0.496376 0.500736 0.499556
v 0.497768 0.506623 0.503546
v 0.496773 0.501794 0.506352
v 0.496342 0.506258 0.505722
v 0.502160 0.504622 0.507177
v 0.499264 0.503580 0.505647
v 0.500366 0.504485 0.504214
v 0.495571 0.502538 0.501125
v 0.499505 0.501108 0.508268
v 0.495564 0.504068 0.500524
v 0.497628 0.505077 0.506303
v 0.496639 0.500988 0.503967
v 0.498063 0.504413 0.507150
v 0.496603 0.507787 0.507862
v 0.502326 0.504823 0.507057
v 0.500479 0.498282 0.506771
v 0.502650 0.502114 0.509694
v 0.494866 0.500566 0.503985
v 0.501694 0.509758 0.508528
v 0.495730 0.505934 0.506197
v 0.500691 0.508172 0.508322
v 0.493706 0.498442 0.505367
v 0.503805 0.502656 0.507953
v 0.495274 0.498832 0.506355
v 0.503213 0.501095 0.505887
v 0.498323 0.501795 0.507047
v 0.500368 0.508239 0.505556
v 0.497967 0.503912 0.507086
v 0.501919 0.502142 0.504309
v 0.500397 0.499929 0.504402
v 0.499069 0.502393 0.508357
v 0.493462 0.500886 0.505411
v 0.499546 0.509517 0.510602
v 0.497497 0.499034 0.504343
v 0.500980 0.502661 0.509613
v 0.496195 0.500900 0.507201
v 0.503873 0.503973 0.506750
v 0.494613 0.502149 0.509442
v 0.503148 0.504520 0.508520
v 0.498173 0.505316 0.501698
v 0.503186 0.502378 0.506159
v 0.497822 0.503118 0.507685
v 0.497484 0.506993 0.506257
v 0.500002 0.501751 0.505239
v 0.504086 0.509733 0.507511
v 0.498183 0.496782 0.505698
v 0.507629 0.503522 0.506573
v 0.498542 0.497714 0.504588
v 0.501609 0.499328 0.508457
v 0.499079 0.499091 0.510102
v 0.500586 0.498715 0.507686
v 0.496925 0.498493 0.505701
v 0.502472 0.504474 0.506762
v 0.495520 0.500368 0.503533
v 0.502664 0.503601 0.508846
v 0.495768 0.501370 0.506569
v 0.502674 0.503322 0.507596
v 0.496768 0.500284 0.503068
v 0.503167 0.501901 0.506328
v 0.501084 0.505630 0.504941
v 0.500506 0.498554 0.506654
v 0.495724 0.501171 0.503616
v 0.502560 0.504915 0.505995
v 0.499267 0.498874 0.504907
v 0.500080 0.503718 0.507789
v 0.500845 0.499089 0.504807
v 0.501456 0.498719 0.511148
v 0.497918 0.499795 0.507267
v 0.501394 0.500726 0.504624
v 0.495571 0.500445 0.510243
v 0.501359 0.501560 0.506234
v 0.500898 0.501621 0.506139
v 0.502928 0.497274 0.507016
v 0.496633 0.498340 0.503399
v 0.497707 0.500677 0.505967
v 0.499938 0.502291 0.505833
v 0.499022 0.502553 0.507100
v 0.494006 0.503396 0.506110
v 0.501170 0.502959 0.506401
v 0.496227 0.495416 0.502836
v 0.500883 0.506801 0.508656
v 0.498753 0.498751 0.507290
v 0.502092 0.504308 0.504995
v 0.499844 0.499507 0.504646
v 0.501112 0.505186 0.506933
v 0.500628 0.499099 0.504217
v 0.502727 0.504961 0.508900
v 0.496597 0.501753 0.505607
v 0.500848 0.501477 0.508218
v 0.493872 0.498412 0.507597
v 0.498587 0.506083 0.511550
v 0.498648 0.504498 0.505963
v 0.500582 0.503674 0.510454
v 0.496119 0.500370 0.508379
v 0.501127 0.505130 0.505593
v 0.497272 0.501127 0.507701
v 0.500661 0.504557 0.508651
v 0.496221 0.502061 0.503847
v 0.500513 0.499596 0.506755
v 0.495181 0.503800 0.504692
v 0.502310 0.503821 0.509859
v 0.496444 0.498080 0.507451
v 0.501122 0.502847 0.507018
v 0.497714 0.502298 0.503449
v 0.503574 0.500596 0.508142
v 0.499504 0.497851 0.507573
v 0.499260 0.502867 0.506189
v 0.497603 0.502321 0.507335
v 0.500422 0.503379 0.504730
v 0.495195 0.500504 0.508685
v 0.497055 0.504128 0.506847
v 0.496235 0.500478 0.505938
v 0.499967 0.506764 0.511937
v 0.497708 0.499645 0.507336
v 0.501364 0.504776 0.506615
v 0.499251 0.501641 0.507433
v 0.498647 0.501137 0.507901
v 0.497184 0.503413 0.507788
v 0.498055 0.504538 0.507818
v 0.498788 0.500394 0.503671
v 0.496205 0.501673 0.504717
v 0.492422 0.507132 0.503827
v 0.496541 0.508804 0.504530
v 0.492378 0.506065 0.508733
v 0.503020 0.505920 0.508553
v 0.496441 0.505331 0.502799
v 0.499496 0.505371 0.509754
v 0.491813 0.504829 0.499517
v 0.505039 0.507478 0.514551
v 0.491956 0.507408 0.507610
v 0.503565 0.502625 0.512799
v 0.497076 0.499594 0.508727
v 0.499828 0.503729 0.509539
v 0.488554 0.504999 0.511022
v 0.504034 0.504100 0.509497
v 0.499858 0.505485 0.505870
v 0.505161 0.507811 0.508817
v 0.487706 0.501334 0.502011
v 0.502921 0.512363 0.510707
v 0.489208 0.501669 0.503931
v 0.504019 0.517754 0.514672
v 0.498366 0.506042 0.505662
v 0.505873 0.505761 0.510681
v 0.492836 0.498232 0.508862
v 0.506252 0.503492 0.508880
v 0.498207 0.504330 0.505713
v 0.502803 0.509693 0.509004
v 0.498496 0.494891 0.507150
v 0.500572 0.500751 0.507285
v 0.497958 0.506975 0.507291
v 0.500622 0.510788 0.514410
v 0.489855 0.509569 0.505371
v 0.497445 0.506250 0.517979
v 0.495917 0.500971 0.509559
v 0.499869 0.506004 0.512203
v 0.496140 0.503581 0.505829
v 0.504942 0.503771 0.507251
v 0.492108 0.500982 0.513462
v 0.500330 0.502772 0.508598
v 0.491994 0.511009 0.502541
v 0.508246 0.502646 0.510044
v 0.491948 0.501568 0.514034
v 0.495144 0.515577 0.510349
v 0.497011 0.506399 0.505919
v 0.510783 0.511101 0.506253
v 0.496183 0.495395 0.511112
v 0.509205 0.502962 0.508693
v 0.497130 0.503203 0.504692
v 0.505340 0.505786 0.512904
v 0.497301 0.501934 0.511100
v 0.503033 0.504420 0.513682
v 0.493384 0.493231 0.508044
v 0.500734 0.505752 0.516066
v 0.488857 0.500526 0.506587
v 0.505158 0.508080 0.513059
v 0.495898 0.502662 0.510165
v 0.501190 0.505616 0.507821
v 0.497757 0.501103 0.506424
v 0.506272 0.506811 0.506144
v 0.503054 0.506149 0.504565
v 0.488418 0.506827 0.507114
v 0.482409 0.509484 0.516540
v 0.499350 0.517692 0.510721
v 0.488451 0.503978 0.494820
v 0.496767 0.506452 0.514380
v 0.491356 0.514928 0.513212
v 0.500118 0.505787 0.513123
v 0.489734 0.509490 0.526983
v 0.498004 0.515319 0.513501
v 0.492493 0.504456 0.508671
v 0.503728 0.508055 0.511125
v 0.483005 0.506214 0.513886
v 0.507256 0.510123 0.518029
v 0.493026 0.495971 0.517954
v 0.510147 0.521357 0.512495
v 0.488456 0.503142 0.516578
v 0.497441 0.519470 0.513603
v 0.488007 0.519410 0.515845
v 0.495660 0.507526 0.511847
v 0.500808 0.512333 0.508322
v 0.498569 0.508957 0.509623
v 0.485879 0.508641 0.503442
v 0.493290 0.516222 0.520812
v 0.492465 0.512676 0.517516
v 0.492029 0.522795 0.518704
v 0.484795 0.517229 0.512983
v 0.494459 0.514561 0.525266
v 0.491168 0.521884 0.517316
v 0.495206 0.527012 0.510184
v 0.490181 0.521738 0.506173
v 0.501846 0.505031 0.518146
v 0.489710 0.511523 0.510376
v 0.515940 0.512196 0.514212
v 0.491826 0.504130 0.509797
v 0.501161 0.512563 0.513098
v 0.485676 0.505354 0.514035
v 0.513403 0.523696 0.527104
v 0.489001 0.505683 0.501746
v 0.500129 0.521240 0.512299
v 0.481311 0.512976 0.514006
v 0.494945 0.517092 0.514679
v 0.486694 0.508524 0.505079
v 0.505666 0.510599 0.511613
v 0.489241 0.498461 0.506706
v 0.497784 0.514993 0.526263
v 0.486966 0.517947 0.508746
v 0.491235 0.516066 0.522308
v 0.488142 0.505472 0.507107
v 0.500991 0.527440 0.510550
v 0.485163 0.505212 0.509483
v 0.492453 0.519835 0.515195
v 0.489382 0.522900 0.508936
v 0.501272 0.514161 0.518365
v 0.491397 0.503700 0.514606
v 0.508336 0.516231 0.515675
v 0.490748 0.502526 0.513943
v 0.508476 0.521921 0.516765
v 0.490267 0.516348 0.505744
v 0.490931 0.517796 0.518908
v 0.492345 0.510103 0.504367
v 0.499197 0.500354 0.504134
v 0.496236 0.503089 0.504582
v 0.501377 0.505334 0.503340
v 0.499571 0.501621 0.501334
v 0.498781 0.502427 0.507681
v 0.498513 0.503236 0.506436
v 0.498634 0.498969 0.506224
v 0.498099 0.502057 0.506426
v 0.499157 0.501434 0.503961
v 0.499363 0.500736 0.505425
v 0.499336 0.501817 0.503241
v 0.498341 0.500786 0.503405
v 0.501531 0.500111 0.505832
v 0.497127 0.500149 0.504690
v 0.500237 0.503613 0.505824
v 0.497365 0.502913 0.506174
v 0.500074 0.504167 0.504220
v 0.495744 0.504183 0.506107
v 0.499025 0.500691 0.506085
v 0.497909 0.500484 0.504754
v 0.499584 0.503202 0.504677
v 0.497228 0.501885 0.504657
v 0.498028 0.505949 0.504903
v 0.497631 0.504530 0.505630
v 0.496666 0.506437 0.504155
v 0.499348 0.502995 0.503971
v 0.499018 0.505227 0.506141
v 0.497021 0.506309 0.505428
v 0.498762 0.505627 0.507244
v 0.496883 0.501892 0.504244
v 0.499762 0.504390 0.506527
v 0.497575 0.503417 0.504256
v 0.500772 0.503453 0.506456
v 0.497237 0.501100 0.505207
v 0.500840 0.504121 0.504404
v 0.497103 0.501041 0.506698
v 0.501551 0.505812 0.506752
v 0.497835 0.502338 0.502357
v 0.500076 0.503034 0.504070
v 0.495160 0.503996 0.503937
v 0.498764 0.504737 0.505604
v 0.496689 0.501044 0.503393
v 0.501496 0.501795 0.505905
v 0.499181 0.500893 0.501424
v 0.499670 0.502352 0.507999
v 0.499668 0.502065 0.504494
v 0.498594 0.504492 0.505825
v 0.497422 0.502545 0.503783
v 0.500971 0.505021 0.504217
v 0.496802 0.500759 0.503766
v 0.497274 0.503816 0.506103
v 0.497787 0.503447 0.505031
v 0.500093 0.504683 0.506402
v 0.498290 0.500095 0.504988
v 0.500667 0.502145 0.504627
v 0.499289 0.502295 0.504813
v 0.498370 0.502848 0.505332
v 0.496693 0.506541 0.502765
v 0.497393 0.503189 0.505309
v 0.499163 0.501531 0.501579
v 0.499818 0.498361 0.510543
v 0.492197 0.503625 0.507455
v 0.504105 0.509743 0.507645
v 0.500909 0.500065 0.502222
v 0.499904 0.507018 0.517455
v 0.501091 0.499655 0.511427
v 0.500375 0.496551 0.517438
v 0.496021 0.501975 0.514533
v 0.499947 0.500348 0.506315
v 0.495531 0.500245 0.515798
v 0.499693 0.503287 0.507142
v 0.498782 0.500721 0.507432
v 0.505151 0.497040 0.512493
v 0.493130 0.499348 0.506171
v 0.497650 0.503235 0.511159
v 0.497591 0.505313 0.512738
v 0.499516 0.506967 0.510176
v 0.487646 0.507654 0.512026
v 0.500116 0.502320 0.512111
v 0.493901 0.495419 0.504916
v 0.501773 0.509929 0.511614
v 0.495362 0.498760 0.511123
v 0.499939 0.510469 0.509443
v 0.497293 0.503341 0.509964
v 0.495845 0.514031 0.508279
v 0.501258 0.500937 0.508054
v 0.503067 0.510693 0.513872
v 0.491913 0.509217 0.510329
v 0.500923 0.508022 0.514748
v 0.489602 0.498229 0.509752
v 0.499342 0.511190 0.518580
v 0.497017 0.507735 0.508923
v 0.502313 0.508051 0.517260
v 0.492963 0.500507 0.510263
v 0.503638 0.510391 0.507823
v 0.493894 0.500700 0.513746
v 0.503044 0.512422 0.514845
v 0.493733 0.503287 0.505095
v 0.502091 0.501673 0.508750
v 0.489225 0.509312 0.505945
v 0.502026 0.509410 0.512763
v 0.492904 0.497140 0.508798
v 0.504495 0.502087 0.512421
v 0.498218 0.502919 0.501606
v 0.502313 0.503886 0.515987
v 0.500409 0.499817 0.508870
v 0.498528 0.508901 0.510646
v 0.493656 0.505430 0.508212
v 0.503088 0.508280 0.506913
v 0.492287 0.500837 0.509265
v 0.494087 0.507460 0.512963
v 0.492801 0.504824 0.509306
v 0.502262 0.513631 0.517620
v 0.495402 0.498911 0.510150
v 0.503327 0.505530 0.509833
v 0.498555 0.502821 0.510326
v 0.498197 0.503633 0.512205
v 0.492518 0.510449 0.507459
v 0.495525 0.507371 0.511615
v 0.497814 0.500450 0.503051
v 0.500635 0.496020 0.512767
v 0.490814 0.499548 0.506349
v 0.505230 0.508676 0.510167
v 0.496523 0.493930 0.513333
v 0.502760 0.505645 0.511425
v 0.501340 0.497478 0.502552
v 0.504132 0.498588 0.521015
v 0.495374 0.496771 0.506294
v 0.504564 0.501148 0.510943
v 0.488952 0.502162 0.517491
v 0.508047 0.502683 0.514820
v 0.504566 0.502574 0.513455
v 0.505237 0.494995 0.510773
v 0.491882 0.494990 0.505726
v 0.499420 0.497691 0.511641
v 0.501403 0.503159 0.507609
v 0.497217 0.505295 0.510982
v 0.487945 0.505910 0.505750
v 0.503667 0.508761 0.508701
v 0.489651 0.487965 0.504162
v 0.503515 0.514276 0.516561
v 0.501644 0.498714 0.512416
v 0.505781 0.505390 0.507983
v 0.497814 0.496612 0.504356
v 0.505401 0.507340 0.512186
v 0.501345 0.494532 0.506978
v 0.507799 0.509494 0.514423
v 0.495470 0.496660 0.511291
v 0.500536 0.498001 0.514106
v 0.491480 0.496417 0.514880
v 0.497946 0.513182 0.521540
v 0.495526 0.507619 0.510436
v 0.499692 0.503870 0.519619
v 0.493149 0.502764 0.515792
v 0.503059 0.509521 0.510677
v 0.495107 0.505139 0.511387
v 0.502073 0.506762 0.512599
v 0.493073 0.501849 0.506760
v 0.498538 0.497039 0.512636
v 0.488576 0.506951 0.507766
v 0.507196 0.505295 0.517211
v 0.491991 0.493693 0.515530
v 0.500438 0.507349 0.511172
v 0.493421 0.503759 0.508582
v 0.511943 0.497481 0.513078
v 0.497519 0.491347 0.515376
v 0.501237 0.500757 0.509471
v 0.495628 0.505606 0.511740
v 0.503462 0.507436 0.510787
v 0.492807 0.497666 0.516811
v 0.498705 0.506576 0.512481
v 0.494535 0.495315 0.509574
v 0.499602 0.511262 0.523843
v 0.494944 0.496728 0.515069
v 0.503406 0.512261 0.511279
v 0.497556 0.504361 0.513295
v 0.497793 0.500926 0.513442
v 0.498554 0.500063 0.514534
v 0.500309 0.509736 0.514526
v 0.497791 0.500724 0.508612
v 0.500797 0.497783 0.508388
v 0.494476 0.500959 0.503901
v 0.503669 0.506018 0.507521
v 0.498890 0.497913 0.506218
v 0.500510 0.504858 0.509344
v 0.501424 0.498325 0.505224
v 0.502301 0.498080 0.514365
v 0.497284 0.499241 0.508701
v 0.502014 0.500760 0.505641
v 0.493959 0.500207 0.512890
v 0.502558 0.501941 0.507935
v 0.501680 0.501658 0.507673
v 0.504083 0.496183 0.508632
v 0.495533 0.497250 0.503803
v 0.497238 0.500367 0.507596
v 0.500137 0.502611 0.506840
v 0.498716 0.503260 0.508899
v 0.492166 0.503923 0.507186
v 0.501992 0.503980 0.507693
v 0.494951 0.493162 0.502939
v 0.501368 0.508901 0.510932
v 0.498836 0.498253 0.508979
v 0.503231 0.505236 0.505951
v 0.499963 0.498926 0.504956
v 0.502123 0.506465 0.508487
v 0.500816 0.497986 0.504938
v 0.504059 0.506185 0.511235
v 0.495662 0.501272 0.506882
v 0.501287 0.501033 0.510272
v 0.492042 0.497500 0.509668
v 0.498324 0.507913 0.514901
v 0.498208 0.505544 0.507335
v 0.500938 0.504447 0.513256
v 0.494959 0.500430 0.510447
v 0.501727 0.506554 0.506869
v 0.496763 0.501356 0.509316
v 0.500905 0.505850 0.510676
v 0.494855 0.502295 0.504486
v 0.500540 0.498818 0.508326
v 0.493497 0.504603 0.505566
v 0.503420 0.504696 0.512603
v 0.495246 0.497016 0.509519
v 0.501725 0.503669 0.508711
v 0.496776 0.502561 0.504006
v 0.505322 0.500171 0.510031
v 0.499079 0.496900 0.509480
v 0.499344 0.503322 0.507620
v 0.496924 0.502630 0.509241
v 0.500776 0.504149 0.505824
v 0.493727 0.500157 0.511169
v 0.496434 0.505273 0.508382
v 0.495357 0.499621 0.507185
v 0.500087 0.508588 0.515481
v 0.497140 0.498877 0.509364
v 0.501850 0.506320 0.508220
v 0.499075 0.501980 0.509102
v 0.498469 0.501152 0.509918
v 0.496655 0.503850 0.509625
v 0.497860 0.505940 0.509639
v 0.498349 0.500376 0.504642
v 0.500506 0.496873 0.510726
v 0.492316 0.499975 0.505350
v 0.504340 0.507266 0.508724
v 0.497226 0.495079 0.511074
v 0.502030 0.504804 0.509609
v 0.501168 0.498038 0.502722
v 0.503290 0.498747 0.517582
v 0.496149 0.497444 0.505952
v 0.503629 0.501065 0.508992
v 0.490896 0.501640 0.514879
v 0.506302 0.502154 0.512270
v 0.503693 0.502232 0.511284
v 0.504279 0.495682 0.509266
v 0.493434 0.496037 0.504823
v 0.499203 0.498330 0.509846
v 0.501070 0.502714 0.506583
v 0.497636 0.504336 0.509484
v 0.490118 0.505009 0.505319
v 0.503010 0.507197 0.507543
v 0.491684 0.490378 0.503740
v 0.502663 0.511596 0.513887
v 0.501100 0.498933 0.510664
v 0.504701 0.504665 0.506794
v 0.498281 0.497575 0.503991
v 0.504224 0.506222 0.510421
v 0.501175 0.495697 0.505997
v 0.506176 0.507741 0.512331
v 0.496043 0.497717 0.509596
v 0.500569 0.498601 0.512115
v 0.492641 0.496998 0.512741
v 0.498067 0.510642 0.518005
v 0.496411 0.506448 0.508908
v 0.499813 0.503345 0.516451
v 0.494333 0.502370 0.513280
v 0.502448 0.507952 0.508916
v 0.496006 0.504269 0.509756
v 0.501667 0.505692 0.510936
v 0.494293 0.501787 0.505851
v 0.498847 0.497621 0.510733
v 0.490621 0.505709 0.506734
v 0.505820 0.504569 0.514620
v 0.493477 0.494892 0.512943
v 0.500522 0.505914 0.509587
v 0.494693 0.503223 0.507236
v 0.509526 0.498247 0.511273
v 0.497948 0.493296 0.512767
v 0.500724 0.501001 0.508166
v 0.496291 0.504548 0.510189
v 0.502462 0.506010 0.509061
v 0.493930 0.498258 0.514159
v 0.498655 0.505500 0.510463
v 0.495431 0.496482 0.508287
v 0.499695 0.509404 0.519937
v 0.496041 0.497447 0.512533
v 0.502801 0.509871 0.509604
v 0.498038 0.503736 0.511182
v 0.497978 0.500885 0.511514
v 0.498554 0.500623 0.512310
v 0.499803 0.507904 0.512277
v 0.498029 0.500627 0.507338
v 0.498516 0.499991 0.500633
v 0.499059 0.501679 0.502745
v 0.500367 0.500489 0.505816
v 0.497229 0.503613 0.505739
v 0.501365 0.502229 0.505629
v 0.498249 0.501639 0.505806
v 0.500101 0.501714 0.504822
v 0.497243 0.502197 0.504491
v 0.497980 0.501470 0.505696
v 0.498528 0.503404 0.501579
v 0.498058 0.503990 0.504578
v 0.497099 0.501417 0.503936
v 0.499873 0.503012 0.504774
v 0.498782 0.504568 0.504378
v 0.502486 0.501591 0.505883
v 0.498856 0.496515 0.504138
v 0.501336 0.502102 0.507061
v 0.498571 0.499533 0.505295
v 0.500403 0.505228 0.505259
v 0.496943 0.503437 0.503471
v 0.498787 0.502542 0.504763
v 0.494167 0.498880 0.505657
v 0.501960 0.501327 0.505680
v 0.497719 0.502601 0.504442
v 0.500757 0.499778 0.505588
v 0.497863 0.500304 0.504584
v 0.499975 0.503142 0.505053
v 0.497965 0.502781 0.504069
v 0.502090 0.501716 0.504185
v 0.498563 0.498833 0.503432
v 0.498281 0.500010 0.504336
v 0.495394 0.499945 0.504883
v 0.499984 0.505985 0.506931
v 0.499042 0.499618 0.504144
v 0.501241 0.500454 0.507158
v 0.497782 0.499651 0.505039
v 0.501030 0.501921 0.506119
v 0.497933 0.500436 0.505466
v 0.501052 0.504150 0.506265
v 0.499474 0.500617 0.502253
v 0.500602 0.500765 0.505121
v 0.499237 0.501782 0.504133
v 0.499418 0.502389 0.503630
v 0.499703 0.500917 0.503303
v 0.500058 0.503585 0.506324
v 0.497403 0.498056 0.504984
v 0.502707 0.500223 0.504372
v 0.499742 0.498154 0.503987
v 0.500388 0.499256 0.506601
v 0.499572 0.499656 0.506695
v 0.500358 0.499071 0.504763
v 0.499607 0.499124 0.505748
v 0.500051 0.502530 0.504238
v 0.499477 0.501192 0.502764
v 0.501384 0.501530 0.504898
v 0.498264 0.501682 0.504030
v 0.502270 0.502099 0.505601
v 0.497108 0.500055 0.502859
v 0.500726 0.500662 0.504915
v 0.500281 0.503666 0.503935
v 0.496535 0.499748 0.499260
v 0.498752 0.504891 0.503960
v 0.499523 0.500104 0.509577
v 0.494401 0.506662 0.508609
v 0.502648 0.503896 0.510687
v 0.497787 0.503101 0.508441
v 0.500744 0.504374 0.505508
v 0.494587 0.503272 0.502464
v 0.497027 0.501615 0.509129
v 0.496015 0.505441 0.498816
v 0.496504 0.507169 0.508020
v 0.495180 0.500646 0.504340
v 0.498778 0.505509 0.507451
v 0.497270 0.508528 0.507486
v 0.503686 0.505129 0.508928
v 0.499023 0.493692 0.508146
v 0.503070 0.503085 0.512068
v 0.495509 0.498750 0.507387
v 0.501198 0.511733 0.510456
v 0.493389 0.505553 0.506823
v 0.498840 0.507529 0.509645
v 0.489523 0.495894 0.508056
v 0.504902 0.503649 0.509573
v 0.495567 0.501004 0.507640
v 0.503159 0.500541 0.508257
v 0.496744 0.500737 0.508299
v 0.500592 0.507529 0.507376
v 0.495451 0.506792 0.507323
v 0.503758 0.503468 0.506854
v 0.498602 0.495772 0.505144
v 0.498613 0.499299 0.508545
v 0.491282 0.497758 0.507264
v 0.500475 0.512050 0.512081
v 0.497966 0.497239 0.504669
v 0.502953 0.501087 0.512843
v 0.494946 0.499906 0.507587
v 0.504034 0.503789 0.510324
v 0.495082 0.500239 0.509676
v 0.503517 0.507766 0.511858
v 0.497843 0.504495 0.502460
v 0.502525 0.503436 0.508507
v 0.498955 0.501987 0.507303
v 0.497961 0.505352 0.505593
v 0.499559 0.500933 0.505413
v 0.502221 0.508887 0.510901
v 0.497642 0.495488 0.507192
v 0.506954 0.501387 0.506998
v 0.498632 0.495918 0.505999
v 0.501467 0.497692 0.509808
v 0.498690 0.498403 0.512807
v 0.499193 0.496885 0.507767
v 0.498623 0.498057 0.507491
v 0.501407 0.504890 0.505875
v 0.497507 0.500896 0.503793
v 0.503645 0.502965 0.508686
v 0.496072 0.501139 0.506744
v 0.504344 0.503222 0.510166
v 0.494739 0.500058 0.502270
v 0.502988 0.502119 0.507281
v 0.501096 0.506185 0.505910
v 0.497759 0.496317 0.502579
v 0.496583 0.495674 0.509601
v 0.504279 0.508638 0.515644
v 0.491776 0.510160 0.506749
v 0.502860 0.502905 0.508908
v 0.493384 0.503847 0.510812
v 0.502015 0.504169 0.513451
v 0.486562 0.506158 0.520218
v 0.491949 0.507736 0.514279
v 0.495621 0.507547 0.509036
v 0.499616 0.512375 0.507038
v 0.486695 0.507502 0.512444
v 0.503896 0.501762 0.509114
v 0.500365 0.512048 0.508493
v 0.512232 0.501021 0.512088
v 0.495145 0.489464 0.510029
v 0.506477 0.508602 0.519072
v 0.495538 0.497084 0.510920
v 0.499361 0.516480 0.504807
v 0.495116 0.511267 0.505032
v 0.499515 0.502627 0.505294
v 0.483849 0.501526 0.511181
v 0.505806 0.502803 0.512539
v 0.492720 0.509384 0.505361
v 0.501913 0.500939 0.518296
v 0.493391 0.503096 0.505338
v 0.496532 0.504487 0.512013
v 0.497611 0.503734 0.511854
v 0.509905 0.508364 0.505781
v 0.495685 0.502061 0.507885
v 0.495645 0.500001 0.509442
v 0.485079 0.502036 0.509899
v 0.504548 0.515824 0.518981
v 0.495150 0.501528 0.508063
v 0.506308 0.499474 0.517332
v 0.493914 0.495890 0.507940
v 0.501522 0.506926 0.515761
v 0.496938 0.493633 0.509206
v 0.503616 0.515618 0.513346
v 0.500383 0.496778 0.506262
v 0.500003 0.496161 0.512489
v 0.496371 0.505658 0.509147
v 0.499714 0.504321 0.508635
v 0.502657 0.500784 0.506458
v 0.497669 0.509322 0.513525
v 0.485516 0.499711 0.508566
v 0.507532 0.503983 0.510690
v 0.503018 0.491594 0.508545
v 0.503313 0.502394 0.516798
v 0.498110 0.503326 0.513966
v 0.505246 0.494776 0.512478
v 0.499869 0.496892 0.513723
v 0.501209 0.501851 0.511391
v 0.498808 0.499182 0.507696
v 0.505081 0.503619 0.515039
v 0.493125 0.504739 0.508574
v 0.506769 0.507889 0.513440
v 0.492830 0.499986 0.507868
v 0.503873 0.499213 0.514092
v 0.498569 0.509973 0.509277
v 0.498161 0.497470 0.502741
v 0.497032 0.496823 0.508102
v 0.502959 0.506783 0.512112
v 0.493901 0.507619 0.505211
v 0.501406 0.501749 0.506869
v 0.494570 0.503284 0.508096
v 0.501123 0.503505 0.510749
v 0.489740 0.504902 0.516474
v 0.493568 0.505753 0.510765
v 0.496803 0.505789 0.507887
v 0.500285 0.509006 0.505226
v 0.489999 0.505988 0.509984
v 0.502742 0.501225 0.507099
v 0.500271 0.509172 0.506054
v 0.508992 0.500824 0.509070
v 0.496264 0.492921 0.507994
v 0.505079 0.506564 0.514166
v 0.496576 0.498646 0.508448
v 0.499374 0.512670 0.503229
v 0.496732 0.508912 0.504374
v 0.499878 0.501971 0.504487
v 0.488670 0.502135 0.508575
v 0.503924 0.502431 0.509108
v 0.494883 0.507298 0.504407
v 0.501442 0.501448 0.514327
v 0.494813 0.502691 0.504666
v 0.496971 0.503303 0.509315
v 0.498108 0.502976 0.509788
v 0.507164 0.506727 0.504463
v 0.496917 0.502554 0.506065
v 0.496411 0.500294 0.507272
v 0.488792 0.502034 0.507959
v 0.503577 0.511249 0.514715
v 0.496281 0.502348 0.506397
v 0.504509 0.499873 0.513075
v 0.495091 0.498182 0.506045
v 0.500858 0.505700 0.512010
v 0.498129 0.495472 0.507089
v 0.502525 0.512084 0.509888
v 0.500000 0.498357 0.505466
v 0.499366 0.497404 0.509811
v 0.496907 0.504562 0.507060
v 0.499519 0.503228 0.506888
v 0.501933 0.500723 0.505579
v 0.497891 0.507073 0.510089
v 0.489015 0.500898 0.506751
v 0.504827 0.503871 0.508427
v 0.501986 0.494141 0.506959
v 0.501736 0.503195 0.512354
v 0.498451 0.503032 0.510374
v 0.503579 0.496730 0.509412
v 0.499740 0.498429 0.510406
v 0.500360 0.501286 0.508791
v 0.499381 0.499635 0.506408
v 0.503360 0.503051 0.511745
v 0.494352 0.503666 0.506831
v 0.504498 0.506038 0.510418
v 0.495027 0.500587 0.506569
v 0.502735 0.499350 0.511005
v 0.498718 0.507571 0.507154
v 0.501186 0.496814 0.510816
v 0.492831 0.501119 0.504831
v 0.505168 0.508049 0.509875
v 0.498980 0.497216 0.506808
v 0.500840 0.506666 0.513035
v 0.502068 0.497071 0.507323
v 0.503123 0.497051 0.518951
v 0.496474 0.499300 0.512026
v 0.502387 0.500390 0.506631
v 0.492522 0.499982 0.516956
v 0.502786 0.502561 0.509737
v 0.501697 0.501736 0.509297
v 0.505701 0.494951 0.511453
v 0.494104 0.496184 0.504722
v 0.496314 0.500974 0.509791
v 0.500020 0.503352 0.509437
v 0.498501 0.504193 0.511600
v 0.489021 0.505180 0.509856
v 0.502352 0.504628 0.510082
v 0.493551 0.491109 0.503039
v 0.502368 0.511787 0.513968
v 0.497968 0.497002 0.511658
v 0.504090 0.507136 0.507948
v 0.499975 0.498652 0.506972
v 0.502181 0.509343 0.510549
v 0.501365 0.497582 0.506057
v 0.505386 0.508790 0.514357
v 0.493968 0.502413 0.508283
v 0.501987 0.501907 0.513347
v 0.488955 0.496315 0.511887
v 0.498208 0.510860 0.519925
v 0.497803 0.507361 0.509249
v 0.501605 0.506639 0.517287
v 0.493171 0.499707 0.513063
v 0.502803 0.508882 0.508658
v 0.495295 0.501016 0.512213
v 0.501383 0.508318 0.514097
v 0.492896 0.503070 0.505453
v 0.501297 0.498503 0.510405
v 0.491286 0.506221 0.506872
v 0.504426 0.506762 0.516087
v 0.493671 0.495768 0.511799
v 0.502945 0.504278 0.511536
v 0.495972 0.503307 0.504084
v 0.506738 0.500448 0.513148
v 0.499317 0.495874 0.511929
v 0.499026 0.505037 0.509554
v 0.495666 0.503366 0.511249
v 0.501397 0.505645 0.506755
v 0.491413 0.499876 0.513880
v 0.495001 0.506862 0.511116
v 0.493507 0.500015 0.508977
v 0.500721 0.512100 0.519987
v 0.495944 0.498442 0.511697
v 0.502600 0.508133 0.510454
v 0.498893 0.502519 0.511385
v 0.498261 0.501707 0.512829
v 0.495148 0.505561 0.511967
v 0.497229 0.507970 0.512370
v 0.497989 0.500161 0.505199
v 0.498826 0.499529 0.502471
v 0.498080 0.500223 0.505013
v 0.500240 0.502877 0.505244
v 0.497626 0.503860 0.502372
v 0.499096 0.500405 0.503167
v 0.497765 0.502410 0.502531
v 0.499786 0.502809 0.505451
v 0.496162 0.502931 0.508853
v 0.497086 0.501485 0.503921
v 0.499132 0.502620 0.504601
v 0.500803 0.503196 0.502933
v 0.496758 0.502730 0.504872
v 0.500558 0.500566 0.503551
v 0.500421 0.502966 0.502942
v 0.502740 0.501303 0.503372
v 0.498534 0.500050 0.503967
v 0.501826 0.503366 0.505327
v 0.498086 0.501083 0.504237
v 0.499445 0.504354 0.501592
v 0.499303 0.504287 0.503341
v 0.499892 0.501457 0.502802
v 0.497388 0.501928 0.503320
v 0.500138 0.501483 0.503638
v 0.498105 0.503355 0.503361
v 0.500337 0.502423 0.506676
v 0.497451 0.501932 0.502535
v 0.498401 0.501833 0.504542
v 0.499015 0.501992 0.504519
v 0.501666 0.503186 0.502379
v 0.498790 0.502682 0.502756
v 0.498095 0.500994 0.503253
v 0.496300 0.502597 0.503765
v 0.501217 0.502974 0.505615
v 0.498824 0.502962 0.503360
v 0.500849 0.500875 0.504840
v 0.497983 0.502167 0.502351
v 0.500071 0.503767 0.505067
v 0.499005 0.499746 0.502976
v 0.500153 0.504679 0.504389
v 0.499121 0.501195 0.503512
v 0.498128 0.500305 0.503659
v 0.497776 0.502857 0.503399
v 0.498854 0.502067 0.503781
v 0.499844 0.501537 0.503919
v 0.498906 0.502241 0.503967
v 0.496105 0.503275 0.503464
v 0.500338 0.503421 0.504104
v 0.499991 0.500014 0.502378
v 0.499133 0.503484 0.503862
v 0.499022 0.502103 0.504109
v 0.500687 0.500915 0.503927
v 0.499219 0.501483 0.503805
v 0.499093 0.500773 0.504020
v 0.499708 0.501542 0.503449
v 0.499840 0.501974 0.504891
v 0.496685 0.501931 0.503433
v 0.500195 0.502787 0.504338
v 0.498355 0.501885 0.503577
v 0.500102 0.500294 0.505862
v 0.499426 0.503478 0.503051
v 0.498684 0.498143 0.500674
v 0.498505 0.499636 0.504507
v 0.502451 0.502474 0.510780
v 0.494670 0.506536 0.507615
v 0.503670 0.503786 0.507950
v 0.497008 0.501664 0.509434
v 0.500846 0.502502 0.508187
v 0.493378 0.503412 0.509569
v 0.495829 0.503814 0.510494
v 0.496962 0.506043 0.503271
v 0.496612 0.508217 0.506221
v 0.492884 0.504232 0.507375
v 0.501457 0.502999 0.507454
v 0.499184 0.508586 0.506967
v 0.506559 0.501301 0.509530
v 0.497309 0.492059 0.506896
v 0.503428 0.504405 0.513311
v 0.498059 0.496885 0.508730
v 0.500704 0.509947 0.507427
v 0.494840 0.506886 0.503186
v 0.498078 0.503282 0.505734
v 0.487746 0.498232 0.508948
v 0.504101 0.501941 0.509974
v 0.494674 0.505847 0.505995
v 0.500805 0.499466 0.511074
v 0.496077 0.500405 0.504923
v 0.499722 0.504457 0.508591
v 0.497502 0.503259 0.505889
v 0.505850 0.503713 0.506208
v 0.496546 0.497858 0.505707
v 0.497127 0.499273 0.507086
v 0.490791 0.500132 0.507515
v 0.501950 0.511653 0.512444
v 0.498054 0.499106 0.506337
v 0.503425 0.499878 0.512396
v 0.496181 0.496839 0.507311
v 0.501501 0.503687 0.511298
v 0.496503 0.497879 0.508145
v 0.502926 0.508910 0.510624
v 0.500463 0.498198 0.503081
v 0.501221 0.498903 0.508138
v 0.498041 0.503191 0.506897
v 0.499539 0.503900 0.505926
v 0.500460 0.500557 0.504532
v 0.499689 0.505813 0.511433
v 0.492700 0.496555 0.507851
v 0.505655 0.499907 0.506858
v 0.501107 0.494867 0.506660
v 0.501752 0.498432 0.512634
v 0.499224 0.499648 0.511019
v 0.503113 0.497266 0.508622
v 0.499561 0.497348 0.510062
v 0.501098 0.502989 0.507347
v 0.499445 0.500701 0.504417
v 0.503688 0.502372 0.508749
v 0.497455 0.503115 0.506245
v 0.504528 0.505171 0.509491
v 0.494155 0.499230 0.504005
v 0.502725 0.499910 0.509363
v 0.499813 0.506731 0.506682
v 0.499760 0.500295 0.502505
v 0.498812 0.501361 0.502614
v 0.499942 0.501792 0.502412
v 0.499629 0.500907 0.502650
v 0.499148 0.501357 0.503119
v 0.499737 0.501173 0.502705
v 0.499554 0.500471 0.503362
v 0.499296 0.500780 0.503149
v 0.499818 0.500913 0.502645
v 0.499203 0.501165 0.503408
v 0.499566 0.500616 0.502693
v 0.499836 0.501355 0.503002
v 0.500120 0.500100 0.502942
v 0.499426 0.500633 0.502674
v 0.499274 0.500817 0.502474
v 0.499310 0.501678 0.502959
v 0.499414 0.501289 0.502630
v 0.498750 0.501903 0.502765
v 0.499857 0.500976 0.502762
v 0.499072 0.500154 0.502556
v 0.499489 0.501687 0.503259
v 0.499115 0.500930 0.502975
v 0.499715 0.501711 0.502663
v 0.499621 0.500774 0.502869
v 0.499440 0.501693 0.502952
v 0.499827 0.501200 0.502428
v 0.499857 0.501707 0.503193
v 0.499087 0.501717 0.503069
v 0.499575 0.501553 0.503216
v 0.499001 0.500675 0.503022
v 0.499415 0.501661 0.503428
v 0.499606 0.502005 0.502842
v 0.499712 0.501195 0.503534
v 0.499173 0.501019 0.503602
v 0.499371 0.501734 0.502617
v 0.499396 0.501319 0.503471
v 0.499843 0.501330 0.503270
v 0.499391 0.501378 0.502489
v 0.499644 0.501125 0.502838
v 0.499179 0.501839 0.502613
v 0.499843 0.501387 0.503285
v 0.499353 0.500731 0.502932
v 0.499667 0.501498 0.502638
v 0.499842 0.501567 0.502751
v 0.499894 0.501176 0.503205
v 0.499884 0.500403 0.503128
v 0.499337 0.501546 0.502836
v 0.499189 0.501724 0.503035
v 0.499483 0.501354 0.502724
v 0.499008 0.500988 0.503175
v 0.499055 0.501334 0.502976
v 0.498994 0.501711 0.502909
v 0.499568 0.501797 0.503550
v 0.499471 0.501004 0.502880
v 0.500007 0.501479 0.502924
v 0.499638 0.501219 0.503373
v 0.498975 0.500912 0.502994
v 0.499121 0.501641 0.503279
v 0.498947 0.501579 0.503089
v 0.499835 0.500778 0.501900
v 0.499481 0.500173 0.501686
v 0.499583 0.500915 0.502714
v 0.499946 0.500783 0.502518
v 0.499679 0.501608 0.502648
v 0.500047 0.500855 0.502331
v 0.499525 0.501329 0.503138
v 0.499734 0.500888 0.502662
v 0.499175 0.501667 0.503365
v 0.499095 0.500655 0.502256
v 0.499507 0.501761 0.502538
v 0.499512 0.501210 0.502115
v 0.499466 0.501519 0.502867
v 0.499631 0.501005 0.502448
v 0.499522 0.502011 0.502293
v 0.499982 0.501017 0.502502
v 0.499659 0.500719 0.502776
v 0.499774 0.500958 0.502603
v 0.499442 0.501203 0.502624
v 0.499826 0.501355 0.502162
v 0.499613 0.502039 0.502334
v 0.499650 0.500930 0.502419
v 0.499231 0.501136 0.502944
v 0.499632 0.500893 0.502180
v 0.499778 0.501648 0.502423
v 0.499759 0.500636 0.502791
v 0.499550 0.501262 0.502646
v 0.499300 0.501078 0.502422
v 0.499520 0.501416 0.502707
v 0.500052 0.501147 0.502308
v 0.499531 0.501533 0.502278
v 0.499447 0.500791 0.502317
v 0.499003 0.501230 0.502859
v 0.499560 0.501455 0.502685
v 0.499863 0.501206 0.502747
v 0.499687 0.500609 0.502697
v 0.499491 0.501165 0.502588
v 0.499454 0.501121 0.502608
v 0.499610 0.500957 0.502801
v 0.499852 0.501491 0.502403
v 0.499933 0.500856 0.502529
v 0.499641 0.500491 0.502708
v 0.499559 0.501451 0.502522
v 0.499529 0.501336 0.502414
v 0.499707 0.501088 0.502346
v 0.499825 0.501243 0.502648
v 0.499190 0.501233 0.502843
v 0.499656 0.500914 0.502414
v 0.499661 0.500600 0.502545
v 0.499596 0.500605 0.502699
v 0.499724 0.501316 0.503112
v 0.499658 0.500575 0.502397
v 0.499722 0.500919 0.502827
v 0.499583 0.501050 0.502480
v 0.499677 0.501663 0.502593
v 0.499705 0.500673 0.502520
v 0.499418 0.501382 0.502603
v 0.499701 0.500957 0.502531
v 0.499473 0.501223 0.502441
v 0.499800 0.500806 0.502558
v 0.500340 0.501453 0.501799
v 0.498128 0.500236 0.502562
v 0.497553 0.502015 0.505281
v 0.500110 0.502788 0.504883
v 0.496773 0.503707 0.501347
v 0.498935 0.500906 0.503844
v 0.497735 0.503362 0.501381
v 0.499647 0.503745 0.505234
v 0.496608 0.503260 0.509112
v 0.497556 0.502315 0.504219
v 0.499205 0.503123 0.503720
v 0.501212 0.503696 0.503764
v 0.496640 0.503234 0.505087
v 0.500685 0.501181 0.503850
v 0.500120 0.501992 0.503846
v 0.502309 0.502960 0.503321
v 0.498221 0.501961 0.504271
v 0.500971 0.504233 0.504748
v 0.498679 0.503178 0.504103
v 0.499093 0.503303 0.502278
v 0.499746 0.504798 0.503364
v 0.498612 0.502124 0.503111
v 0.497683 0.501522 0.502906
v 0.499487 0.502279 0.504709
v 0.498442 0.503296 0.503405
v 0.499998 0.503328 0.507006
v 0.496808 0.503234 0.503134
v 0.498589 0.502658 0.505064
v 0.498742 0.502725 0.503906
v 0.500537 0.503962 0.501994
v 0.498985 0.503757 0.502521
v 0.498424 0.500997 0.503016
v 0.496718 0.503397 0.502931
v 0.501591 0.503174 0.504550
v 0.498210 0.503629 0.502955
v 0.500342 0.501653 0.504161
v 0.497687 0.502273 0.503223
v 0.500871 0.504810 0.505388
v 0.498194 0.500491 0.502084
v 0.500414 0.504945 0.504466
v 0.497727 0.502329 0.504119
v 0.497898 0.502076 0.503415
v 0.496372 0.502859 0.503448
v 0.499138 0.503214 0.503318
v 0.498794 0.501795 0.503783
v 0.499261 0.502875 0.504291
v 0.496463 0.504452 0.502675
v 0.499168 0.504440 0.504959
v 0.498768 0.501485 0.501358
v 0.498566 0.505193 0.502347
v 0.497868 0.502558 0.504162
v 0.499536 0.502941 0.503653
v 0.499005 0.503581 0.502980
v 0.499351 0.501153 0.503532
v 0.499082 0.502663 0.502573
v 0.499805 0.502916 0.503942
v 0.495979 0.502423 0.503726
v 0.500050 0.504248 0.504775
v 0.498153 0.502885 0.504020
v 0.499685 0.501683 0.505475
v 0.498824 0.503961 0.502670
v 0.499634 0.499551 0.504655
v 0.497011 0.500664 0.503883
v 0.500549 0.503300 0.503863
v 0.498714 0.499481 0.506202
v 0.500423 0.501544 0.504375
v 0.499631 0.500438 0.502285
v 0.500540 0.500921 0.506823
v 0.497847 0.500209 0.502163
v 0.501279 0.501636 0.505412
v 0.496490 0.501836 0.506424
v 0.502141 0.500989 0.506202
v 0.501161 0.501240 0.505408
v 0.500639 0.499370 0.504539
v 0.496921 0.499182 0.503676
v 0.499878 0.499517 0.504360
v 0.500337 0.502284 0.503296
v 0.498930 0.502141 0.504213
v 0.496458 0.502557 0.502446
v 0.500682 0.502841 0.504012
v 0.496467 0.497295 0.502656
v 0.500587 0.505321 0.506211
v 0.500854 0.500938 0.504885
v 0.501233 0.502202 0.503886
v 0.498454 0.499701 0.503133
v 0.501266 0.502087 0.505193
v 0.500151 0.499551 0.503863
v 0.501488 0.503712 0.505490
v 0.498914 0.499204 0.505081
v 0.499352 0.499902 0.505121
v 0.497661 0.500012 0.505984
v 0.499326 0.504153 0.507389
v 0.498043 0.502789 0.504155
v 0.498963 0.501392 0.507077
v 0.497902 0.501356 0.506623
v 0.500199 0.502744 0.504563
v 0.498315 0.502731 0.504534
v 0.500559 0.502026 0.504721
v 0.497842 0.501257 0.503977
v 0.498981 0.499908 0.505081
v 0.496560 0.503267 0.503772
v 0.501856 0.501814 0.506041
v 0.497412 0.499372 0.506344
v 0.498940 0.503473 0.504177
v 0.497642 0.502269 0.504768
v 0.503082 0.499798 0.504821
v 0.499170 0.497619 0.506446
v 0.500113 0.500388 0.503764
v 0.498684 0.503013 0.504448
v 0.500733 0.502679 0.505138
v 0.497870 0.499922 0.506233
v 0.499894 0.501937 0.505289
v 0.498261 0.498995 0.504387
v 0.499524 0.503580 0.508558
v 0.498077 0.499945 0.505676
v 0.500849 0.504388 0.504664
v 0.498927 0.501970 0.505585
v 0.498928 0.500980 0.505201
v 0.499612 0.499674 0.506087
v 0.500003 0.503498 0.505511
v 0.499676 0.500984 0.503568
v 0.501279 0.496422 0.511481
v 0.492245 0.500656 0.504417
v 0.505625 0.507913 0.510255
v 0.498138 0.496109 0.508613
v 0.501214 0.506977 0.512190
v 0.502298 0.496922 0.506028
v 0.503779 0.496942 0.520126
v 0.496090 0.498201 0.511113
v 0.503115 0.500712 0.507398
v 0.491112 0.499934 0.517402
v 0.504747 0.502533 0.511059
v 0.503111 0.501664 0.510499
v 0.505995 0.494259 0.511301
v 0.493624 0.495519 0.504520
v 0.496531 0.499759 0.510544
v 0.500413 0.503083 0.508498
v 0.498167 0.504469 0.512055
v 0.488889 0.504957 0.508948
v 0.503278 0.505814 0.509756
v 0.492737 0.489433 0.503146
v 0.502253 0.512538 0.514964
v 0.499103 0.497403 0.511995
v 0.505056 0.506971 0.507682
v 0.499880 0.497904 0.505384
v 0.503887 0.508661 0.511260
v 0.501209 0.495939 0.506090
v 0.506319 0.508436 0.515168
v 0.494067 0.500537 0.509186
v 0.502115 0.500425 0.513884
v 0.489004 0.496039 0.513362
v 0.497864 0.511244 0.520708
v 0.497306 0.507478 0.509809
v 0.501456 0.505882 0.518099
v 0.492885 0.500623 0.513969
v 0.502826 0.509059 0.509103
v 0.495696 0.502010 0.512087
v 0.501329 0.507956 0.514051
v 0.492587 0.502639 0.505585
v 0.500584 0.497506 0.511083
v 0.490462 0.506197 0.507031
v 0.505496 0.506179 0.517330
v 0.493194 0.495070 0.513030
v 0.502678 0.505068 0.511673
v 0.495113 0.503075 0.505080
v 0.508507 0.499608 0.513259
v 0.498395 0.495209 0.512748
v 0.499547 0.504079 0.510060
v 0.495725 0.503305 0.512410
v 0.501402 0.505667 0.507749
v 0.491372 0.499599 0.515408
v 0.495492 0.507140 0.511306
v 0.494059 0.498271 0.509250
v 0.500417 0.511736 0.521703
v 0.496169 0.497488 0.512932
v 0.502757 0.509117 0.510984
v 0.498632 0.502722 0.512049
v 0.498129 0.501224 0.513335
v 0.495871 0.504566 0.512767
v 0.497588 0.508540 0.512955
v 0.497592 0.500278 0.506379
v 0.498134 0.498332 0.503066
v 0.496671 0.498024 0.508005
v 0.502040 0.506494 0.510739
v 0.494647 0.506912 0.503831
v 0.499398 0.500855 0.505696
v 0.494861 0.503396 0.505352
v 0.500593 0.504252 0.510277
v 0.490645 0.504927 0.516672
v 0.494100 0.504013 0.508672
v 0.497388 0.504603 0.508449
v 0.501679 0.507310 0.504443
v 0.491423 0.505201 0.509477
v 0.502555 0.500750 0.506398
v 0.500916 0.507304 0.504485
v 0.508066 0.501037 0.507364
v 0.496438 0.495514 0.506899
v 0.505305 0.506622 0.511861
v 0.496639 0.499674 0.507868
v 0.499152 0.511364 0.501704
v 0.497780 0.508215 0.504757
v 0.500282 0.502367 0.503956
v 0.491637 0.503312 0.506507
v 0.502836 0.502475 0.507317
v 0.495615 0.507030 0.505044
v 0.501616 0.503212 0.513166
v 0.494932 0.502616 0.504190
v 0.496972 0.502449 0.508747
v 0.498220 0.502934 0.509112
v 0.505696 0.506982 0.503627
v 0.497569 0.503550 0.504763
v 0.496341 0.500782 0.506204
v 0.490116 0.502732 0.507337
v 0.503877 0.508620 0.512595
v 0.496843 0.503774 0.505676
v 0.503920 0.500331 0.510837
v 0.495336 0.500707 0.504026
v 0.500881 0.506620 0.510590
v 0.498409 0.496977 0.505559
v 0.501801 0.511212 0.508653
v 0.498923 0.499823 0.505172
v 0.497692 0.498273 0.508226
v 0.496034 0.504610 0.505889
v 0.498979 0.502995 0.506239
v 0.501342 0.501214 0.505921
v 0.497890 0.505604 0.508491
v 0.490377 0.503417 0.505915
v 0.503140 0.505135 0.507701
v 0.501379 0.496079 0.505673
v 0.500425 0.505634 0.509566
v 0.498415 0.503030 0.508123
v 0.503029 0.498345 0.507955
v 0.499238 0.500101 0.508560
v 0.499343 0.500501 0.508016
v 0.500059 0.500011 0.505889
v 0.502213 0.503511 0.510662
v 0.493868 0.503401 0.506096
v 0.502814 0.505425 0.509230
v 0.496389 0.501529 0.506289
v 0.502181 0.499145 0.510730
v 0.498574 0.506722 0.506483
v 0.495082 0.499928 0.498289
v 0.498023 0.508214 0.504548
v 0.497536 0.500311 0.511180
v 0.493628 0.508595 0.508956
v 0.503841 0.506103 0.512688
v 0.498008 0.504113 0.508641
v 0.500928 0.505945 0.505766
v 0.493044 0.503723 0.501207
v 0.497308 0.501159 0.511003
v 0.494354 0.506583 0.498007
v 0.496288 0.508792 0.509884
v 0.493847 0.500641 0.504508
v 0.498184 0.506620 0.509784
v 0.495885 0.511053 0.510560
v 0.504006 0.507322 0.510759
v 0.499934 0.494672 0.510201
v 0.504263 0.503570 0.514403
v 0.493157 0.499336 0.507189
v 0.501692 0.514976 0.512842
v 0.492255 0.508551 0.508608
v 0.499748 0.510929 0.511949
v 0.487985 0.494976 0.508375
v 0.506768 0.505125 0.511465
v 0.493066 0.499385 0.508886
v 0.504859 0.501141 0.508850
v 0.496483 0.500977 0.509852
v 0.500862 0.511245 0.508154
v 0.495764 0.507664 0.509709
v 0.504188 0.503675 0.507025
v 0.499658 0.495363 0.505744
v 0.499264 0.499791 0.511271
v 0.489068 0.498061 0.508633
v 0.500577 0.515098 0.514420
v 0.497040 0.495662 0.505044
v 0.503805 0.502024 0.515193
v 0.493662 0.500281 0.510083
v 0.506403 0.505349 0.511561
v 0.492603 0.501300 0.513064
v 0.505082 0.508205 0.513780
v 0.497282 0.507346 0.502306
v 0.504476 0.504659 0.509622
v 0.498608 0.502364 0.510003
v 0.496624 0.507625 0.507694
v 0.500274 0.500618 0.506801
v 0.504681 0.512512 0.512743
v 0.496919 0.493648 0.508528
v 0.510978 0.503463 0.508958
v 0.498425 0.493701 0.506270
v 0.502532 0.497519 0.512717
v 0.498105 0.497741 0.515920
v 0.499579 0.495961 0.510018
v 0.497765 0.497462 0.508675
v 0.503557 0.506353 0.507945
v 0.495712 0.500807 0.504783
v 0.504956 0.504505 0.511433
v 0.494669 0.501146 0.508803
v 0.505339 0.504102 0.512410
v 0.494140 0.500092 0.502385
v 0.504964 0.502342 0.509281
v 0.501532 0.507854 0.506963
v 0.501288 0.495687 0.513024
v 0.490877 0.500374 0.504735
v 0.506338 0.508359 0.511242
v 0.497168 0.494453 0.511094
v 0.501868 0.507598 0.512510
v 0.502438 0.496385 0.505392
v 0.504405 0.496950 0.522446
v 0.495511 0.497024 0.510652
v 0.503958 0.500685 0.508808
v 0.489353 0.500370 0.518865
v 0.506777 0.502571 0.513141
v 0.504356 0.501918 0.512429
v 0.506290 0.493066 0.511869
v 0.492591 0.494732 0.504641
v 0.497016 0.498566 0.512000
v 0.500685 0.503153 0.508515
v 0.497653 0.504971 0.512899
v 0.487649 0.505688 0.508634
v 0.504027 0.507499 0.509956
v 0.491254 0.487629 0.503567
v 0.502728 0.513989 0.516716
v 0.499881 0.497435 0.513419
v 0.506069 0.507031 0.508109
v 0.499255 0.497462 0.504763
v 0.505014 0.508873 0.512679
v 0.501666 0.494446 0.506658
v 0.507492 0.509122 0.516184
v 0.493865 0.499088 0.510562
v 0.502339 0.499459 0.515470
v 0.488561 0.495252 0.515328
v 0.497265 0.512810 0.522637
v 0.496376 0.508392 0.510857
v 0.501385 0.505631 0.520085
v 0.492188 0.501481 0.515596
v 0.503604 0.510121 0.510032
v 0.495373 0.503064 0.512945
v 0.501587 0.508242 0.514704
v 0.491880 0.502617 0.506043
v 0.499697 0.496503 0.512677
v 0.488883 0.506777 0.507626
v 0.506759 0.506476 0.519117
v 0.492436 0.493810 0.514845
v 0.502540 0.506105 0.512642
v 0.494261 0.503226 0.506189
v 0.510662 0.498997 0.514305
v 0.497835 0.493841 0.514275
v 0.499984 0.503455 0.510830
v 0.495273 0.503926 0.513353
v 0.501964 0.506842 0.509237
v 0.490979 0.499066 0.517360
v 0.495962 0.507553 0.512632
v 0.494049 0.496686 0.509990
v 0.500521 0.512463 0.524641
v 0.495804 0.496793 0.514692
v 0.503374 0.510724 0.512080
v 0.498260 0.503614 0.513308
v 0.497680 0.501279 0.514451
v 0.496353 0.503726 0.514201
v 0.498149 0.509820 0.514523
v 0.497173 0.500234 0.507767
v 0.501080 0.496532 0.512046
v 0.492050 0.501348 0.505653
v 0.505586 0.509237 0.510709
v 0.499327 0.497161 0.506550
v 0.500981 0.507691 0.515249
v 0.502310 0.496522 0.508996
v 0.503136 0.496457 0.520957
v 0.496131 0.499831 0.514083
v 0.502178 0.499994 0.506983
v 0.492126 0.500153 0.518543
v 0.501895 0.502933 0.510229
v 0.501272 0.501603 0.509692
v 0.506047 0.494744 0.512864
v 0.493430 0.496270 0.505348
v 0.496055 0.501376 0.510934
v 0.499614 0.504043 0.511313
v 0.498486 0.504908 0.512572
v 0.487381 0.506192 0.511423
v 0.502214 0.504534 0.511611
v 0.492927 0.491059 0.503340
v 0.502892 0.512886 0.515033
v 0.497080 0.496490 0.512980
v 0.504030 0.508566 0.509138
v 0.499735 0.499132 0.508331
v 0.501137 0.511395 0.511130
v 0.501889 0.498094 0.507008
v 0.505526 0.510322 0.515717
v 0.492839 0.503873 0.509037
v 0.502075 0.503133 0.514688
v 0.487623 0.495913 0.512644
v 0.498273 0.512470 0.521849
v 0.497695 0.508274 0.510124
v 0.502016 0.508047 0.518941
v 0.492344 0.499211 0.513789
v 0.503303 0.510001 0.509221
v 0.494425 0.500727 0.513590
v 0.501855 0.509904 0.515619
v 0.492027 0.503384 0.505926
v 0.501848 0.498530 0.511109
v 0.490039 0.507438 0.507591
v 0.504491 0.508138 0.517236
v 0.493146 0.495192 0.512575
v 0.503719 0.504075 0.512912
v 0.496068 0.503901 0.503540
v 0.506752 0.501128 0.514733
v 0.499581 0.495845 0.512706
v 0.498602 0.506365 0.510311
v 0.494819 0.504063 0.511644
v 0.501751 0.506591 0.506831
v 0.490514 0.499742 0.514488
v 0.494179 0.507644 0.512578
v 0.492274 0.501191 0.509713
v 0.501441 0.514064 0.521631
v 0.495462 0.498582 0.512372
v 0.503173 0.508935 0.511544
v 0.498788 0.503047 0.512016
v 0.498184 0.502213 0.514202
v 0.494016 0.506902 0.512368
v 0.496865 0.508794 0.513401
v 0.497766 0.500222 0.504995
v 0.498519 0.499363 0.500653
v 0.498898 0.501009 0.503200
v 0.501203 0.501095 0.507822
v 0.496310 0.504602 0.506587
v 0.502322 0.502857 0.506492
v 0.497852 0.501692 0.507172
v 0.500185 0.502097 0.506248
v 0.495705 0.502594 0.506374
v 0.497264 0.502422 0.507643
v 0.497962 0.504456 0.502318
v 0.497495 0.505650 0.505141
v 0.495490 0.502646 0.505301
v 0.500500 0.502984 0.505698
v 0.498833 0.506175 0.505322
v 0.503960 0.501358 0.507264
v 0.498380 0.494752 0.505258
v 0.502055 0.503004 0.509561
v 0.498467 0.498392 0.506686
v 0.500544 0.506925 0.506177
v 0.496131 0.504656 0.503111
v 0.498410 0.502684 0.505167
v 0.491552 0.498497 0.507174
v 0.502926 0.501612 0.507218
v 0.496518 0.503889 0.505090
v 0.500752 0.499517 0.507670
v 0.497181 0.499976 0.504619
v 0.499929 0.503695 0.506405
v 0.497864 0.502967 0.504806
v 0.503587 0.502448 0.505001
v 0.497646 0.498394 0.504249
v 0.497833 0.499799 0.505377
v 0.493587 0.500089 0.505861
v 0.500680 0.508268 0.509075
v 0.498721 0.499325 0.505094
v 0.502089 0.500201 0.509085
v 0.497173 0.498431 0.505991
v 0.501301 0.502525 0.508227
v 0.497239 0.499546 0.506508
v 0.501783 0.505959 0.507870
v 0.499884 0.499647 0.502495
v 0.500857 0.500031 0.506124
v 0.498887 0.502218 0.505306
v 0.499394 0.502859 0.504377
v 0.500009 0.500861 0.503733
v 0.499946 0.504350 0.508385
v 0.495633 0.497244 0.506194
v 0.503849 0.500025 0.505214
v 0.500259 0.496854 0.504988
v 0.500843 0.499050 0.508982
v 0.499471 0.499521 0.508258
v 0.501588 0.498478 0.506245
v 0.499608 0.498368 0.507474
v 0.500463 0.502723 0.505336
v 0.499709 0.500999 0.503269
v 0.502331 0.501980 0.506138
v 0.498172 0.502019 0.504918
v 0.502997 0.503175 0.507052
v 0.495914 0.499681 0.503361
v 0.501554 0.500273 0.506666
v 0.500039 0.504815 0.504959
v 0.499827 0.500321 0.502742
v 0.498645 0.501689 0.502861
v 0.500197 0.502204 0.502552
v 0.499687 0.501016 0.502217
v 0.498924 0.501496 0.504095
v 0.499617 0.501352 0.503229
v 0.499432 0.500178 0.503799
v 0.499178 0.500931 0.503696
v 0.499631 0.500804 0.502729
v 0.499192 0.501099 0.503765
v 0.499292 0.500844 0.502663
v 0.499669 0.501273 0.503053
v 0.500321 0.500002 0.503380
v 0.499063 0.500784 0.502795
v 0.499187 0.501100 0.502906
v 0.499052 0.501875 0.503466
v 0.499482 0.501663 0.502833
v 0.498259 0.502220 0.503341
v 0.499724 0.500779 0.503220
v 0.498901 0.500151 0.502792
v 0.499502 0.501793 0.503558
v 0.498694 0.500994 0.503176
v 0.499502 0.502119 0.502828
v 0.499317 0.501245 0.503358
v 0.498967 0.502447 0.502975
v 0.499865 0.501364 0.502646
v 0.499816 0.502130 0.503518
v 0.498755 0.502539 0.503268
v 0.499565 0.502250 0.503768
v 0.498649 0.500672 0.503029
v 0.499583 0.502110 0.503850
v 0.499489 0.502240 0.503117
v 0.499859 0.501562 0.503955
v 0.498823 0.500981 0.503687
v 0.499493 0.502126 0.502979
v 0.498964 0.501207 0.503956
v 0.500071 0.501950 0.503822
v 0.499245 0.501504 0.502400
v 0.499740 0.501482 0.502958
v 0.498594 0.502260 0.502629
v 0.499654 0.501729 0.503540
v 0.498987 0.500697 0.503091
v 0.500037 0.501536 0.503130
v 0.499739 0.501551 0.502478
v 0.499671 0.501232 0.503850
v 0.499920 0.500551 0.503229
v 0.499306 0.502131 0.503289
v 0.498839 0.501895 0.503018
v 0.499814 0.501851 0.502946
v 0.498563 0.501148 0.503105
v 0.498631 0.501724 0.503405
v 0.498747 0.502156 0.503056
v 0.499609 0.502273 0.503966
v 0.499266 0.500904 0.503072
v 0.500102 0.501562 0.502969
v 0.499400 0.501430 0.503559
v 0.498745 0.501068 0.503277
v 0.498605 0.502645 0.503124
v 0.498670 0.501809 0.503330
v 0.499728 0.500886 0.501794
v 0.498817 0.500916 0.502816
v 0.497462 0.502304 0.502814
v 0.498688 0.503350 0.502474
v 0.498031 0.501827 0.504456
v 0.500376 0.501781 0.503718
v 0.498939 0.502133 0.502303
v 0.499544 0.501674 0.504433
v 0.497568 0.501564 0.501395
v 0.501423 0.502498 0.505421
v 0.497214 0.502630 0.504207
v 0.500792 0.501089 0.505147
v 0.499497 0.500369 0.504140
v 0.499224 0.500990 0.504291
v 0.496565 0.501337 0.504621
v 0.500459 0.501273 0.503744
v 0.499966 0.502448 0.502966
v 0.500663 0.502525 0.503662
v 0.496547 0.501549 0.501662
v 0.500598 0.503372 0.504082
v 0.496632 0.500745 0.502247
v 0.500867 0.505281 0.505602
v 0.500067 0.502491 0.503500
v 0.501138 0.502371 0.503881
v 0.497941 0.500368 0.504160
v 0.500998 0.501412 0.503979
v 0.499517 0.501982 0.503113
v 0.500461 0.503191 0.503960
v 0.499470 0.498969 0.503640
v 0.499655 0.500357 0.503359
v 0.498628 0.502196 0.504068
v 0.499718 0.503380 0.505500
v 0.496903 0.503341 0.503066
v 0.498643 0.501713 0.506354
v 0.498885 0.500855 0.504834
v 0.499826 0.501998 0.504492
v 0.498688 0.502201 0.503365
v 0.500944 0.501504 0.503184
v 0.497897 0.500951 0.505402
v 0.499305 0.500464 0.503833
v 0.497478 0.503941 0.502571
v 0.502157 0.501022 0.503963
v 0.497475 0.500958 0.505696
v 0.498031 0.504523 0.504019
v 0.498864 0.503147 0.503309
v 0.502712 0.503203 0.503480
v 0.498917 0.498945 0.504894
v 0.501804 0.500735 0.503386
v 0.498830 0.502025 0.503186
v 0.500969 0.501917 0.504875
v 0.499148 0.500674 0.504758
v 0.500418 0.501562 0.504929
v 0.498083 0.499080 0.503911
v 0.499806 0.502149 0.506207
v 0.496719 0.501198 0.503609
v 0.500925 0.502790 0.504859
v 0.498919 0.501635 0.504623
v 0.499624 0.501841 0.503780
v 0.499273 0.500848 0.503776
v 0.501106 0.502397 0.503237
v 0.500707 0.502138 0.502479
v 0.497450 0.499370 0.499761
v 0.498646 0.502311 0.503450
v 0.501601 0.500858 0.510476
v 0.494356 0.506218 0.509280
v 0.503314 0.504011 0.509530
v 0.497084 0.502464 0.509383
v 0.500654 0.502631 0.507939
v 0.494252 0.502820 0.506790
v 0.496338 0.503159 0.509942
v 0.497115 0.505614 0.501032
v 0.496395 0.507975 0.507405
v 0.494082 0.502205 0.505895
v 0.500198 0.504928 0.507514
v 0.497889 0.508220 0.506977
v 0.505833 0.502508 0.510028
v 0.498060 0.491409 0.506470
v 0.503205 0.503901 0.512963
v 0.497574 0.497446 0.508752
v 0.501105 0.509912 0.509138
v 0.493728 0.505615 0.504637
v 0.497730 0.504484 0.507702
v 0.487630 0.496782 0.509379
v 0.504640 0.502472 0.510188
v 0.495379 0.504496 0.506951
v 0.501844 0.499425 0.509385
v 0.495983 0.499723 0.506451
v 0.500609 0.505804 0.508569
v 0.496110 0.504956 0.505972
v 0.504911 0.503392 0.506906
v 0.496959 0.496509 0.505145
v 0.496984 0.499121 0.506932
v 0.490935 0.499059 0.507568
v 0.500803 0.511881 0.512568
v 0.498139 0.498397 0.505836
v 0.503095 0.500682 0.512590
v 0.495900 0.497888 0.508040
v 0.502758 0.503252 0.511158
v 0.495881 0.499733 0.509161
v 0.502840 0.508322 0.511513
v 0.499334 0.500394 0.502473
v 0.501818 0.500748 0.508127
v 0.498730 0.502297 0.506691
v 0.499059 0.504146 0.505307
v 0.499846 0.501174 0.504471
v 0.500313 0.506217 0.511131
v 0.494971 0.494748 0.507608
v 0.506373 0.500152 0.506824
v 0.499935 0.495175 0.506236
v 0.501224 0.498119 0.511512
v 0.499292 0.498072 0.511361
v 0.501414 0.497432 0.508194
v 0.499630 0.497305 0.509802
v 0.500827 0.503751 0.506633
v 0.499621 0.500762 0.503549
v 0.503485 0.503090 0.507575
v 0.497013 0.502628 0.505941
v 0.504964 0.503842 0.509636
v 0.494238 0.499308 0.503739
v 0.502469 0.500527 0.508527
v 0.500233 0.506583 0.506727
v 0.498225 0.497254 0.502326
v 0.497360 0.496914 0.507805
v 0.503251 0.506490 0.512309
v 0.493747 0.508055 0.505836
v 0.502280 0.502402 0.507274
v 0.494879 0.503180 0.509028
v 0.501434 0.503211 0.510664
v 0.489715 0.504946 0.515878
v 0.493724 0.506031 0.511303
v 0.496528 0.506208 0.507183
v 0.499410 0.509556 0.505815
v 0.489876 0.506013 0.509899
v 0.502790 0.501669 0.507374
v 0.500068 0.509497 0.507086
v 0.509111 0.500952 0.509728
v 0.496314 0.492023 0.508236
v 0.504803 0.506552 0.514962
v 0.496565 0.498057 0.508833
v 0.499474 0.512695 0.504323
v 0.496196 0.508899 0.504152
v 0.499518 0.502103 0.504562
v 0.487493 0.501265 0.509121
v 0.504247 0.502223 0.510054
v 0.494304 0.507494 0.504621
v 0.501352 0.500651 0.514401
v 0.494955 0.502465 0.504691
v 0.497241 0.503655 0.509614
v 0.497991 0.503143 0.509349
v 0.507439 0.506305 0.504957
v 0.496500 0.501644 0.506547
v 0.496454 0.500102 0.507684
v 0.488524 0.501737 0.508031
v 0.503289 0.512347 0.514957
v 0.496307 0.501204 0.506593
v 0.504715 0.499663 0.513818
v 0.495198 0.497086 0.506643
v 0.500961 0.505274 0.512523
v 0.497476 0.495391 0.507633
v 0.502711 0.511980 0.510680
v 0.500361 0.497655 0.505110
v 0.499982 0.497105 0.509942
v 0.497239 0.504595 0.507516
v 0.499681 0.503499 0.506993
v 0.501893 0.500781 0.505312
v 0.498156 0.507260 0.510822
v 0.488862 0.499832 0.507175
v 0.505626 0.503079 0.508612
v 0.502206 0.493776 0.506923
v 0.502512 0.501644 0.513414
v 0.498491 0.502662 0.511346
v 0.503888 0.495953 0.509912
v 0.499866 0.497733 0.511015
v 0.500860 0.501667 0.509122
v 0.499035 0.499755 0.506317
v 0.503735 0.502829 0.511871
v 0.494756 0.503805 0.507015
v 0.505099 0.506087 0.510726
v 0.494338 0.500173 0.506403
v 0.502828 0.499564 0.511124
v 0.498998 0.507794 0.507317
v 0.500155 0.497838 0.508571
v 0.494040 0.500106 0.504942
v 0.502949 0.505816 0.506995
v 0.497698 0.496641 0.509515
v 0.501491 0.503477 0.507673
v 0.500610 0.498954 0.502357
v 0.502330 0.499563 0.513621
v 0.496825 0.498369 0.504321
v 0.502779 0.501256 0.507802
v 0.492924 0.501804 0.511627
v 0.504822 0.501775 0.510068
v 0.502831 0.502039 0.509274
v 0.503049 0.497050 0.507406
v 0.494731 0.497225 0.504529
v 0.499620 0.498638 0.507731
v 0.500860 0.502514 0.505367
v 0.498063 0.503468 0.507465
v 0.492365 0.504112 0.504131
v 0.502142 0.505683 0.506214
v 0.493239 0.492769 0.503373
v 0.501998 0.509446 0.511190
v 0.501030 0.499608 0.508517
v 0.503372 0.503664 0.505682
v 0.498357 0.498142 0.503595
v 0.503168 0.504742 0.508496
v 0.500828 0.497020 0.505208
v 0.504556 0.506270 0.509821
v 0.497182 0.498207 0.508067
v 0.500073 0.499016 0.509492
v 0.494680 0.498066 0.510312
v 0.498549 0.508299 0.514043
v 0.496982 0.505114 0.507099
v 0.499483 0.502483 0.513029
v 0.495689 0.502049 0.510927
v 0.501533 0.506052 0.507418
v 0.496778 0.503800 0.507927
v 0.501283 0.504235 0.508597
v 0.495589 0.501490 0.505155
v 0.498865 0.498440 0.508714
v 0.492717 0.504838 0.505700
v 0.504364 0.503404 0.511403
v 0.494854 0.496433 0.510572
v 0.499824 0.505089 0.507525
v 0.495734 0.502811 0.506406
v 0.507271 0.498671 0.508859
v 0.498422 0.494597 0.510470
v 0.500555 0.500679 0.506446
v 0.497216 0.504228 0.508077
v 0.501942 0.504843 0.507599
v 0.495450 0.498881 0.511204
v 0.499173 0.504252 0.508499
v 0.496467 0.497550 0.506771
v 0.499587 0.507242 0.515695
v 0.496697 0.498308 0.510156
v 0.502135 0.507908 0.507767
v 0.498311 0.503127 0.509157
v 0.498277 0.500800 0.509217
v 0.499034 0.500035 0.510177
v 0.500014 0.506386 0.509919
v 0.498645 0.500750 0.506046
v 0.497889 0.496612 0.502529
v 0.496788 0.496028 0.509091
v 0.503952 0.508023 0.514629
v 0.492379 0.509490 0.506422
v 0.502623 0.502705 0.508384
v 0.493808 0.503668 0.510209
v 0.501822 0.503894 0.512623
v 0.487501 0.505789 0.518963
v 0.492460 0.507217 0.513354
v 0.495911 0.507120 0.508537
v 0.499618 0.511494 0.506632
v 0.487660 0.507059 0.511686
v 0.503565 0.501706 0.508569
v 0.500288 0.511269 0.507995
v 0.511292 0.500981 0.511335
v 0.495498 0.490293 0.509477
v 0.505984 0.507998 0.517796
v 0.495836 0.497409 0.510258
v 0.499382 0.515351 0.504575
v 0.495475 0.510559 0.504789
v 0.499549 0.502448 0.505071
v 0.485019 0.501517 0.510528
v 0.505315 0.502651 0.511711
v 0.493245 0.508799 0.505114
v 0.501755 0.500890 0.517123
v 0.493854 0.502924 0.505137
v 0.496722 0.504215 0.511271
v 0.497737 0.503538 0.511140
v 0.509152 0.507784 0.505496
v 0.495957 0.502009 0.507447
v 0.495893 0.500054 0.508884
v 0.486129 0.501975 0.509328
v 0.504186 0.514697 0.517764
v 0.495494 0.501515 0.507606
v 0.505804 0.499542 0.516224
v 0.494286 0.496331 0.507512
v 0.501340 0.506460 0.514755
v 0.497153 0.494164 0.508682
v 0.503326 0.514530 0.512480
v 0.500351 0.497086 0.505958
v 0.499958 0.496466 0.511722
v 0.496618 0.505336 0.508625
v 0.499694 0.504062 0.508144
v 0.502436 0.500777 0.506131
v 0.497797 0.508700 0.512659
v 0.486516 0.499823 0.508113
v 0.506907 0.503764 0.510047
v 0.502767 0.492263 0.508058
v 0.503026 0.502292 0.515714
v 0.498227 0.503163 0.513103
v 0.504815 0.495174 0.511673
v 0.499857 0.497186 0.512873
v 0.501066 0.501777 0.510682
v 0.498893 0.499339 0.507296
v 0.504647 0.503385 0.514086
v 0.493582 0.504441 0.508099
v 0.506224 0.507346 0.512606
v 0.493326 0.500067 0.507447
v 0.503543 0.499300 0.513190
v 0.498680 0.509303 0.508673
v 0.498798 0.499814 0.502232
v 0.498409 0.501039 0.504420
v 0.499913 0.502217 0.504059
v 0.498012 0.503286 0.501961
v 0.499261 0.500648 0.502983
v 0.498352 0.502280 0.501870
v 0.499467 0.502644 0.504444
v 0.497303 0.502706 0.507211
v 0.497882 0.501299 0.503327
v 0.499352 0.502453 0.503561
v 0.500445 0.502711 0.502972
v 0.497679 0.502438 0.504359
v 0.500196 0.500722 0.503011
v 0.500331 0.502107 0.502941
v 0.501574 0.501768 0.502734
v 0.498721 0.501562 0.503383
v 0.500916 0.502800 0.503971
v 0.498828 0.501846 0.503495
v 0.499389 0.502825 0.501822
v 0.499873 0.503537 0.502895
v 0.499350 0.501497 0.502523
v 0.498389 0.501508 0.502904
v 0.499602 0.501461 0.503306
v 0.498704 0.502847 0.503035
v 0.499978 0.502203 0.505469
v 0.497854 0.502058 0.502722
v 0.498642 0.501861 0.503926
v 0.498977 0.502033 0.503498
v 0.500582 0.502585 0.502311
v 0.499123 0.502803 0.502385
v 0.498671 0.501020 0.502693
v 0.497595 0.502505 0.502904
v 0.500741 0.502284 0.503991
v 0.499041 0.503037 0.503010
v 0.500220 0.501082 0.503610
v 0.498524 0.502246 0.502687
v 0.499956 0.503336 0.503948
v 0.498979 0.500571 0.502442
v 0.499954 0.503580 0.503665
v 0.498810 0.501778 0.503235
v 0.498380 0.501184 0.503018
v 0.497729 0.502680 0.502977
v 0.498956 0.502195 0.503014
v 0.499458 0.501443 0.503550
v 0.499262 0.501866 0.503279
v 0.497437 0.503332 0.502701
v 0.499658 0.503462 0.503404
v 0.499577 0.501042 0.501672
v 0.498873 0.503278 0.502589
v 0.498958 0.502137 0.503592
v 0.500002 0.501485 0.503110
v 0.499346 0.502205 0.502972
v 0.499223 0.500790 0.503145
v 0.499489 0.502089 0.502623
v 0.499515 0.502005 0.503560
v 0.497059 0.502208 0.503055
v 0.499634 0.502775 0.503519
v 0.498579 0.502265 0.503388
v 0.499738 0.500876 0.504578
v 0.499458 0.502967 0.502405
v 0.497235 0.501339 0.504779
v 0.493803 0.503184 0.505518
v 0.500930 0.508327 0.504803
v 0.497910 0.501601 0.500216
v 0.498445 0.502015 0.509139
v 0.497391 0.506185 0.508732
v 0.498013 0.499057 0.507607
v 0.497489 0.503507 0.508052
v 0.499851 0.503538 0.505390
v 0.498659 0.500197 0.505716
v 0.499748 0.502947 0.504616
v 0.495555 0.501055 0.504030
v 0.501938 0.502253 0.507720
v 0.495619 0.498483 0.507296
v 0.501778 0.507779 0.507296
v 0.495587 0.503066 0.508229
v 0.499866 0.506857 0.505254
v 0.493914 0.506838 0.507587
v 0.497736 0.501211 0.508015
v 0.497863 0.502807 0.506165
v 0.499875 0.503854 0.504808
v 0.494953 0.503496 0.504617
v 0.496512 0.509527 0.507392
v 0.495678 0.507593 0.507745
v 0.494556 0.509839 0.505793
v 0.497273 0.505652 0.505172
v 0.497939 0.507649 0.509583
v 0.495383 0.510279 0.507021
v 0.497545 0.509992 0.509652
v 0.495937 0.505208 0.504551
v 0.500461 0.504997 0.508514
v 0.495803 0.504487 0.505584
v 0.503012 0.505457 0.507447
v 0.496060 0.501263 0.507195
v 0.501571 0.506098 0.505682
v 0.494682 0.501836 0.508495
v 0.503843 0.509331 0.509851
v 0.495704 0.503317 0.502348
v 0.499975 0.505933 0.505326
v 0.491950 0.505541 0.505553
v 0.497604 0.507869 0.506574
v 0.495454 0.501470 0.503104
v 0.501996 0.502244 0.507425
v 0.497573 0.499559 0.501351
v 0.499019 0.504643 0.512160
v 0.498005 0.505114 0.505431
v 0.497289 0.506309 0.508320
v 0.495296 0.502979 0.505439
v 0.501506 0.508225 0.505620
v 0.495016 0.500361 0.504474
v 0.495856 0.506639 0.508026
v 0.496847 0.505816 0.506343
v 0.500820 0.506398 0.508055
v 0.497010 0.499856 0.507725
v 0.501981 0.503431 0.507181
v 0.498772 0.502844 0.505822
v 0.498722 0.506586 0.507059
v 0.495398 0.508927 0.502453
v 0.496217 0.505888 0.506758
v 0.497903 0.502714 0.501573
v 0.495695 0.502059 0.505735
v 0.491634 0.503874 0.507237
v 0.500856 0.510889 0.505707
v 0.496722 0.501660 0.499267
v 0.497938 0.502612 0.511459
v 0.496338 0.508166 0.511223
v 0.497663 0.499172 0.509565
v 0.496513 0.504498 0.510350
v 0.500143 0.505239 0.507041
v 0.497824 0.499527 0.506695
v 0.500094 0.503875 0.505577
v 0.493530 0.501247 0.505256
v 0.502820 0.503513 0.510078
v 0.494287 0.497300 0.509383
v 0.502879 0.510861 0.509072
v 0.494027 0.503599 0.510255
v 0.499699 0.509179 0.506497
v 0.491813 0.509176 0.509275
v 0.496988 0.501716 0.510358
v 0.497568 0.504283 0.507478
v 0.500136 0.504686 0.505892
v 0.493019 0.504612 0.505117
v 0.495354 0.512904 0.509911
v 0.494076 0.510001 0.510137
v 0.492825 0.513299 0.507521
v 0.496055 0.507682 0.506550
v 0.497285 0.510105 0.512889
v 0.493799 0.513824 0.509066
v 0.496709 0.513619 0.512176
v 0.494448 0.507450 0.505208
v 0.501092 0.506198 0.511253
v 0.494527 0.505598 0.507001
v 0.504900 0.507297 0.509238
v 0.494752 0.501258 0.509133
v 0.502158 0.508042 0.507047
v 0.492596 0.502550 0.510746
v 0.505720 0.512640 0.513122
v 0.493829 0.504043 0.502499
v 0.500107 0.508344 0.506738
v 0.488701 0.507213 0.507136
v 0.496977 0.510722 0.508229
v 0.493938 0.501843 0.503201
v 0.503084 0.503053 0.509365
v 0.496597 0.498600 0.501247
v 0.498596 0.506574 0.516116
v 0.496768 0.507369 0.506553
v 0.496035 0.508546 0.510938
v 0.493318 0.503568 0.506676
v 0.501988 0.511477 0.507200
v 0.493135 0.500288 0.505380
v 0.494531 0.509092 0.510223
v 0.495708 0.507887 0.507704
v 0.501418 0.508481 0.510782
v 0.495766 0.499550 0.510164
v 0.503127 0.505011 0.509502
v 0.498154 0.503216 0.507122
v 0.498951 0.509832 0.508837
v 0.493745 0.511348 0.502588
v 0.495106 0.508210 0.508845
v 0.496723 0.503399 0.501781
v 0.498598 0.499835 0.500704
v 0.499080 0.501429 0.502701
v 0.500611 0.500680 0.506270
v 0.497098 0.503804 0.505859
v 0.501557 0.502375 0.505648
v 0.498149 0.501625 0.506027
v 0.500117 0.501790 0.505150
v 0.496926 0.502247 0.505051
v 0.497818 0.501708 0.506125
v 0.498464 0.503629 0.501844
v 0.497991 0.504308 0.504600
v 0.496728 0.501802 0.504297
v 0.500078 0.502865 0.504855
v 0.498817 0.504913 0.504488
v 0.502747 0.501406 0.506145
v 0.498751 0.496210 0.504367
v 0.501451 0.502281 0.507505
v 0.498657 0.499275 0.505578
v 0.500418 0.505471 0.505318
v 0.496872 0.503722 0.503240
v 0.498708 0.502416 0.504768
v 0.493689 0.498868 0.506023
v 0.502123 0.501379 0.505918
v 0.497445 0.502939 0.504519
v 0.500684 0.499704 0.506085
v 0.497785 0.500146 0.504408
v 0.499942 0.503215 0.505286
v 0.498047 0.502707 0.504230
v 0.502461 0.501824 0.504280
v 0.498358 0.498892 0.503591
v 0.498162 0.500041 0.504507
v 0.495075 0.500066 0.505051
v 0.500161 0.506432 0.507302
v 0.498969 0.499580 0.504398
v 0.501420 0.500336 0.507437
v 0.497676 0.499329 0.505195
v 0.501042 0.501991 0.506573
v 0.497823 0.500217 0.505641
v 0.501192 0.504478 0.506493
v 0.499643 0.500268 0.502321
v 0.500633 0.500432 0.505232
v 0.499149 0.501959 0.504448
v 0.499392 0.502354 0.503793
v 0.499811 0.500918 0.503334
v 0.500002 0.503630 0.506799
v 0.496950 0.497869 0.505225
v 0.502894 0.500147 0.504457
v 0.499898 0.497899 0.504187
v 0.500469 0.499290 0.507131
v 0.499567 0.499674 0.506948
v 0.500751 0.498974 0.505046
v 0.499683 0.498966 0.506154
v 0.500158 0.502478 0.504454
v 0.499626 0.501135 0.502831
v 0.501572 0.501646 0.505031
v 0.498391 0.501676 0.504202
v 0.502298 0.502334 0.505819
v 0.496859 0.499958 0.502992
v 0.500887 0.500528 0.505316
v 0.500201 0.503877 0.504129
v 0.499405 0.499907 0.504215
v 0.497267 0.500876 0.503830
v 0.499970 0.503313 0.503469
v 0.498608 0.500266 0.506007
v 0.500677 0.501516 0.504037
v 0.499268 0.500918 0.502038
v 0.500171 0.501246 0.506064
v 0.497665 0.500737 0.501577
v 0.501346 0.501973 0.505545
v 0.496704 0.502102 0.505862
v 0.501828 0.501142 0.506145
v 0.500770 0.501023 0.505078
v 0.499940 0.500063 0.504328
v 0.496552 0.499783 0.503883
v 0.500067 0.499698 0.504241
v 0.500058 0.502549 0.503058
v 0.499221 0.502169 0.503906
v 0.496679 0.502435 0.502010
v 0.500571 0.502644 0.503978
v 0.496681 0.498136 0.502556
v 0.500359 0.505385 0.505912
v 0.501118 0.501561 0.504684
v 0.501122 0.502373 0.503894
v 0.498106 0.500009 0.503367
v 0.501140 0.501637 0.505096
v 0.499855 0.500028 0.503877
v 0.501087 0.503796 0.504867
v 0.499132 0.498987 0.504811
v 0.499041 0.499970 0.504535
v 0.497859 0.500659 0.505478
v 0.499598 0.504041 0.506898
v 0.497755 0.502833 0.503756
v 0.498691 0.501373 0.506672
v 0.498120 0.501252 0.506240
v 0.500172 0.502214 0.504441
v 0.498370 0.502736 0.504060
v 0.500572 0.501786 0.504205
v 0.497870 0.501306 0.504051
v 0.498722 0.500081 0.504610
v 0.496828 0.503560 0.503429
v 0.502030 0.501588 0.505369
v 0.497141 0.499925 0.506151
v 0.498768 0.503640 0.503943
v 0.497792 0.502576 0.504570
v 0.502992 0.500280 0.504355
v 0.498963 0.498052 0.506060
v 0.500398 0.500278 0.503469
v 0.498785 0.502749 0.503891
v 0.501001 0.502682 0.505271
v 0.498168 0.499814 0.505905
v 0.500126 0.501834 0.505206
v 0.498350 0.498808 0.504430
v 0.499361 0.503175 0.508101
v 0.497773 0.500346 0.505150
v 0.500739 0.504140 0.504585
v 0.499141 0.501914 0.505374
v 0.499174 0.501059 0.504586
v 0.499948 0.499419 0.505640
v 0.500269 0.503402 0.504738
v 0.500147 0.501233 0.503170
v 0.498415 0.500408 0.506873
v 0.494113 0.502366 0.505145
v 0.498623 0.507287 0.504206
v 0.495750 0.502445 0.509911
v 0.502962 0.503338 0.506899
v 0.497534 0.502622 0.501839
v 0.499973 0.503009 0.510405
v 0.493942 0.502775 0.499558
v 0.503805 0.504719 0.511213
v 0.492988 0.505347 0.509776
v 0.504346 0.502658 0.512020
v 0.500357 0.499980 0.508024
v 0.499735 0.501338 0.508197
v 0.490908 0.500237 0.507113
v 0.501906 0.500229 0.508095
v 0.499826 0.505178 0.504873
v 0.501202 0.505439 0.505954
v 0.492330 0.502908 0.501538
v 0.502231 0.506815 0.507740
v 0.491984 0.497331 0.503136
v 0.501948 0.512572 0.512333
v 0.502800 0.504189 0.507710
v 0.503913 0.505412 0.507346
v 0.494686 0.498726 0.506219
v 0.504883 0.502427 0.508983
v 0.499197 0.500625 0.505987
v 0.503336 0.508347 0.507979
v 0.498589 0.495779 0.507423
v 0.498908 0.499485 0.506910
v 0.496438 0.503021 0.508647
v 0.500361 0.509432 0.512712
v 0.493575 0.506186 0.505512
v 0.497492 0.502183 0.513272
v 0.496328 0.501297 0.510448
v 0.501149 0.503777 0.509427
v 0.496259 0.504695 0.505527
v 0.502342 0.502938 0.505988
v 0.494954 0.501285 0.508755
v 0.497988 0.499792 0.507942
v 0.492341 0.509109 0.503881
v 0.506418 0.502717 0.508462
v 0.492751 0.499652 0.512322
v 0.496950 0.509457 0.507590
v 0.495528 0.505800 0.506617
v 0.508472 0.502951 0.506088
v 0.497416 0.494872 0.511112
v 0.503809 0.499965 0.506392
v 0.497489 0.503976 0.505380
v 0.504442 0.506109 0.510087
v 0.496795 0.499286 0.510873
v 0.501214 0.504043 0.509880
v 0.495549 0.495807 0.507722
v 0.499324 0.505807 0.515309
v 0.493027 0.500502 0.508139
v 0.502286 0.507887 0.509110
v 0.498677 0.502418 0.509219
v 0.499792 0.502797 0.507169
v 0.499659 0.499133 0.508068
v 0.503225 0.506775 0.506270
v 0.501352 0.503250 0.504311
v 0.496550 0.502127 0.503081
v 0.494829 0.504008 0.506038
v 0.499578 0.505245 0.504422
v 0.496846 0.502601 0.499436
v 0.498854 0.501874 0.505216
v 0.497264 0.505760 0.504922
v 0.499524 0.502063 0.505124
v 0.496766 0.504097 0.509002
v 0.498709 0.504918 0.505173
v 0.497631 0.502476 0.503667
v 0.500542 0.503019 0.504370
v 0.495096 0.502887 0.504934
v 0.501654 0.503190 0.506256
v 0.497900 0.499544 0.506364
v 0.502428 0.506508 0.504716
v 0.496362 0.502218 0.506353
v 0.498862 0.506542 0.505125
v 0.496089 0.506309 0.505988
v 0.498067 0.502574 0.504736
v 0.500186 0.504409 0.504113
v 0.498993 0.503359 0.503866
v 0.495412 0.503421 0.502376
v 0.497691 0.505271 0.507166
v 0.497325 0.504565 0.506390
v 0.497487 0.506554 0.506614
v 0.494998 0.505813 0.505289
v 0.497779 0.504945 0.508549
v 0.497238 0.507647 0.506528
v 0.498129 0.508549 0.504345
v 0.496887 0.507247 0.503151
v 0.500175 0.501909 0.506285
v 0.496891 0.504282 0.504579
v 0.504239 0.504135 0.505361
v 0.497572 0.502327 0.504156
v 0.499877 0.504161 0.504947
v 0.495902 0.502397 0.505443
v 0.503690 0.506857 0.508976
v 0.496615 0.502571 0.501724
v 0.499492 0.506905 0.504751
v 0.494248 0.504809 0.505265
v 0.498290 0.505559 0.505674
v 0.495841 0.503282 0.502629
v 0.501102 0.503558 0.504779
v 0.496682 0.500536 0.503420
v 0.499098 0.504855 0.508840
v 0.495754 0.506142 0.503915
v 0.497083 0.505330 0.507679
v 0.496736 0.502609 0.503161
v 0.499798 0.508839 0.504046
v 0.495387 0.502540 0.503929
v 0.497376 0.506137 0.505595
v 0.496925 0.507639 0.503772
v 0.499998 0.504609 0.506392
v 0.497527 0.501879 0.505563
v 0.501953 0.505188 0.505603
v 0.497021 0.501697 0.505458
v 0.501682 0.506797 0.505746
v 0.497195 0.505800 0.503009
v 0.496836 0.505804 0.506282
v 0.497760 0.503837 0.501800
v 0.496786 0.502096 0.502936
v 0.495045 0.504103 0.506415
v 0.500288 0.505060 0.504751
v 0.496435 0.503113 0.499594
v 0.498900 0.501523 0.505007
v 0.497042 0.505532 0.503820
v 0.499778 0.503521 0.505673
v 0.496410 0.504233 0.509955
v 0.498103 0.505238 0.505226
v 0.497959 0.504043 0.503668
v 0.501504 0.503225 0.504917
v 0.494767 0.503479 0.505746
v 0.501780 0.502834 0.506118
v 0.498538 0.500333 0.506034
v 0.503070 0.506460 0.504754
v 0.497031 0.501956 0.506220
v 0.499580 0.506553 0.505333
v 0.496897 0.506281 0.506133
v 0.498683 0.503157 0.503992
v 0.500219 0.505319 0.503442
v 0.498227 0.503236 0.503935
v 0.495913 0.502800 0.502309
v 0.498434 0.504452 0.507705
v 0.498076 0.503807 0.506044
v 0.498584 0.506021 0.508003
v 0.494723 0.505584 0.504928
v 0.498295 0.504084 0.508764
v 0.497550 0.506330 0.505950
v 0.499221 0.507376 0.502645
v 0.497716 0.507375 0.502927
v 0.499346 0.501401 0.505506
v 0.496230 0.504699 0.503969
v 0.503466 0.504517 0.505194
v 0.497205 0.503135 0.503697
v 0.499810 0.503813 0.504970
v 0.496068 0.502151 0.504808
v 0.503546 0.507469 0.508793
v 0.496598 0.501513 0.501529
v 0.500168 0.507659 0.504884
v 0.495214 0.504252 0.505074
v 0.498010 0.504975 0.505357
v 0.495156 0.503458 0.503228
v 0.500681 0.504749 0.504204
v 0.496374 0.500938 0.503994
v 0.499345 0.505042 0.508014
v 0.495279 0.506494 0.503431
v 0.497312 0.505228 0.507538
v 0.497325 0.502249 0.502589
v 0.499298 0.508591 0.503180
v 0.495458 0.503189 0.504495
v 0.497894 0.505583 0.505182
v 0.496882 0.507885 0.503353
v 0.499321 0.503855 0.505489
v 0.497753 0.502707 0.505217
v 0.501900 0.505625 0.505317
v 0.496184 0.501086 0.506023
v 0.501727 0.506912 0.506359
v 0.497778 0.504629 0.503624
v 0.497381 0.505306 0.506393
v 0.498064 0.504116 0.502088
v 0.496185 0.502126 0.503392
v 0.494057 0.504071 0.508478
v 0.501141 0.506768 0.506452
v 0.494105 0.504870 0.499338
v 0.498628 0.501175 0.506355
v 0.495387 0.506540 0.502929
v 0.500165 0.506065 0.507689
v 0.494542 0.504871 0.514439
v 0.496595 0.506444 0.507014
v 0.497714 0.505359 0.504812
v 0.502979 0.505089 0.506034
v 0.492759 0.504734 0.508168
v 0.502188 0.502786 0.507657
v 0.498891 0.501191 0.507019
v 0.505205 0.508138 0.505807
v 0.496449 0.502157 0.507508
v 0.500939 0.508440 0.507460
v 0.496739 0.507482 0.507665
v 0.498593 0.504996 0.504278
v 0.499767 0.507741 0.503946
v 0.497202 0.504340 0.504713
v 0.494968 0.502647 0.502500
v 0.498545 0.504933 0.509454
v 0.497876 0.504782 0.506004
v 0.499118 0.507885 0.511508
v 0.493139 0.506497 0.504789
v 0.498336 0.504690 0.510971
v 0.497036 0.506410 0.506479
v 0.500696 0.508741 0.502110
v 0.497416 0.508280 0.503123
v 0.498528 0.501313 0.505848
v 0.494396 0.506570 0.503675
v 0.504423 0.506533 0.506703
v 0.495941 0.504206 0.504255
v 0.500419 0.503973 0.506383
v 0.494865 0.502567 0.505442
v 0.503936 0.510882 0.510901
v 0.495732 0.500282 0.501253
v 0.501289 0.510466 0.506493
v 0.494303 0.504368 0.506319
v 0.496867 0.505886 0.506189
v 0.492748 0.504208 0.504775
v 0.500491 0.506432 0.504809
v 0.495773 0.501224 0.505203
v 0.499150 0.506698 0.509246
v 0.493398 0.508085 0.503601
v 0.497282 0.506893 0.509617
v 0.496959 0.501829 0.502137
v 0.498847 0.510762 0.503431
v 0.494161 0.504109 0.505542
v 0.498298 0.506724 0.506647
v 0.496272 0.509234 0.503757
v 0.498988 0.504319 0.505998
v 0.497485 0.504077 0.505448
v 0.502054 0.506651 0.506285
v 0.493850 0.501340 0.507240
v 0.502087 0.508879 0.509038
v 0.496945 0.504821 0.505431
v 0.497617 0.505429 0.508880
v 0.497416 0.505617 0.503271
v 0.498229 0.501168 0.502334
v 0.497421 0.502728 0.503904
v 0.499618 0.502888 0.503150
v 0.498589 0.502138 0.500588
v 0.499220 0.501136 0.503495
v 0.498594 0.503971 0.503562
v 0.499213 0.501163 0.503581
v 0.498237 0.502896 0.505259
v 0.499051 0.502675 0.503599
v 0.498724 0.501644 0.502888
v 0.499701 0.502043 0.502958
v 0.497536 0.502148 0.503113
v 0.500530 0.501852 0.503889
v 0.498784 0.500089 0.504216
v 0.500706 0.503630 0.503176
v 0.497876 0.502202 0.504292
v 0.499137 0.503982 0.503433
v 0.497769 0.503791 0.503849
v 0.498566 0.501594 0.503402
v 0.499929 0.502759 0.503415
v 0.499234 0.502083 0.502908
v 0.497410 0.502489 0.502334
v 0.498434 0.503407 0.504373
v 0.498266 0.503117 0.504107
v 0.498342 0.503486 0.504025
v 0.497237 0.503572 0.503675
v 0.498482 0.503193 0.505164
v 0.498296 0.504962 0.504381
v 0.498559 0.504916 0.503644
v 0.498173 0.504285 0.502627
v 0.499749 0.501575 0.504037
v 0.498380 0.502803 0.503380
v 0.501917 0.502551 0.503662
v 0.498681 0.501936 0.503275
v 0.499681 0.502629 0.503363
v 0.497963 0.501771 0.503968
v 0.501567 0.503482 0.505145
v 0.498207 0.502114 0.501876
v 0.499330 0.504105 0.503125
v 0.496652 0.503326 0.503442
v 0.498951 0.503493 0.503809
v 0.497787 0.502081 0.502157
v 0.500339 0.502136 0.503507
v 0.498430 0.500790 0.502673
v 0.499378 0.502661 0.505464
v 0.497610 0.503719 0.503087
v 0.498197 0.503289 0.504709
v 0.498319 0.502110 0.502611
v 0.499645 0.504966 0.502877
v 0.497488 0.501810 0.502909
v 0.498224 0.503402 0.503746
v 0.498494 0.504409 0.502914
v 0.499751 0.502669 0.504174
v 0.498694 0.501344 0.503863
v 0.500665 0.502876 0.503684
v 0.498452 0.501502 0.503542
v 0.500059 0.503897 0.503539
v 0.498454 0.503673 0.502502
v 0.497981 0.503454 0.503675
v 0.498963 0.502397 0.501281
v 0.496942 0.499546 0.499504
v 0.498616 0.503125 0.503781
v 0.501275 0.500505 0.510534
v 0.493862 0.506591 0.509909
v 0.503449 0.504059 0.510558
v 0.496967 0.502771 0.509691
v 0.500700 0.503206 0.507705
v 0.494035 0.503102 0.505830
v 0.496398 0.502826 0.509800
v 0.496755 0.505652 0.499861
v 0.496087 0.508104 0.507997
v 0.494392 0.501456 0.505345
v 0.499765 0.505865 0.507853
v 0.497475 0.508454 0.507213
v 0.505598 0.503434 0.510169
v 0.498045 0.491269 0.506855
v 0.503119 0.503898 0.513433
v 0.496925 0.497791 0.509005
v 0.501421 0.510827 0.509921
v 0.493014 0.505616 0.505601
v 0.497799 0.505651 0.508532
v 0.487250 0.496230 0.509517
v 0.505055 0.502953 0.510735
v 0.495462 0.503826 0.507507
v 0.502406 0.499517 0.509286
v 0.495908 0.500009 0.507635
v 0.500807 0.506518 0.508848
v 0.495444 0.506058 0.506244
v 0.504696 0.503704 0.507547
v 0.496888 0.495601 0.505202
v 0.497104 0.498771 0.507609
v 0.490425 0.498426 0.507808
v 0.500820 0.512420 0.513229
v 0.497857 0.498046 0.505638
v 0.503075 0.500864 0.513300
v 0.495618 0.498193 0.508233
v 0.503201 0.503469 0.511432
v 0.495497 0.500051 0.509566
v 0.503174 0.508550 0.512403
v 0.498677 0.501418 0.502468
v 0.502062 0.501549 0.508792
v 0.498674 0.502116 0.506920
v 0.498780 0.505032 0.505300
v 0.499676 0.501165 0.504804
v 0.500742 0.506918 0.511277
v 0.495668 0.494653 0.507632
v 0.506907 0.500409 0.507451
v 0.499471 0.495028 0.506485
v 0.501234 0.497576 0.511318
v 0.499029 0.497760 0.512267
v 0.500628 0.497283 0.508243
v 0.499357 0.497199 0.509655
v 0.500574 0.504139 0.506699
v 0.498976 0.500802 0.503678
v 0.503649 0.503172 0.507995
v 0.496194 0.502657 0.506194
v 0.505505 0.503640 0.510255
v 0.493978 0.499662 0.503390
v 0.502722 0.501061 0.508263
v 0.500539 0.506886 0.506963
v 0.499226 0.500050 0.501450
v 0.499261 0.501053 0.502746
v 0.500141 0.500449 0.503804
v 0.498633 0.502304 0.503972
v 0.500585 0.501375 0.503520
v 0.498890 0.501276 0.504189
v 0.499821 0.501213 0.503501
v 0.498372 0.501865 0.504040
v 0.498709 0.500811 0.503818
v 0.499226 0.502429 0.502327
v 0.498902 0.502205 0.503074
v 0.498415 0.501619 0.503212
v 0.499913 0.501650 0.503281
v 0.499308 0.502915 0.503074
v 0.500817 0.501015 0.503894
v 0.499114 0.499067 0.503279
v 0.500393 0.501238 0.504443
v 0.499158 0.500540 0.503708
v 0.500041 0.502918 0.503169
v 0.498632 0.502630 0.502549
v 0.499313 0.501387 0.503159
v 0.497168 0.500132 0.504079
v 0.500519 0.500862 0.503419
v 0.498719 0.501970 0.503117
v 0.500112 0.499986 0.504130
v 0.498858 0.500587 0.503403
v 0.499623 0.501773 0.503400
v 0.499106 0.501695 0.503127
v 0.501054 0.501061 0.502967
v 0.499063 0.500419 0.502766
v 0.498784 0.500587 0.503031
v 0.497478 0.500634 0.503689
v 0.499800 0.503251 0.504314
v 0.499492 0.500279 0.503457
v 0.500412 0.500354 0.504474
v 0.498839 0.500377 0.503535
v 0.499970 0.501386 0.504070
v 0.498902 0.500471 0.503792
v 0.500277 0.502268 0.503767
v 0.499789 0.500375 0.502283
v 0.500015 0.500392 0.503656
v 0.499410 0.501671 0.503133
v 0.499593 0.501567 0.502994
v 0.499739 0.500820 0.502767
v 0.499834 0.502078 0.504195
v 0.498270 0.499848 0.503742
v 0.500814 0.500318 0.503103
v 0.499670 0.499595 0.502959
v 0.500009 0.499848 0.504423
v 0.499641 0.500503 0.504496
v 0.500223 0.499898 0.503347
v 0.499702 0.500074 0.504082
v 0.499732 0.501524 0.503179
v 0.499554 0.501443 0.502547
v 0.500446 0.500796 0.503524
v 0.499037 0.501187 0.503285
v 0.500729 0.501452 0.503672
v 0.498391 0.500387 0.502521
v 0.500039 0.500539 0.503446
v 0.500187 0.502331 0.502654
v 0.497716 0.501531 0.502489
v 0.496688 0.503268 0.504622
v 0.499645 0.503434 0.503510
v 0.498044 0.502486 0.500263
v 0.499145 0.501317 0.503830
v 0.498171 0.504425 0.503592
v 0.499429 0.501723 0.503995
v 0.497808 0.503314 0.506535
v 0.498767 0.503446 0.503975
v 0.498368 0.502323 0.503057
v 0.500107 0.502311 0.503480
v 0.496834 0.502593 0.503808
v 0.500870 0.502268 0.504490
v 0.498746 0.500116 0.504719
v 0.501402 0.504277 0.503574
v 0.497640 0.502013 0.504905
v 0.499176 0.504627 0.503966
v 0.497412 0.504397 0.504642
v 0.498508 0.502020 0.503612
v 0.500129 0.503398 0.503381
v 0.499013 0.502470 0.503141
v 0.496883 0.502551 0.502293
v 0.498407 0.503518 0.505179
v 0.498132 0.503313 0.504769
v 0.498430 0.504141 0.505014
v 0.496410 0.504191 0.504137
v 0.498309 0.503493 0.506130
v 0.498159 0.505425 0.504896
v 0.498612 0.505747 0.503320
v 0.497928 0.505262 0.502746
v 0.499862 0.501477 0.504494
v 0.497803 0.503358 0.503713
v 0.502453 0.502947 0.504063
v 0.498355 0.502177 0.503297
v 0.499676 0.502890 0.503804
v 0.497395 0.501932 0.504147
v 0.502216 0.504486 0.506240
v 0.497763 0.501974 0.501800
v 0.499428 0.504948 0.503611
v 0.496292 0.503552 0.503919
v 0.498744 0.503846 0.504306
v 0.497137 0.502537 0.502340
v 0.500428 0.502796 0.503670
v 0.497825 0.500850 0.503024
v 0.499401 0.503352 0.506205
v 0.496964 0.504506 0.503200
v 0.497942 0.503821 0.505585
v 0.497997 0.502245 0.502523
v 0.499535 0.506076 0.502999
v 0.496897 0.502216 0.503307
v 0.498137 0.504078 0.504165
v 0.498035 0.505395 0.503015
v 0.499723 0.503115 0.504618
v 0.498433 0.501692 0.504268
v 0.501007 0.503681 0.504195
v 0.497801 0.501516 0.504273
v 0.500739 0.504667 0.504210
v 0.498265 0.504170 0.502681
v 0.497708 0.504101 0.504484
v 0.498630 0.503024 0.501512
v 0.499904 0.498750 0.506518
v 0.495676 0.500321 0.504480
v 0.501613 0.504482 0.505259
v 0.498213 0.498171 0.507943
v 0.500937 0.502330 0.505926
v 0.500014 0.499811 0.502247
v 0.501395 0.500432 0.509991
v 0.497329 0.499423 0.503015
v 0.502037 0.501541 0.506602
v 0.494810 0.501957 0.508754
v 0.503471 0.501319 0.508057
v 0.502013 0.501602 0.507275
v 0.501867 0.498296 0.505872
v 0.495850 0.498224 0.504191
v 0.499765 0.499127 0.505915
v 0.500635 0.502399 0.504201
v 0.498496 0.502752 0.505614
v 0.494509 0.503280 0.503175
v 0.501359 0.504146 0.504968
v 0.494819 0.495117 0.502984
v 0.501274 0.507311 0.508656
v 0.500951 0.500256 0.506385
v 0.502162 0.502849 0.504815
v 0.498311 0.498789 0.503489
v 0.502189 0.503242 0.506735
v 0.500505 0.498324 0.504555
v 0.502970 0.504967 0.507545
v 0.498153 0.498709 0.506538
v 0.499680 0.499346 0.507105
v 0.496406 0.499095 0.508060
v 0.499003 0.506146 0.510468
v 0.497526 0.503845 0.505505
v 0.499147 0.501797 0.509865
v 0.496860 0.501715 0.508704
v 0.500778 0.504210 0.506010
v 0.497568 0.503336 0.506170
v 0.500895 0.502990 0.506503
v 0.496835 0.501318 0.504533
v 0.498875 0.499204 0.506829
v 0.494724 0.503990 0.504749
v 0.502945 0.502508 0.508575
v 0.496238 0.497994 0.508377
v 0.499225 0.504311 0.505714
v 0.496700 0.502453 0.505657
v 0.505131 0.499151 0.506658
v 0.498854 0.495961 0.508419
v 0.500331 0.500440 0.504986
v 0.498068 0.503767 0.506067
v 0.501304 0.503781 0.506230
v 0.496778 0.499502 0.508576
v 0.499595 0.502959 0.506797
v 0.497400 0.498318 0.505441
v 0.499523 0.505338 0.511939
v 0.497386 0.499182 0.507809
v 0.501456 0.506014 0.506123
v 0.498595 0.502621 0.507223
v 0.498563 0.500864 0.507079
v 0.499415 0.499710 0.508064
v 0.500118 0.504918 0.507610
v 0.499223 0.500950 0.504733
v 0.496108 0.499387 0.498850
v 0.498881 0.504747 0.504542
v 0.500420 0.500167 0.511853
v 0.492795 0.508009 0.510891
v 0.503577 0.504505 0.512649
v 0.496834 0.503293 0.510546
v 0.501260 0.504664 0.507404
v 0.493186 0.503749 0.503912
v 0.496122 0.502462 0.510632
v 0.495553 0.506118 0.498280
v 0.495403 0.509120 0.509445
v 0.493656 0.500728 0.505151
v 0.498885 0.506915 0.508726
v 0.496827 0.509969 0.508185
v 0.505583 0.505365 0.511069
v 0.497930 0.490708 0.508934
v 0.503618 0.504236 0.514982
v 0.495318 0.497843 0.509449
v 0.501861 0.513709 0.512370
v 0.491479 0.506063 0.507463
v 0.497979 0.508344 0.510926
v 0.485712 0.495238 0.510293
v 0.506149 0.504184 0.512009
v 0.494825 0.502419 0.508775
v 0.503784 0.500253 0.510171
v 0.495585 0.500209 0.509509
v 0.501246 0.508468 0.509561
v 0.494365 0.507572 0.507738
v 0.505056 0.504453 0.508466
v 0.497462 0.494562 0.505693
v 0.497593 0.498420 0.509471
v 0.489102 0.496975 0.508958
v 0.501129 0.514765 0.514995
v 0.497671 0.497024 0.505809
v 0.503575 0.500987 0.515294
v 0.494153 0.498789 0.508864
v 0.504494 0.504194 0.512899
v 0.494194 0.499865 0.511270
v 0.504239 0.509903 0.514497
v 0.497468 0.503747 0.502728
v 0.502693 0.503525 0.510321
v 0.498610 0.502223 0.508148
v 0.498064 0.506482 0.506248
v 0.499231 0.501198 0.506008
v 0.501754 0.509615 0.512973
v 0.496449 0.494220 0.508371
v 0.508555 0.500915 0.508441
v 0.498634 0.494480 0.507218
v 0.501661 0.496997 0.512051
v 0.498481 0.497316 0.515073
v 0.499516 0.496158 0.509288
v 0.498561 0.497177 0.509873
v 0.501016 0.505249 0.506902
v 0.497788 0.500670 0.503922
v 0.504448 0.503510 0.509913
v 0.495336 0.502011 0.507422
v 0.506322 0.504013 0.512222
v 0.493135 0.499620 0.502760
v 0.503560 0.502258 0.508776
v 0.500969 0.507794 0.507369
v 0.498483 0.500973 0.503811
v 0.496113 0.502829 0.503336
v 0.498353 0.504858 0.502855
v 0.496814 0.502452 0.506032
v 0.501284 0.502601 0.504907
v 0.498354 0.502698 0.502310
v 0.499536 0.502369 0.506200
v 0.496013 0.502374 0.500736
v 0.502379 0.503760 0.507771
v 0.495585 0.503937 0.505789
v 0.501824 0.501692 0.507627
v 0.499328 0.500087 0.505452
v 0.499307 0.501444 0.505775
v 0.494349 0.501396 0.505931
v 0.501276 0.501486 0.505158
v 0.499924 0.503569 0.503606
v 0.501444 0.503928 0.504533
v 0.494512 0.501657 0.501534
v 0.501220 0.505115 0.505624
v 0.494705 0.500354 0.502520
v 0.501552 0.508197 0.508166
v 0.500444 0.503506 0.504571
v 0.502405 0.503549 0.505381
v 0.496500 0.499787 0.505299
v 0.502474 0.501907 0.505534
v 0.499278 0.502183 0.503904
v 0.501288 0.504945 0.505288
v 0.499222 0.497713 0.504631
v 0.499665 0.500264 0.504478
v 0.498125 0.502979 0.505352
v 0.499992 0.505425 0.507969
v 0.495231 0.504745 0.503794
v 0.498450 0.502018 0.509208
v 0.498016 0.501015 0.506542
v 0.500174 0.502836 0.506456
v 0.497892 0.502865 0.504128
v 0.501704 0.502104 0.504091
v 0.496654 0.500976 0.507265
v 0.499107 0.500551 0.505160
v 0.495809 0.506009 0.502826
v 0.503869 0.501382 0.505511
v 0.495876 0.500616 0.508101
v 0.497261 0.506989 0.505452
v 0.497846 0.504102 0.504230
v 0.504860 0.504269 0.504302
v 0.498210 0.497577 0.507051
v 0.503148 0.500742 0.504683
v 0.498307 0.502551 0.503864
v 0.502235 0.503242 0.506751
v 0.498441 0.500583 0.506798
v 0.500854 0.502500 0.506974
v 0.496959 0.497674 0.505168
v 0.499645 0.503206 0.509276
v 0.494779 0.501118 0.504788
v 0.501746 0.504495 0.506773
v 0.498476 0.501926 0.506123
v 0.499843 0.502532 0.504932
v 0.499148 0.500681 0.504867
v 0.502293 0.503668 0.504010
v 0.501273 0.502878 0.503016
v 0.498722 0.499184 0.502641
v 0.497689 0.499303 0.505838
v 0.500996 0.503872 0.506998
v 0.496890 0.504551 0.503005
v 0.499348 0.500559 0.503961
v 0.496787 0.502596 0.503861
v 0.500060 0.503013 0.506882
v 0.494345 0.503437 0.511019
v 0.496133 0.502384 0.505511
v 0.498382 0.503275 0.505963
v 0.501013 0.504459 0.503318
v 0.494984 0.503602 0.506307
v 0.501190 0.500724 0.504438
v 0.500408 0.504686 0.503334
v 0.504465 0.500955 0.504828
v 0.497956 0.498126 0.504949
v 0.502940 0.504207 0.507511
v 0.497645 0.500545 0.505477
v 0.499305 0.506944 0.501654
v 0.498697 0.505504 0.503669
v 0.500078 0.501595 0.503140
v 0.495243 0.502507 0.504600
v 0.501198 0.501744 0.504809
v 0.497224 0.504545 0.503957
v 0.500780 0.502348 0.508647
v 0.496697 0.502043 0.503286
v 0.497863 0.501787 0.505883
v 0.498634 0.502237 0.506085
v 0.503014 0.504281 0.502923
v 0.498335 0.502767 0.503511
v 0.497489 0.500829 0.504389
v 0.494150 0.502271 0.505058
v 0.502034 0.505014 0.508046
v 0.498197 0.502937 0.504128
v 0.501974 0.500445 0.506991
v 0.496992 0.501441 0.502904
v 0.500130 0.504319 0.506943
v 0.498865 0.498853 0.503968
v 0.500665 0.506927 0.505723
v 0.499167 0.500542 0.503898
v 0.498267 0.499286 0.505374
v 0.497414 0.503209 0.504250
v 0.499038 0.502139 0.504507
v 0.500386 0.501274 0.504266
v 0.498554 0.503420 0.505642
v 0.494085 0.502918 0.504452
v 0.501473 0.503625 0.505259
v 0.500573 0.498328 0.503886
v 0.499792 0.503759 0.506088
v 0.498877 0.502426 0.505584
v 0.501499 0.499613 0.505286
v 0.499395 0.500703 0.505578
v 0.499284 0.500593 0.505333
v 0.499991 0.500751 0.504295
v 0.500758 0.502414 0.506927
v 0.496079 0.502404 0.504361
v 0.501166 0.503324 0.506090
v 0.497770 0.501553 0.504536
v 0.500923 0.499730 0.507245
v 0.499219 0.504292 0.504172
v 0.499060 0.500416 0.504272
v 0.495904 0.503096 0.504753
v 0.501438 0.505862 0.503493
v 0.499424 0.501702 0.501271
v 0.498710 0.502500 0.507957
v 0.498285 0.503583 0.506891
v 0.498476 0.498858 0.506500
v 0.498045 0.502162 0.506774
v 0.499142 0.501698 0.504105
v 0.499398 0.500687 0.505538
v 0.499415 0.501938 0.503415
v 0.498066 0.500739 0.503446
v 0.501616 0.500251 0.506088
v 0.496876 0.500043 0.504993
v 0.500458 0.504088 0.506189
v 0.497097 0.503028 0.506505
v 0.500112 0.504557 0.504415
v 0.495408 0.504500 0.506421
v 0.498904 0.500767 0.506424
v 0.497785 0.500642 0.504973
v 0.499645 0.503419 0.504699
v 0.496990 0.502070 0.504752
v 0.497804 0.506486 0.505202
v 0.497343 0.505011 0.505953
v 0.496304 0.506939 0.504326
v 0.499174 0.503290 0.504180
v 0.498843 0.505624 0.506536
v 0.496819 0.506760 0.505742
v 0.498608 0.506152 0.507661
v 0.496737 0.502292 0.504382
v 0.499838 0.504552 0.506829
v 0.497257 0.503576 0.504421
v 0.500933 0.503666 0.506672
v 0.497124 0.501045 0.505510
v 0.500991 0.504383 0.504610
v 0.496793 0.501031 0.507017
v 0.501792 0.506344 0.507169
v 0.497607 0.502498 0.502383
v 0.500069 0.503299 0.504265
v 0.494663 0.504181 0.504146
v 0.498592 0.505210 0.505892
v 0.496354 0.501160 0.503358
v 0.501608 0.501927 0.506176
v 0.499012 0.500798 0.501385
v 0.499634 0.502564 0.508554
v 0.499576 0.502362 0.504673
v 0.498508 0.504731 0.506193
v 0.497230 0.502512 0.503961
v 0.501164 0.505418 0.504422
v 0.496557 0.500697 0.503866
v 0.497151 0.504183 0.506431
v 0.497724 0.503705 0.505333
v 0.500178 0.504998 0.506565
v 0.498149 0.500001 0.505344
v 0.500736 0.502229 0.504910
v 0.499247 0.502407 0.504963
v 0.498344 0.503175 0.505619
v 0.496486 0.507028 0.502745
v 0.497238 0.503458 0.505537
v 0.499063 0.501684 0.501556
v 0.499395 0.499939 0.501809
v 0.499331 0.500720 0.503026
v 0.499924 0.501217 0.502781
v 0.499455 0.502140 0.502285
v 0.499848 0.500710 0.502223
v 0.499363 0.501743 0.502828
v 0.499660 0.501076 0.502957
v 0.498744 0.501880 0.504274
v 0.498678 0.500963 0.502255
v 0.499524 0.501895 0.502961
v 0.499716 0.501293 0.502096
v 0.499163 0.501752 0.503115
v 0.499620 0.500962 0.502305
v 0.499806 0.501972 0.502296
v 0.500297 0.500970 0.502395
v 0.499476 0.500984 0.503020
v 0.499993 0.501410 0.502753
v 0.499307 0.501269 0.502569
v 0.499636 0.501663 0.501954
v 0.499794 0.502258 0.502425
v 0.499678 0.501020 0.502271
v 0.499079 0.501429 0.502858
v 0.499357 0.501100 0.502197
v 0.499330 0.502053 0.502421
v 0.499778 0.500969 0.503239
v 0.499140 0.501283 0.502485
v 0.499043 0.501118 0.502574
v 0.499403 0.501539 0.502825
v 0.500001 0.501282 0.502308
v 0.499391 0.501933 0.502344
v 0.499158 0.500902 0.502383
v 0.498581 0.501634 0.502721
v 0.499820 0.501481 0.502955
v 0.499756 0.501869 0.502771
v 0.499780 0.500720 0.502750
v 0.499171 0.501563 0.502408
v 0.499374 0.501495 0.502828
v 0.499559 0.500905 0.502609
v 0.499627 0.502026 0.502548
v 0.499557 0.501097 0.502547
v 0.499303 0.500558 0.502695
v 0.499200 0.501722 0.502582
v 0.499319 0.501379 0.502486
v 0.499645 0.501132 0.502429
v 0.499628 0.501170 0.502508
v 0.498619 0.502008 0.502581
v 0.499678 0.501654 0.502583
v 0.499815 0.500751 0.502349
v 0.499388 0.501313 0.502463
v 0.499744 0.501815 0.503032
v 0.499693 0.500743 0.502526
v 0.499675 0.501225 0.502668
v 0.499408 0.501014 0.502543
v 0.499722 0.501540 0.502745
v 0.499557 0.500953 0.502649
v 0.498872 0.501593 0.502769
v 0.499504 0.501289 0.502522
v 0.499318 0.501549 0.502649
v 0.499718 0.500705 0.503025
v 0.500131 0.501740 0.501777
v 0.499490 0.498675 0.507698
v 0.494709 0.500325 0.505811
v 0.501054 0.505982 0.505887
v 0.497113 0.499315 0.510408
v 0.502334 0.502959 0.506872
v 0.499287 0.500328 0.502092
v 0.501390 0.501717 0.511755
v 0.495481 0.500629 0.501217
v 0.502976 0.502992 0.509502
v 0.493119 0.503437 0.510311
v 0.504948 0.502002 0.511146
v 0.502254 0.501200 0.508661
v 0.501309 0.499072 0.506808
v 0.493106 0.498244 0.505384
v 0.500521 0.498282 0.507568
v 0.500474 0.503946 0.504624
v 0.498856 0.504033 0.506201
v 0.492929 0.503799 0.502376
v 0.501598 0.505122 0.506293
v 0.493057 0.494184 0.503293
v 0.501564 0.510434 0.510613
v 0.502530 0.501717 0.507635
v 0.502790 0.504061 0.506241
v 0.496607 0.498641 0.504580
v 0.503504 0.502982 0.508902
v 0.499972 0.497955 0.505895
v 0.503622 0.507448 0.508473
v 0.497911 0.496993 0.507859
v 0.498534 0.498932 0.507692
v 0.495743 0.500256 0.509190
v 0.499833 0.508807 0.513037
v 0.495955 0.504667 0.506515
v 0.498148 0.502305 0.512062
v 0.495847 0.501932 0.510697
v 0.501150 0.504633 0.507903
v 0.496668 0.504509 0.506376
v 0.501563 0.503401 0.507145
v 0.495660 0.501629 0.505753
v 0.497961 0.499283 0.508051
v 0.493189 0.506109 0.504929
v 0.504547 0.502906 0.510031
v 0.494431 0.498464 0.511116
v 0.498154 0.506999 0.506652
v 0.495307 0.503885 0.507183
v 0.507305 0.498869 0.507359
v 0.498222 0.494616 0.511006
v 0.501473 0.499662 0.505775
v 0.497885 0.504377 0.506176
v 0.502950 0.505488 0.509004
v 0.496205 0.498550 0.510461
v 0.500343 0.503189 0.508979
v 0.496680 0.496012 0.507199
v 0.499114 0.506642 0.515452
v 0.495576 0.499455 0.509435
v 0.501995 0.508541 0.507699
v 0.498328 0.502912 0.509202
v 0.498786 0.501451 0.507636
v 0.499780 0.498131 0.509727
v 0.501479 0.506775 0.508120
v 0.500197 0.501754 0.505082
v 0.498807 0.500362 0.500948
v 0.499316 0.501756 0.502630
v 0.499646 0.500347 0.503747
v 0.498316 0.502577 0.504336
v 0.500455 0.501578 0.504134
v 0.498958 0.501518 0.504344
v 0.500062 0.501608 0.503277
v 0.498614 0.501921 0.502997
v 0.498856 0.500595 0.503961
v 0.498894 0.502326 0.501438
v 0.498788 0.502231 0.503521
v 0.498491 0.501074 0.502927
v 0.499385 0.502185 0.503692
v 0.498844 0.503402 0.503413
v 0.500800 0.501547 0.504306
v 0.499379 0.498513 0.503399
v 0.500579 0.501243 0.504732
v 0.498833 0.500447 0.503835
v 0.500132 0.503387 0.503809
v 0.498204 0.502448 0.503089
v 0.499244 0.502081 0.503905
v 0.496944 0.499720 0.504066
v 0.500885 0.501087 0.503717
v 0.498818 0.501554 0.503479
v 0.500537 0.500208 0.503878
v 0.498736 0.500611 0.503893
v 0.499726 0.502258 0.503536
v 0.498543 0.502249 0.503430
v 0.500801 0.501159 0.503014
v 0.499339 0.499739 0.502920
v 0.499082 0.500344 0.503336
v 0.497320 0.500173 0.503729
v 0.499639 0.503489 0.504668
v 0.499482 0.500122 0.503385
v 0.500375 0.500570 0.504907
v 0.498544 0.500733 0.503706
v 0.500448 0.501481 0.504114
v 0.498677 0.500713 0.504157
v 0.500424 0.502370 0.504310
v 0.499409 0.501273 0.502113
v 0.500252 0.501252 0.503878
v 0.499507 0.501449 0.503067
v 0.499399 0.501911 0.502898
v 0.499561 0.500944 0.502913
v 0.500140 0.502826 0.504331
v 0.498842 0.499692 0.503780
v 0.501283 0.500372 0.503458
v 0.499486 0.499467 0.503075
v 0.500061 0.499577 0.504402
v 0.499679 0.500176 0.505040
v 0.499637 0.499710 0.503323
v 0.499460 0.499889 0.503724
v 0.499702 0.502009 0.503163
v 0.499210 0.501385 0.502586
v 0.500468 0.500923 0.503774
v 0.498683 0.501137 0.503350
v 0.501037 0.501385 0.504106
v 0.498335 0.500423 0.502470
v 0.500208 0.500983 0.503337
v 0.500364 0.502334 0.502684
v 0.499878 0.499447 0.504367
v 0.497082 0.500938 0.503000
v 0.501024 0.502985 0.503958
v 0.499034 0.499127 0.504846
v 0.499848 0.501855 0.504206
v 0.500222 0.500106 0.502676
v 0.500601 0.500089 0.506752
v 0.498534 0.499728 0.503738
v 0.500927 0.501023 0.504031
v 0.496993 0.500902 0.506313
v 0.501320 0.500771 0.504889
v 0.500919 0.501420 0.504946
v 0.500992 0.498513 0.504309
v 0.498043 0.499391 0.502782
v 0.499230 0.499983 0.503990
v 0.500044 0.501777 0.503383
v 0.499048 0.501653 0.504390
v 0.497010 0.502288 0.503324
v 0.500691 0.502586 0.503988
v 0.497348 0.497710 0.502583
v 0.500296 0.504162 0.505725
v 0.499879 0.500109 0.505019
v 0.501140 0.502279 0.503357
v 0.499550 0.500148 0.502836
v 0.500772 0.502542 0.504878
v 0.500364 0.499569 0.503283
v 0.501254 0.502860 0.505650
v 0.498358 0.500503 0.504526
v 0.499979 0.500478 0.505363
v 0.496997 0.499395 0.505802
v 0.498728 0.503420 0.506764
v 0.498751 0.502779 0.504097
v 0.499726 0.501506 0.506552
v 0.497990 0.501208 0.505918
v 0.500253 0.502916 0.503956
v 0.498576 0.501826 0.504791
v 0.500346 0.502258 0.505203
v 0.498079 0.501256 0.503306
v 0.499557 0.499785 0.504907
v 0.497016 0.502525 0.503622
v 0.501367 0.502021 0.506143
v 0.497880 0.499175 0.505259
v 0.499830 0.502316 0.504314
v 0.498369 0.501767 0.503594
v 0.502357 0.500349 0.505153
v 0.499434 0.498517 0.505129
v 0.499531 0.501282 0.504013
v 0.498536 0.502184 0.504990
v 0.500062 0.502210 0.504023
v 0.497620 0.500360 0.505801
v 0.498883 0.502192 0.504593
v 0.498278 0.500208 0.504038
v 0.499716 0.503505 0.507692
v 0.498626 0.499972 0.505131
v 0.500692 0.503099 0.504475
v 0.499203 0.501526 0.505205
v 0.498727 0.500718 0.505188
v 0.498963 0.501227 0.505686
v 0.499031 0.502828 0.505235
v 0.499299 0.500646 0.503280
v 0.501251 0.496776 0.510831
v 0.492709 0.500935 0.504597
v 0.505241 0.507912 0.509843
v 0.498736 0.496955 0.507293
v 0.500907 0.506643 0.512546
v 0.502149 0.497120 0.506758
v 0.503321 0.497064 0.519046
v 0.496450 0.498930 0.511533
v 0.502635 0.500576 0.506805
v 0.492179 0.499873 0.516978
v 0.503462 0.502553 0.510021
v 0.502130 0.501728 0.509555
v 0.505787 0.494786 0.511329
v 0.494023 0.495950 0.504550
v 0.496376 0.500606 0.509848
v 0.500204 0.503239 0.508962
v 0.498415 0.504242 0.511618
v 0.489157 0.504971 0.509420
v 0.502689 0.505022 0.509854
v 0.493339 0.490595 0.503021
v 0.502222 0.511867 0.514103
v 0.498376 0.497205 0.511539
v 0.504417 0.506877 0.507756
v 0.500053 0.498343 0.506382
v 0.502793 0.508882 0.510677
v 0.501226 0.497120 0.506007
v 0.505673 0.508432 0.514471
v 0.494129 0.501630 0.508479
v 0.501996 0.501244 0.513348
v 0.489096 0.496256 0.512183
v 0.498100 0.510729 0.519919
v 0.497731 0.507239 0.509293
v 0.501534 0.506179 0.517360
v 0.493175 0.499997 0.513282
v 0.502722 0.508867 0.508698
v 0.495570 0.501223 0.512045
v 0.501333 0.508068 0.514008
v 0.492962 0.502875 0.505462
v 0.501065 0.498287 0.510546
v 0.491278 0.506011 0.506865
v 0.504711 0.506481 0.516336
v 0.493595 0.495625 0.512152
v 0.502806 0.504564 0.511382
v 0.495731 0.503146 0.504413
v 0.507182 0.500056 0.513000
v 0.498938 0.495764 0.512083
v 0.499237 0.504664 0.509655
v 0.495802 0.503190 0.511602
v 0.501351 0.505523 0.507044
v 0.491432 0.499834 0.514296
v 0.495216 0.506868 0.510954
v 0.493696 0.499301 0.509023
v 0.500464 0.511697 0.520302
v 0.496059 0.498200 0.511993
v 0.502526 0.508317 0.510460
v 0.498897 0.502424 0.511533
v 0.498242 0.501494 0.512835
v 0.495454 0.505119 0.512139
v 0.497332 0.508045 0.512370
v 0.497901 0.500196 0.505560
v 0.500444 0.497291 0.511680
v 0.492249 0.502375 0.506905
v 0.504662 0.510085 0.509773
v 0.500339 0.498221 0.504486
v 0.500344 0.508324 0.516885
v 0.501916 0.497539 0.510817
v 0.501767 0.496085 0.519802
v 0.496107 0.501276 0.515239
v 0.500907 0.499891 0.506729
v 0.493597 0.500561 0.517561
v 0.499944 0.503208 0.508680
v 0.499783 0.501197 0.508726
v 0.505661 0.495779 0.512721
v 0.493132 0.498164 0.505654
v 0.496784 0.502112 0.511266
v 0.498429 0.505139 0.513036
v 0.498741 0.505913 0.511776
v 0.486738 0.507263 0.512312
v 0.501062 0.503412 0.512179
v 0.493366 0.493686 0.504116
v 0.502724 0.511583 0.513364
v 0.495775 0.497662 0.512752
v 0.502294 0.509451 0.509486
v 0.498456 0.501202 0.509857
v 0.498084 0.513627 0.509398
v 0.501950 0.499747 0.508036
v 0.504432 0.510590 0.515451
v 0.491831 0.506831 0.510129
v 0.501658 0.505549 0.514884
v 0.488203 0.496724 0.511267
v 0.498720 0.512244 0.521013
v 0.497156 0.508409 0.509867
v 0.502177 0.508457 0.518713
v 0.492441 0.499452 0.512019
v 0.503368 0.510500 0.508444
v 0.493555 0.500677 0.514016
v 0.502349 0.511532 0.515846
v 0.492569 0.503144 0.506043
v 0.501955 0.499715 0.510140
v 0.489720 0.509372 0.507216
v 0.503462 0.509446 0.515257
v 0.492834 0.495564 0.511157
v 0.504235 0.502559 0.512963
v 0.497284 0.504162 0.502231
v 0.504364 0.503106 0.515775
v 0.500232 0.497536 0.510957
v 0.498586 0.507753 0.510492
v 0.494122 0.504882 0.509945
v 0.502315 0.507631 0.506790
v 0.490881 0.500122 0.511862
v 0.493889 0.508083 0.513362
v 0.491802 0.503887 0.509672
v 0.502316 0.514929 0.520100
v 0.494927 0.499110 0.511335
v 0.503723 0.507355 0.510971
v 0.498517 0.502938 0.511349
v 0.498316 0.503136 0.513527
v 0.492796 0.508676 0.510182
v 0.496015 0.508300 0.512727
v 0.497733 0.500116 0.503857
v 0.499785 0.499362 0.504907
v 0.496824 0.500670 0.503700
v 0.500961 0.503410 0.504146
v 0.498773 0.499012 0.506047
v 0.500274 0.501709 0.504524
v 0.499972 0.500221 0.502268
v 0.500734 0.500467 0.507314
v 0.498089 0.499735 0.502909
v 0.501257 0.501247 0.505066
v 0.496399 0.501473 0.506709
v 0.502093 0.500922 0.505974
v 0.501310 0.501475 0.505608
v 0.501052 0.498802 0.504650
v 0.497271 0.499111 0.503493
v 0.499720 0.499628 0.504445
v 0.500341 0.502019 0.503452
v 0.498840 0.502037 0.504439
v 0.496329 0.502594 0.502850
v 0.500843 0.503050 0.504066
v 0.496473 0.497111 0.502648
v 0.500689 0.505180 0.506534
v 0.500492 0.500400 0.505147
v 0.501301 0.502189 0.503805
v 0.498863 0.499588 0.503015
v 0.501216 0.502484 0.505188
v 0.500339 0.499269 0.503728
v 0.501714 0.503508 0.505898
v 0.498612 0.499613 0.505156
v 0.499702 0.499896 0.505541
v 0.497361 0.499446 0.506365
v 0.499033 0.504085 0.507633
v 0.498233 0.502976 0.504310
v 0.499283 0.501386 0.507379
v 0.497824 0.501408 0.506691
v 0.500261 0.503065 0.504560
v 0.498289 0.502555 0.504882
v 0.500516 0.502166 0.505230
v 0.497781 0.501262 0.503817
v 0.499193 0.499678 0.505318
v 0.496338 0.503006 0.503925
v 0.501844 0.501945 0.506463
v 0.497385 0.498947 0.506237
v 0.499354 0.503092 0.504443
v 0.497746 0.502018 0.504524
v 0.503217 0.499785 0.505240
v 0.499230 0.497503 0.506329
v 0.499940 0.500696 0.503971
v 0.498494 0.503018 0.504917
v 0.500550 0.502596 0.504830
v 0.497668 0.500007 0.506418
v 0.499495 0.502202 0.505192
v 0.498120 0.499490 0.504328
v 0.499588 0.503800 0.508698
v 0.498233 0.499716 0.505866
v 0.500901 0.504090 0.504757
v 0.498952 0.501981 0.505654
v 0.498755 0.500867 0.505529
v 0.499410 0.500161 0.506271
v 0.499681 0.503395 0.505899
v 0.499344 0.500810 0.503789
v 0.498749 0.497695 0.500875
v 0.498543 0.498852 0.505181
v 0.502983 0.503131 0.511197
v 0.494395 0.507144 0.507332
v 0.503775 0.503839 0.507904
v 0.496705 0.501502 0.509755
v 0.501021 0.502455 0.508732
v 0.492413 0.503823 0.511145
v 0.495377 0.504293 0.510941
v 0.496825 0.506237 0.504078
v 0.496781 0.508860 0.506268
v 0.491939 0.504885 0.508083
v 0.501843 0.502771 0.507690
v 0.499479 0.509107 0.507285
v 0.507317 0.501261 0.509875
v 0.496961 0.491730 0.507172
v 0.503723 0.504675 0.513961
v 0.497802 0.496794 0.509045
v 0.500500 0.510670 0.507033
v 0.495015 0.507604 0.503152
v 0.498248 0.503011 0.505416
v 0.487246 0.498641 0.509019
v 0.504179 0.501975 0.510557
v 0.494221 0.506463 0.505678
v 0.500763 0.499826 0.512034
v 0.495936 0.500869 0.504655
v 0.499305 0.504114 0.509093
v 0.497563 0.503114 0.506207
v 0.506321 0.504232 0.506174
v 0.496366 0.498415 0.506036
v 0.496921 0.499518 0.507353
v 0.490221 0.500372 0.507846
v 0.502344 0.511986 0.513078
v 0.497671 0.499233 0.506503
v 0.503885 0.499821 0.513078
v 0.495910 0.496639 0.507248
v 0.501167 0.503895 0.511779
v 0.496595 0.497263 0.508177
v 0.502981 0.509706 0.511083
v 0.500778 0.497702 0.503334
v 0.501144 0.498130 0.508720
v 0.497740 0.503802 0.507119
v 0.499798 0.504041 0.506346
v 0.500873 0.500376 0.504636
v 0.499510 0.506211 0.511840
v 0.491656 0.497094 0.507842
v 0.505944 0.500357 0.507421
v 0.501423 0.494522 0.506736
v 0.502179 0.498551 0.513314
v 0.499203 0.500187 0.511504
v 0.503511 0.496815 0.509195
v 0.499579 0.497317 0.510493
v 0.501357 0.502785 0.508053
v 0.499165 0.500497 0.504862
v 0.503811 0.502350 0.509489
v 0.497020 0.503316 0.506251
v 0.504827 0.505738 0.509970
v 0.493890 0.499301 0.504309
v 0.502898 0.499868 0.509993
v 0.499605 0.507095 0.506901
v 0.500289 0.496945 0.510903
v 0.492416 0.499443 0.506395
v 0.503584 0.507574 0.508374
v 0.496755 0.495763 0.512842
v 0.502490 0.504230 0.509794
v 0.500392 0.498677 0.502249
v 0.503240 0.500158 0.517494
v 0.495417 0.498220 0.503816
v 0.504047 0.502035 0.510560
v 0.490631 0.503049 0.514477
v 0.507142 0.502389 0.513647
v 0.503804 0.502175 0.511823
v 0.504038 0.496684 0.509184
v 0.492355 0.495929 0.505734
v 0.499891 0.497768 0.509999
v 0.501276 0.503472 0.506389
v 0.497637 0.504806 0.508918
v 0.489706 0.505234 0.504255
v 0.502815 0.507302 0.507473
v 0.490516 0.489879 0.503843
v 0.502967 0.513097 0.514439
v 0.502034 0.499728 0.510062
v 0.504507 0.504628 0.507589
v 0.497105 0.496901 0.504529
v 0.504869 0.505555 0.510935
v 0.500900 0.495794 0.506731
v 0.506442 0.508702 0.512226
v 0.496584 0.496635 0.510156
v 0.499605 0.497981 0.511427
v 0.493566 0.497915 0.512777
v 0.498701 0.511630 0.518162
v 0.495679 0.506424 0.508907
v 0.498976 0.502980 0.516698
v 0.494179 0.502586 0.514176
v 0.502186 0.507512 0.509918
v 0.495614 0.505121 0.509764
v 0.501862 0.505316 0.510168
v 0.494161 0.501472 0.506449
v 0.498184 0.497864 0.510934
v 0.490337 0.506615 0.506908
v 0.506045 0.504246 0.514464
v 0.493132 0.495365 0.514014
v 0.499144 0.507600 0.509280
v 0.494028 0.503693 0.508430
v 0.510276 0.497755 0.510593
v 0.497879 0.491915 0.513928
v 0.501316 0.500154 0.507891
v 0.496722 0.505739 0.509515
v 0.503354 0.506899 0.509988
v 0.494270 0.498267 0.514436
v 0.499558 0.505140 0.511154
v 0.495477 0.495460 0.508368
v 0.499348 0.509407 0.520632
v 0.495114 0.497678 0.513031
v 0.502833 0.511095 0.510012
v 0.497605 0.503960 0.511730
v 0.498106 0.500875 0.511266
v 0.499206 0.498669 0.513008
v 0.501000 0.508885 0.512300
v 0.498786 0.501248 0.507405
v 0.500828 0.496431 0.511670
v 0.491610 0.500157 0.505019
v 0.505205 0.507681 0.509688
v 0.497210 0.494565 0.511291
v 0.501950 0.505815 0.510617
v 0.501726 0.497359 0.503590
v 0.503767 0.498027 0.519629
v 0.495904 0.497176 0.507694
v 0.503874 0.500873 0.508805
v 0.490145 0.501198 0.516599
v 0.506561 0.502198 0.512744
v 0.504031 0.502082 0.511991
v 0.505001 0.494601 0.510287
v 0.493087 0.495567 0.504565
v 0.498387 0.498392 0.510817
v 0.500990 0.502858 0.507273
v 0.497488 0.504550 0.510855
v 0.489161 0.505356 0.506513
v 0.503510 0.507664 0.508243
v 0.491370 0.489245 0.503688
v 0.502667 0.512355 0.514983
v 0.500713 0.498451 0.511806
v 0.505480 0.505293 0.507170
v 0.498532 0.497703 0.504126
v 0.504600 0.507149 0.511451
v 0.501251 0.495148 0.506195
v 0.506715 0.508146 0.513809
v 0.495069 0.498119 0.510011
v 0.501197 0.498666 0.513640
v 0.490993 0.496191 0.514039
v 0.497510 0.511575 0.519842
v 0.496258 0.507250 0.509733
v 0.500404 0.504146 0.517942
v 0.493537 0.502183 0.514285
v 0.503013 0.508907 0.509279
v 0.495891 0.503969 0.510869
v 0.501711 0.506628 0.512327
v 0.493474 0.502119 0.505928
v 0.499121 0.497154 0.511695
v 0.489837 0.505936 0.507127
v 0.506375 0.505391 0.516522
v 0.493065 0.494172 0.513732
v 0.501309 0.506028 0.510773
v 0.494497 0.503185 0.506897
v 0.510234 0.498548 0.512637
v 0.497852 0.493517 0.513277
v 0.500411 0.501911 0.509204
v 0.495907 0.504275 0.511453
v 0.502282 0.506438 0.509229
v 0.492865 0.498470 0.515464
v 0.497672 0.506255 0.511249
v 0.494904 0.496308 0.508972
v 0.500002 0.510579 0.521872
v 0.496057 0.497075 0.513439
v 0.503126 0.510258 0.510527
v 0.498116 0.503860 0.511974
v 0.497672 0.501008 0.512659
v 0.497783 0.501826 0.513098
v 0.499218 0.508653 0.513162
v 0.497650 0.500465 0.507718
v 0.498284 0.497802 0.502756
v 0.497192 0.497194 0.507673
v 0.502592 0.506262 0.511095
v 0.494498 0.507021 0.504769
v 0.500997 0.501464 0.506278
v 0.494958 0.503157 0.507343
v 0.500874 0.503336 0.509995
v 0.490626 0.504610 0.515374
v 0.494084 0.505153 0.509721
v 0.497134 0.505281 0.507595
v 0.500455 0.508041 0.504740
v 0.490939 0.505573 0.509338
v 0.502412 0.501111 0.506565
v 0.500273 0.508372 0.505452
v 0.508106 0.500810 0.508239
v 0.496544 0.493912 0.507387
v 0.504708 0.506059 0.512812
v 0.496885 0.499049 0.507763
v 0.499422 0.511575 0.502878
v 0.497170 0.508227 0.504161
v 0.499965 0.501829 0.504271
v 0.489987 0.502264 0.507839
v 0.503349 0.502356 0.508216
v 0.495361 0.506833 0.504222
v 0.501309 0.501641 0.513184
v 0.495245 0.502568 0.504425
v 0.497117 0.502972 0.508636
v 0.498226 0.502805 0.509141
v 0.506367 0.506273 0.504127
v 0.497249 0.502633 0.505557
v 0.496598 0.500356 0.506653
v 0.489817 0.502024 0.507414
v 0.503285 0.510019 0.513444
v 0.496625 0.502534 0.505947
v 0.504067 0.499960 0.511903
v 0.495432 0.498776 0.505519
v 0.500694 0.505309 0.510975
v 0.498406 0.496072 0.506544
v 0.502231 0.511161 0.508991
v 0.499869 0.498819 0.505163
v 0.499209 0.497723 0.509030
v 0.497006 0.504309 0.506531
v 0.499453 0.502940 0.506394
v 0.501670 0.500760 0.505318
v 0.497982 0.506407 0.509216
v 0.490017 0.501252 0.506274
v 0.504111 0.503816 0.507790
v 0.501708 0.494880 0.506483
v 0.501302 0.503366 0.511138
v 0.498543 0.502949 0.509421
v 0.503130 0.497274 0.508577
v 0.499728 0.498871 0.509476
v 0.500134 0.501083 0.508084
v 0.499549 0.499780 0.506057
v 0.502870 0.502918 0.510826
v 0.494693 0.503451 0.506338
v 0.503895 0.505547 0.509596
v 0.495652 0.500781 0.506181
v 0.502448 0.499437 0.510155
v 0.498825 0.506859 0.506557
v 0.497974 0.501219 0.501810
v 0.497347 0.504052 0.502436
v 0.497742 0.503008 0.503141
v 0.497681 0.503157 0.504236
v 0.500211 0.502439 0.504023
v 0.498680 0.502889 0.502908
v 0.499692 0.502636 0.504023
v 0.497577 0.501550 0.501309
v 0.501411 0.501989 0.505939
v 0.497131 0.502527 0.502959
v 0.500028 0.501061 0.504689
v 0.498495 0.500698 0.503889
v 0.499022 0.501961 0.504512
v 0.496589 0.503530 0.505302
v 0.500928 0.502142 0.504265
v 0.500364 0.501379 0.503455
v 0.501195 0.502193 0.504571
v 0.495977 0.501146 0.502200
v 0.500894 0.504963 0.504867
v 0.496861 0.502364 0.503223
v 0.500645 0.506113 0.505584
v 0.498451 0.502093 0.502908
v 0.501410 0.502079 0.504778
v 0.497781 0.500302 0.504479
v 0.501177 0.501139 0.503880
v 0.499124 0.502743 0.503276
v 0.500313 0.503767 0.503935
v 0.499276 0.499362 0.503874
v 0.500091 0.500637 0.503217
v 0.499264 0.502809 0.503686
v 0.499508 0.503691 0.505703
v 0.496502 0.503296 0.502691
v 0.498556 0.504236 0.507182
v 0.498673 0.500683 0.503993
v 0.499539 0.502357 0.504995
v 0.498508 0.501659 0.503228
v 0.501641 0.501838 0.503650
v 0.497168 0.501131 0.506080
v 0.500288 0.501746 0.504164
v 0.497982 0.503661 0.501979
v 0.502309 0.501266 0.503907
v 0.497409 0.502147 0.505617
v 0.498161 0.505471 0.504535
v 0.499431 0.502802 0.503217
v 0.502904 0.505417 0.503736
v 0.498949 0.499423 0.504359
v 0.503345 0.501851 0.503827
v 0.498930 0.501177 0.502976
v 0.500892 0.501433 0.505390
v 0.499204 0.501089 0.505066
v 0.500757 0.500714 0.505914
v 0.497545 0.498546 0.503662
v 0.500598 0.502281 0.505760
v 0.496490 0.500882 0.502987
v 0.501542 0.502841 0.505433
v 0.498071 0.501613 0.504437
v 0.500354 0.502512 0.503771
v 0.498885 0.500877 0.502819
v 0.501583 0.501973 0.503857
v 0.500852 0.502820 0.502750
v 0.500495 0.498191 0.508224
v 0.494822 0.501519 0.504665
v 0.503231 0.506439 0.507187
v 0.499728 0.498800 0.504597
v 0.500170 0.505207 0.510811
v 0.501078 0.498450 0.506971
v 0.501398 0.497885 0.513847
v 0.497398 0.500481 0.510070
v 0.501050 0.500220 0.505092
v 0.495040 0.500681 0.512408
v 0.500329 0.502067 0.506847
v 0.500332 0.501470 0.506749
v 0.503558 0.496800 0.508885
v 0.495681 0.498479 0.504145
v 0.497327 0.501223 0.507541
v 0.499284 0.503270 0.508461
v 0.498969 0.503530 0.508496
v 0.491637 0.504757 0.508097
v 0.500998 0.502927 0.508340
v 0.495426 0.495245 0.503197
v 0.501582 0.508289 0.510005
v 0.497548 0.498203 0.509028
v 0.502011 0.506037 0.506510
v 0.499426 0.500181 0.506535
v 0.499846 0.508125 0.507641
v 0.501235 0.499658 0.505441
v 0.503005 0.506972 0.510756
v 0.495075 0.503763 0.506698
v 0.501107 0.503023 0.510204
v 0.492072 0.497867 0.508501
v 0.498722 0.508199 0.514257
v 0.498347 0.505764 0.507151
v 0.501067 0.505451 0.512797
v 0.494904 0.499825 0.509303
v 0.501754 0.506668 0.506399
v 0.496086 0.500976 0.509543
v 0.501145 0.506686 0.510795
v 0.495029 0.502468 0.504491
v 0.501063 0.499825 0.507621
v 0.493587 0.505511 0.505572
v 0.502404 0.505605 0.511361
v 0.495521 0.497288 0.508578
v 0.502147 0.502638 0.508981
v 0.497758 0.502954 0.502859
v 0.503513 0.501460 0.510300
v 0.499881 0.497859 0.508669
v 0.498708 0.504601 0.507294
v 0.496423 0.503262 0.507878
v 0.501010 0.504760 0.505079
v 0.493864 0.500262 0.509529
v 0.495896 0.505418 0.508930
v 0.494637 0.502044 0.506907
v 0.500876 0.509532 0.514273
v 0.496852 0.499570 0.508298
v 0.502029 0.505671 0.508093
v 0.498956 0.502294 0.508387
v 0.498650 0.501894 0.509627
v 0.495665 0.505235 0.508412
v 0.497524 0.505675 0.509184
v 0.498564 0.500438 0.503464
v 0.498673 0.498520 0.502482
v 0.497849 0.498161 0.506234
v 0.501816 0.504522 0.508432
v 0.496087 0.505382 0.504058
v 0.500615 0.501110 0.504988
v 0.496213 0.502728 0.505975
v 0.500420 0.502593 0.507722
v 0.493194 0.503642 0.511745
v 0.495507 0.503855 0.507364
v 0.497799 0.504263 0.506129
v 0.500215 0.505886 0.503848
v 0.493488 0.504409 0.507261
v 0.501532 0.501102 0.505192
v 0.500037 0.506390 0.504392
v 0.505630 0.500716 0.506411
v 0.497534 0.495919 0.505984
v 0.503286 0.504503 0.509626
v 0.497623 0.499801 0.506078
v 0.499514 0.508544 0.502587
v 0.497971 0.506230 0.503497
v 0.499949 0.501385 0.503676
v 0.492759 0.501959 0.506296
v 0.502115 0.501923 0.506282
v 0.496576 0.505298 0.503620
v 0.500796 0.501303 0.510025
v 0.496464 0.502070 0.503854
v 0.497717 0.502346 0.506751
v 0.498532 0.502344 0.507131
v 0.504411 0.504589 0.503544
v 0.497853 0.502290 0.504513
v 0.497301 0.500470 0.505324
v 0.492571 0.501762 0.505897
v 0.502178 0.507311 0.510193
v 0.497572 0.502144 0.504771
v 0.502778 0.500094 0.509149
v 0.496475 0.499645 0.504522
v 0.500223 0.503875 0.508411
v 0.498769 0.497538 0.505288
v 0.501460 0.508281 0.506908
v 0.499890 0.499466 0.504189
v 0.499302 0.498434 0.507008
v 0.497721 0.503459 0.505283
v 0.499418 0.502362 0.505125
v 0.501025 0.500847 0.504285
v 0.498439 0.504739 0.507134
v 0.492683 0.501292 0.505168
v 0.502642 0.503016 0.506086
v 0.501124 0.496576 0.505161
v 0.500766 0.502611 0.508558
v 0.498875 0.502412 0.507457
v 0.502080 0.498176 0.506626
v 0.499733 0.499496 0.507338
v 0.499864 0.501032 0.506291
v 0.499639 0.500316 0.504997
v 0.501795 0.502270 0.508284
v 0.496040 0.502779 0.505141
v 0.502593 0.504112 0.507428
v 0.496777 0.500889 0.505031
v 0.501575 0.499752 0.507794
v 0.499249 0.505132 0.504996
v 0.499221 0.499258 0.501708
v 0.498995 0.499691 0.503799
v 0.501070 0.501630 0.505291
v 0.497846 0.503513 0.504115
v 0.501172 0.501517 0.503999
v 0.498175 0.501426 0.505245
v 0.500179 0.501325 0.504794
v 0.496565 0.502443 0.506616
v 0.497636 0.502032 0.505033
v 0.498658 0.503339 0.503380
v 0.498845 0.503626 0.503369
v 0.496695 0.502821 0.504559
v 0.500497 0.501468 0.504029
v 0.499451 0.504169 0.503916
v 0.502481 0.500859 0.504841
v 0.498617 0.497535 0.504316
v 0.501254 0.502169 0.506454
v 0.498726 0.499923 0.504607
v 0.499889 0.504726 0.503359
v 0.498227 0.504147 0.502302
v 0.499326 0.501105 0.503164
v 0.495221 0.500552 0.504935
v 0.500978 0.501051 0.504886
v 0.497610 0.503251 0.503296
v 0.500109 0.500338 0.506121
v 0.498198 0.501108 0.503254
v 0.498971 0.502019 0.504602
v 0.498807 0.501900 0.503988
v 0.502225 0.502004 0.503384
v 0.498388 0.500694 0.503639
v 0.498287 0.500580 0.503862
v 0.495889 0.500978 0.504403
v 0.500626 0.504817 0.506235
v 0.498796 0.500460 0.504025
v 0.501330 0.500040 0.506271
v 0.498109 0.499719 0.503991
v 0.499764 0.501851 0.505672
v 0.498625 0.499306 0.504353
v 0.500766 0.504179 0.505221
v 0.500204 0.499513 0.502805
v 0.499930 0.499375 0.504736
v 0.498862 0.502439 0.504032
v 0.499628 0.501972 0.503754
v 0.500134 0.500804 0.502936
v 0.499413 0.502918 0.505515
v 0.496135 0.500020 0.504402
v 0.501566 0.500931 0.504237
v 0.500356 0.498430 0.503653
v 0.500554 0.500160 0.506147
v 0.499401 0.500994 0.505709
v 0.501018 0.498984 0.504590
v 0.499713 0.499566 0.505434
v 0.500088 0.501449 0.504425
v 0.499472 0.501113 0.503322
v 0.500990 0.501038 0.505101
v 0.498326 0.501680 0.503881
v 0.501487 0.502337 0.505047
v 0.497580 0.500378 0.503102
v 0.500699 0.500340 0.504895
v 0.499978 0.503262 0.503360
v 0.497785 0.499941 0.500152
v 0.499070 0.502696 0.503301
v 0.500128 0.500320 0.506866
v 0.496149 0.504705 0.506941
v 0.501761 0.502616 0.507322
v 0.498031 0.502108 0.506736
v 0.500454 0.502792 0.504985
v 0.496466 0.502701 0.503726
v 0.497814 0.501389 0.506547
v 0.497715 0.503861 0.500301
v 0.497442 0.504955 0.505686
v 0.496653 0.501031 0.503811
v 0.499395 0.504152 0.505655
v 0.498104 0.505781 0.505125
v 0.502819 0.502681 0.507027
v 0.498738 0.495210 0.505268
v 0.501701 0.502543 0.508826
v 0.497657 0.499270 0.506125
v 0.500866 0.507156 0.507005
v 0.495657 0.503875 0.504627
v 0.498697 0.504208 0.506407
v 0.492483 0.498034 0.506475
v 0.503031 0.502107 0.506971
v 0.497297 0.502179 0.505421
v 0.501589 0.500072 0.506282
v 0.497448 0.500453 0.505942
v 0.500233 0.504426 0.505971
v 0.496875 0.504204 0.504967
v 0.502443 0.502392 0.505136
v 0.498504 0.497602 0.503900
v 0.498441 0.499534 0.505618
v 0.494105 0.498938 0.505703
v 0.500203 0.507784 0.508685
v 0.498722 0.499012 0.504338
v 0.501646 0.500682 0.508939
v 0.496907 0.499755 0.505668
v 0.501945 0.502340 0.507520
v 0.496992 0.500442 0.506805
v 0.501866 0.505294 0.508191
v 0.498708 0.501929 0.502200
v 0.501134 0.501721 0.506347
v 0.499175 0.501689 0.504906
v 0.498967 0.503587 0.504073
v 0.499437 0.501081 0.503945
v 0.500580 0.505251 0.507559
v 0.497649 0.497408 0.505452
v 0.504107 0.500496 0.505392
v 0.499381 0.497394 0.504659
v 0.500656 0.498552 0.507413
v 0.499309 0.498957 0.508754
v 0.499804 0.498392 0.505576
v 0.499208 0.498695 0.506263
v 0.500084 0.503238 0.504672
v 0.498750 0.501101 0.503062
v 0.501960 0.501971 0.506103
v 0.497343 0.501532 0.504775
v 0.503239 0.502403 0.507134
v 0.496311 0.500069 0.502692
v 0.501359 0.501294 0.505420
v 0.500506 0.504469 0.504524
v 0.498855 0.498554 0.501979
v 0.498402 0.498636 0.505260
v 0.501788 0.503479 0.507694
v 0.496404 0.505082 0.504635
v 0.501455 0.501734 0.505074
v 0.496977 0.502203 0.506536
v 0.500610 0.501934 0.506858
v 0.494055 0.503354 0.509923
v 0.496235 0.503546 0.507225
v 0.497832 0.504295 0.504763
v 0.499107 0.505667 0.504133
v 0.494291 0.503956 0.506416
v 0.501315 0.501561 0.505045
v 0.499660 0.506026 0.505035
v 0.504795 0.500831 0.506501
v 0.497887 0.495581 0.505755
v 0.502461 0.503725 0.509306
v 0.497982 0.499417 0.505999
v 0.499649 0.507505 0.503569
v 0.497652 0.505684 0.502931
v 0.499462 0.501365 0.503573
v 0.492606 0.500886 0.506317
v 0.502131 0.501465 0.506616
v 0.496482 0.504792 0.503655
v 0.500522 0.500459 0.509004
v 0.497106 0.501574 0.503774
v 0.498232 0.502510 0.506287
v 0.498514 0.502320 0.505867
v 0.504005 0.503506 0.503852
v 0.497708 0.501079 0.504658
v 0.497631 0.500308 0.505241
v 0.493370 0.501289 0.505526
v 0.501580 0.507419 0.509280
v 0.497909 0.500777 0.504726
v 0.502510 0.499944 0.508944
v 0.497022 0.498723 0.504818
v 0.500177 0.502922 0.508056
v 0.498213 0.497872 0.505484
v 0.501441 0.506958 0.507068
v 0.500284 0.498873 0.503590
v 0.499947 0.498505 0.506498
v 0.498365 0.503200 0.505244
v 0.499661 0.502380 0.504790
v 0.500883 0.500817 0.503667
v 0.498888 0.504446 0.507141
v 0.493538 0.500124 0.505193
v 0.502959 0.501820 0.505808
v 0.501048 0.496827 0.504779
v 0.501326 0.500734 0.508686
v 0.499040 0.501725 0.507708
v 0.502016 0.497823 0.506390
v 0.499718 0.498962 0.507322
v 0.500359 0.501473 0.506033
v 0.499335 0.500598 0.504414
v 0.501891 0.501716 0.507452
v 0.497026 0.502473 0.504924
v 0.502734 0.503593 0.506942
v 0.496455 0.500435 0.504293
v 0.501406 0.500093 0.507015
v 0.499600 0.504830 0.504680
v 0.498466 0.496896 0.501110
v 0.498109 0.497691 0.506814
v 0.503755 0.504923 0.512907
v 0.493266 0.508635 0.507514
v 0.503962 0.503959 0.508432
v 0.495719 0.502116 0.510729
v 0.501401 0.502792 0.510482
v 0.490174 0.504919 0.514462
v 0.494154 0.505642 0.512352
v 0.496199 0.506987 0.505724
v 0.497160 0.510619 0.506826
v 0.489721 0.506017 0.509810
v 0.502708 0.502570 0.508452
v 0.499752 0.510426 0.508367
v 0.509351 0.501312 0.511138
v 0.496259 0.490312 0.508333
v 0.504739 0.505708 0.516425
v 0.497075 0.496436 0.510171
v 0.500025 0.512781 0.506872
v 0.494642 0.509164 0.503527
v 0.498466 0.502902 0.505328
v 0.485334 0.499055 0.510036
v 0.504964 0.502338 0.512049
v 0.493152 0.507728 0.505643
v 0.501161 0.500120 0.514624
v 0.495063 0.501620 0.504845
v 0.498446 0.504159 0.510514
v 0.497207 0.503579 0.507959
v 0.507693 0.505668 0.506448
v 0.495901 0.499067 0.507174
v 0.496361 0.499706 0.508362
v 0.488191 0.500805 0.508767
v 0.503159 0.513994 0.515335
v 0.496729 0.499253 0.507416
v 0.505117 0.499635 0.515215
v 0.495245 0.495768 0.507842
v 0.501193 0.504677 0.513532
v 0.496338 0.495846 0.508955
v 0.503371 0.512065 0.512701
v 0.500986 0.496828 0.503993
v 0.501052 0.497035 0.510270
v 0.497218 0.504562 0.508161
v 0.500068 0.504314 0.507274
v 0.501589 0.500498 0.505156
v 0.499087 0.507310 0.513185
v 0.489254 0.497610 0.508414
v 0.506982 0.501289 0.508923
v 0.502199 0.493358 0.507406
v 0.502889 0.498839 0.515149
v 0.498951 0.501181 0.512932
v 0.504348 0.495529 0.510761
v 0.499720 0.496820 0.512062
v 0.501664 0.502693 0.509623
v 0.498903 0.500017 0.505864
v 0.504376 0.502813 0.511732
v 0.495728 0.504050 0.507168
v 0.505821 0.506642 0.511632
v 0.492935 0.499518 0.505299
v 0.503442 0.499985 0.511591
v 0.499265 0.508436 0.507910
v 0.501202 0.496312 0.511644
v 0.492044 0.500558 0.504402
v 0.505637 0.507793 0.510261
v 0.497823 0.495708 0.509233
v 0.501361 0.507009 0.511774
v 0.502262 0.496874 0.505618
v 0.503850 0.497058 0.520228
v 0.496016 0.497891 0.510602
v 0.503283 0.500718 0.507665
v 0.490806 0.500083 0.517293
v 0.505270 0.502409 0.511452
v 0.503470 0.501674 0.510822
v 0.505853 0.494016 0.511067
v 0.493518 0.495443 0.504448
v 0.496797 0.499312 0.510659
v 0.500444 0.503013 0.508194
v 0.498095 0.504513 0.511948
v 0.488929 0.504986 0.508530
v 0.503357 0.506137 0.509516
v 0.492538 0.489246 0.503247
v 0.502254 0.512567 0.515089
v 0.499446 0.497573 0.512022
v 0.505177 0.506842 0.507549
v 0.499658 0.497843 0.504943
v 0.504159 0.508360 0.511376
v 0.501367 0.495535 0.506088
v 0.506419 0.508343 0.515040
v 0.494188 0.500040 0.509399
v 0.502141 0.500092 0.513968
v 0.489246 0.496053 0.513607
v 0.497684 0.511331 0.520609
v 0.497093 0.507492 0.509864
v 0.501329 0.505564 0.518149
v 0.492905 0.500928 0.514044
v 0.502952 0.509067 0.509087
v 0.495725 0.502346 0.511975
v 0.501377 0.507736 0.513809
v 0.492602 0.502559 0.505590
v 0.500272 0.497267 0.511253
v 0.490258 0.506197 0.507028
v 0.505708 0.506019 0.517347
v 0.493205 0.494871 0.513191
v 0.502476 0.505230 0.511592
v 0.495001 0.503029 0.505338
v 0.508945 0.499429 0.513194
v 0.498302 0.494975 0.512792
v 0.499673 0.503735 0.510001
v 0.495749 0.503462 0.512335
v 0.501485 0.505857 0.508080
v 0.491574 0.499483 0.515584
v 0.495812 0.507061 0.511403
v 0.494342 0.497818 0.509221
v 0.500446 0.511552 0.521956
v 0.496251 0.497402 0.513105
v 0.502818 0.509360 0.511095
v 0.498492 0.502970 0.512081
v 0.497986 0.501213 0.513309
v 0.496191 0.504159 0.512862
v 0.497850 0.508647 0.513092
v 0.497536 0.500263 0.506669
v 0.499581 0.499379 0.505275
v 0.496528 0.500609 0.504340
v 0.500584 0.503897 0.504249
v 0.498362 0.499515 0.507113
v 0.500914 0.501837 0.504897
v 0.499519 0.500416 0.502200
v 0.500722 0.501168 0.507836
v 0.497246 0.500385 0.501822
v 0.501675 0.502040 0.506383
v 0.495746 0.502242 0.507234
v 0.502754 0.501248 0.507321
v 0.501376 0.501223 0.506077
v 0.500676 0.499386 0.505013
v 0.495979 0.499009 0.504117
v 0.500013 0.499189 0.505048
v 0.500358 0.502682 0.503568
v 0.498920 0.502547 0.504610
v 0.495681 0.502840 0.502391
v 0.500803 0.503311 0.504491
v 0.495709 0.496642 0.502757
v 0.500768 0.506482 0.507117
v 0.501245 0.501195 0.505442
v 0.501569 0.502662 0.504428
v 0.497972 0.499538 0.503450
v 0.501739 0.502196 0.506005
v 0.500085 0.499278 0.504303
v 0.501923 0.504591 0.506026
v 0.498744 0.498617 0.505637
v 0.499062 0.499642 0.505600
v 0.497234 0.500153 0.506630
v 0.499487 0.505235 0.508615
v 0.497567 0.503192 0.504643
v 0.498735 0.501638 0.508090
v 0.497464 0.501494 0.507477
v 0.500416 0.503089 0.505261
v 0.497894 0.503128 0.504869
v 0.500813 0.502285 0.505188
v 0.497359 0.501370 0.504375
v 0.498688 0.499767 0.505670
v 0.495833 0.503895 0.503983
v 0.502462 0.502040 0.506826
v 0.496706 0.499240 0.507402
v 0.498694 0.504275 0.504687
v 0.497090 0.502661 0.505304
v 0.504034 0.499556 0.505329
v 0.498919 0.496999 0.507457
v 0.500457 0.500209 0.504162
v 0.498541 0.503288 0.504743
v 0.501276 0.503317 0.506047
v 0.497549 0.499619 0.507133
v 0.500104 0.502178 0.506140
v 0.498000 0.498132 0.505020
v 0.499415 0.504218 0.510095
v 0.497448 0.499899 0.506433
v 0.501124 0.505354 0.505241
v 0.498768 0.502196 0.506344
v 0.498948 0.501155 0.505684
v 0.499693 0.499198 0.506855
v 0.500411 0.504259 0.506006
v 0.499856 0.501198 0.503823
v 0.499811 0.500397 0.502495
v 0.498780 0.501896 0.502809
v 0.500116 0.502105 0.502346
v 0.499665 0.501118 0.502088
v 0.499002 0.501265 0.503944
v 0.499434 0.501599 0.503171
v 0.499287 0.500337 0.503422
v 0.499197 0.501140 0.503479
v 0.499523 0.500886 0.502683
v 0.499404 0.501139 0.503416
v 0.499276 0.500956 0.502469
v 0.499675 0.501254 0.502860
v 0.500223 0.500227 0.503182
v 0.499129 0.500799 0.502821
v 0.499310 0.501325 0.502797
v 0.498922 0.501903 0.503281
v 0.499456 0.501734 0.502663
v 0.498460 0.502248 0.503276
v 0.499519 0.500749 0.503106
v 0.499070 0.500392 0.502967
v 0.499415 0.501505 0.503314
v 0.498671 0.501286 0.502927
v 0.499291 0.502053 0.502708
v 0.499231 0.501535 0.503290
v 0.498888 0.502400 0.502774
v 0.499728 0.501546 0.502586
v 0.499563 0.502068 0.503223
v 0.498830 0.502763 0.503188
v 0.499378 0.502357 0.503577
v 0.498909 0.500939 0.502818
v 0.499655 0.501880 0.503432
v 0.499469 0.502145 0.502912
v 0.499923 0.501523 0.503538
v 0.499100 0.501018 0.503420
v 0.499537 0.502027 0.502891
v 0.499061 0.501185 0.503766
v 0.500054 0.501860 0.503545
v 0.499371 0.501507 0.502263
v 0.499681 0.501761 0.502749
v 0.498686 0.502200 0.502537
v 0.499462 0.501721 0.503266
v 0.499030 0.500872 0.502790
v 0.500032 0.501493 0.503043
v 0.499724 0.501408 0.502396
v 0.499463 0.501211 0.503712
v 0.499806 0.500794 0.503023
v 0.499301 0.502068 0.503193
v 0.498940 0.501764 0.502910
v 0.499864 0.501894 0.502853
v 0.498769 0.501163 0.502831
v 0.498680 0.501618 0.503226
v 0.498967 0.502232 0.502945
v 0.499565 0.501946 0.503472
v 0.499362 0.500824 0.502902
v 0.500032 0.501358 0.502685
v 0.499322 0.501546 0.503321
v 0.498677 0.501141 0.503047
v 0.498695 0.502816 0.502803
v 0.498709 0.501764 0.503024
v 0.499813 0.501049 0.501635
v 0.497939 0.498270 0.499974
v 0.498452 0.500564 0.504223
v 0.502679 0.502037 0.512439
v 0.493689 0.507104 0.509369
v 0.504381 0.504588 0.509588
v 0.496825 0.502139 0.510770
v 0.500766 0.502971 0.509312
v 0.492633 0.503473 0.509505
v 0.495479 0.504312 0.511966
v 0.496517 0.506728 0.502707
v 0.495968 0.509522 0.507406
v 0.492102 0.504111 0.507855
v 0.501469 0.504069 0.508428
v 0.498526 0.509955 0.507861
v 0.507551 0.501729 0.511109
v 0.497272 0.490184 0.507611
v 0.504000 0.505012 0.515413
v 0.497789 0.496058 0.509993
v 0.501079 0.511497 0.509194
v 0.493413 0.507136 0.503718
v 0.497473 0.504299 0.507136
v 0.485238 0.496948 0.510454
v 0.505477 0.502428 0.511398
v 0.494080 0.506274 0.507151
v 0.501453 0.499169 0.511974
v 0.495282 0.499650 0.505855
v 0.500202 0.505757 0.509857
v 0.496562 0.504332 0.506666
v 0.506684 0.504214 0.507313
v 0.495943 0.496587 0.506231
v 0.496662 0.498928 0.507984
v 0.489173 0.499720 0.508478
v 0.501907 0.513921 0.514435
v 0.497887 0.498483 0.506966
v 0.503965 0.500205 0.514316
v 0.495502 0.496254 0.508545
v 0.502566 0.504113 0.513039
v 0.495494 0.498043 0.509616
v 0.503630 0.510298 0.512525
v 0.500129 0.498512 0.503010
v 0.501848 0.499438 0.508963
v 0.498167 0.502969 0.507795
v 0.499350 0.504457 0.506205
v 0.500413 0.500869 0.504913
v 0.500012 0.506742 0.513104
v 0.492451 0.494736 0.508857
v 0.507147 0.499760 0.507656
v 0.501035 0.493772 0.507363
v 0.501886 0.498139 0.514259
v 0.499258 0.498703 0.512531
v 0.503303 0.497008 0.509639
v 0.499496 0.496654 0.511318
v 0.501203 0.503899 0.508058
v 0.499650 0.500642 0.504490
v 0.504492 0.503119 0.509492
v 0.497312 0.503298 0.506902
v 0.505573 0.505519 0.510901
v 0.493040 0.498889 0.504328
v 0.503355 0.499871 0.510474
v 0.499805 0.507714 0.507710
v 0.500437 0.498652 0.506557
v 0.495906 0.501366 0.503805
v 0.502460 0.504938 0.505883
v 0.499454 0.499092 0.504470
v 0.499917 0.503746 0.508136
v 0.500713 0.499079 0.505298
v 0.501205 0.498694 0.510872
v 0.498006 0.500139 0.507547
v 0.501114 0.500575 0.504403
v 0.495906 0.500622 0.510006
v 0.500730 0.501548 0.505931
v 0.500596 0.501553 0.505839
v 0.502750 0.497494 0.507059
v 0.496746 0.498702 0.503519
v 0.497716 0.500967 0.505946
v 0.499686 0.502434 0.506216
v 0.499141 0.502532 0.506915
v 0.493946 0.503627 0.506240
v 0.500911 0.502619 0.506558
v 0.496385 0.495982 0.502854
v 0.500953 0.506630 0.508356
v 0.498440 0.498711 0.507272
v 0.501776 0.504496 0.505133
v 0.499750 0.499860 0.505005
v 0.500506 0.505558 0.506735
v 0.500737 0.499545 0.504204
v 0.502440 0.505178 0.508634
v 0.496506 0.502434 0.505429
v 0.500774 0.502011 0.508104
v 0.493950 0.498541 0.507262
v 0.498714 0.506143 0.511227
v 0.498717 0.504549 0.505913
v 0.500611 0.503992 0.510212
v 0.496067 0.500239 0.508024
v 0.501071 0.505100 0.505447
v 0.497128 0.501064 0.507708
v 0.500697 0.504675 0.508547
v 0.496265 0.502151 0.503826
v 0.500690 0.499806 0.506476
v 0.495205 0.503913 0.504665
v 0.502043 0.503969 0.509491
v 0.496587 0.498220 0.507138
v 0.501189 0.502595 0.507036
v 0.498005 0.502427 0.503139
v 0.503059 0.500920 0.508085
v 0.499756 0.498178 0.507346
v 0.499092 0.503193 0.506004
v 0.497503 0.502552 0.506940
v 0.500451 0.503543 0.504441
v 0.495280 0.500528 0.508246
v 0.496926 0.504089 0.506968
v 0.496071 0.501135 0.505782
v 0.500153 0.506927 0.511563
v 0.497669 0.499850 0.506996
v 0.501396 0.504572 0.506529
v 0.499241 0.501758 0.507138
v 0.498710 0.501294 0.507813
v 0.496903 0.503731 0.507398
v 0.498000 0.504466 0.507640
v 0.498873 0.500493 0.503376
v 0.500434 0.497698 0.510132
v 0.493448 0.502038 0.506017
v 0.503927 0.508562 0.508609
v 0.500113 0.498569 0.504378
v 0.500219 0.507048 0.514319
v 0.501550 0.498018 0.509251
v 0.501510 0.496842 0.517102
v 0.496666 0.501015 0.513053
v 0.500872 0.500035 0.505997
v 0.494350 0.500661 0.515209
v 0.499904 0.502751 0.507759
v 0.499896 0.501296 0.507778
v 0.504712 0.496270 0.510996
v 0.494256 0.498413 0.505023
v 0.497062 0.501769 0.509655
v 0.498708 0.504421 0.511193
v 0.498854 0.504928 0.510280
v 0.488861 0.506202 0.510564
v 0.500981 0.503104 0.510524
v 0.494310 0.494577 0.503780
v 0.502198 0.510016 0.511759
v 0.496437 0.498017 0.511115
v 0.502106 0.507994 0.508166
v 0.498817 0.500883 0.508534
v 0.498652 0.511411 0.508472
v 0.501635 0.499874 0.506953
v 0.503762 0.509047 0.513438
v 0.493204 0.505681 0.508716
v 0.501402 0.504618 0.512855
v 0.489925 0.497296 0.509967
v 0.498743 0.510464 0.517998
v 0.497579 0.507278 0.508697
v 0.501691 0.507176 0.516095
v 0.493498 0.499609 0.510717
v 0.502649 0.508857 0.507513
v 0.494610 0.500778 0.512080
v 0.501864 0.509523 0.513651
v 0.493654 0.502808 0.505388
v 0.501570 0.499857 0.508983
v 0.491442 0.507882 0.506465
v 0.502941 0.507850 0.513380
v 0.493983 0.496294 0.509974
v 0.503389 0.502416 0.511209
v 0.497595 0.503696 0.502407
v 0.503797 0.502562 0.513408
v 0.500135 0.497774 0.509837
v 0.498669 0.506494 0.509053
v 0.495118 0.504249 0.508864
v 0.501783 0.506477 0.506029
v 0.492200 0.500222 0.510616
v 0.494750 0.506956 0.511490
v 0.492987 0.503317 0.508437
v 0.501757 0.512612 0.517428
v 0.495706 0.499376 0.509940
v 0.503010 0.506548 0.509669
v 0.498683 0.502665 0.509962
v 0.498480 0.502646 0.511781
v 0.493966 0.507318 0.509205
v 0.496624 0.507095 0.511110
v 0.498084 0.500242 0.503553
v 0.499124 0.500101 0.505081
v 0.496362 0.501206 0.504315
v 0.499581 0.504467 0.503716
v 0.497869 0.501028 0.507184
v 0.501407 0.501969 0.504853
v 0.498755 0.501468 0.501876
v 0.500063 0.501814 0.507223
v 0.496626 0.501444 0.500879
v 0.502125 0.502617 0.507060
v 0.495762 0.503010 0.506958
v 0.502487 0.501577 0.507767
v 0.500621 0.500723 0.505808
v 0.499845 0.500444 0.505382
v 0.494841 0.500016 0.504717
v 0.500612 0.499826 0.505425
v 0.499870 0.503230 0.503527
v 0.499792 0.503076 0.504436
v 0.495500 0.502737 0.501760
v 0.501055 0.503668 0.504967
v 0.495525 0.497918 0.502665
v 0.500552 0.507346 0.507648
v 0.501704 0.502196 0.505406
v 0.501762 0.503278 0.504787
v 0.497049 0.499675 0.504110
v 0.502192 0.501734 0.506159
v 0.499563 0.500242 0.504492
v 0.501679 0.505144 0.505656
v 0.498963 0.498114 0.505439
v 0.498909 0.499753 0.505208
v 0.497414 0.501434 0.506345
v 0.499883 0.505538 0.508439
v 0.496624 0.503724 0.504213
v 0.498206 0.501573 0.508475
v 0.497683 0.501242 0.507358
v 0.500546 0.502445 0.505844
v 0.497761 0.503340 0.504440
v 0.500938 0.502036 0.504730
v 0.497159 0.501318 0.505023
v 0.498351 0.499929 0.505439
v 0.495591 0.505148 0.503375
v 0.503286 0.501833 0.506214
v 0.495812 0.499918 0.507890
v 0.498368 0.505282 0.504851
v 0.497110 0.503659 0.505112
v 0.504489 0.500933 0.504828
v 0.498491 0.497121 0.507371
v 0.501310 0.500087 0.504183
v 0.498398 0.503080 0.504203
v 0.502047 0.503716 0.506617
v 0.497780 0.499407 0.507397
v 0.500350 0.502385 0.506353
v 0.497530 0.498001 0.505340
v 0.499293 0.503982 0.510128
v 0.496518 0.500412 0.505973
v 0.501128 0.505199 0.505770
v 0.499177 0.502118 0.506459
v 0.499317 0.501519 0.505249
v 0.500019 0.499234 0.506218
v 0.501016 0.504326 0.505228
v 0.500517 0.501743 0.503495
v 0.498334 0.498335 0.500374
v 0.498509 0.500202 0.504217
v 0.502398 0.502086 0.511178
v 0.494455 0.506490 0.508282
v 0.503867 0.504041 0.508541
v 0.497048 0.501855 0.509791
v 0.500736 0.502660 0.508440
v 0.493374 0.503329 0.509153
v 0.495856 0.503868 0.510817
v 0.496855 0.506160 0.502897
v 0.496401 0.508509 0.506627
v 0.492879 0.503981 0.507322
v 0.501378 0.503443 0.507686
v 0.498863 0.508907 0.507164
v 0.506704 0.501438 0.509904
v 0.497426 0.491565 0.507018
v 0.503520 0.504526 0.513813
v 0.498028 0.496668 0.509032
v 0.500878 0.510275 0.508114
v 0.494333 0.506731 0.503407
v 0.497823 0.503712 0.506287
v 0.487081 0.497684 0.509417
v 0.504616 0.502094 0.510261
v 0.494647 0.505768 0.506440
v 0.501113 0.499305 0.511087
v 0.495832 0.499991 0.505314
v 0.500008 0.504954 0.508891
v 0.497105 0.503705 0.506106
v 0.505944 0.503823 0.506574
v 0.496406 0.497306 0.505742
v 0.497018 0.499220 0.507331
v 0.490373 0.500007 0.507736
v 0.501774 0.512297 0.512922
v 0.498066 0.498858 0.506493
v 0.503504 0.500025 0.512838
v 0.496015 0.496708 0.507690
v 0.501993 0.503760 0.511707
v 0.496153 0.498122 0.508584
v 0.503125 0.509197 0.511115
v 0.500235 0.498493 0.502988
v 0.501447 0.499317 0.508251
v 0.498183 0.502964 0.507117
v 0.499407 0.504039 0.505869
v 0.500387 0.500754 0.504610
v 0.499846 0.506010 0.511822
v 0.492907 0.495809 0.508121
v 0.506071 0.499804 0.507032
v 0.501009 0.494574 0.506804
v 0.501700 0.498398 0.512921
v 0.499254 0.499218 0.511346
v 0.503035 0.497317 0.508786
v 0.499543 0.497155 0.510292
v 0.501080 0.503376 0.507439
v 0.499588 0.500695 0.504323
v 0.503900 0.502682 0.508800
v 0.497510 0.503074 0.506420
v 0.504790 0.505144 0.509831
v 0.493860 0.499164 0.504025
v 0.502893 0.499956 0.509517
v 0.499844 0.506951 0.506941
v 0.500796 0.497047 0.509894
v 0.493124 0.500586 0.504072
v 0.504410 0.506378 0.508548
v 0.497819 0.496120 0.508845
v 0.501166 0.505483 0.509420
v 0.501667 0.497714 0.504356
v 0.503048 0.498010 0.516712
v 0.496636 0.497982 0.508060
v 0.502903 0.500819 0.507069
v 0.492043 0.500530 0.514310
v 0.504802 0.501873 0.510167
v 0.503142 0.501740 0.509745
v 0.504361 0.494983 0.509112
v 0.494505 0.496417 0.503913
v 0.497771 0.499055 0.509104
v 0.500484 0.502636 0.506647
v 0.498143 0.503730 0.509814
v 0.491022 0.504477 0.506677
v 0.502849 0.505741 0.507799
v 0.493458 0.491191 0.503283
v 0.501825 0.510364 0.512712
v 0.499839 0.498381 0.510348
v 0.504335 0.505363 0.506321
v 0.499369 0.498409 0.504036
v 0.503490 0.506565 0.509866
v 0.501214 0.496241 0.505458
v 0.505233 0.506783 0.512351
v 0.495461 0.499614 0.508363
v 0.501474 0.499824 0.511803
v 0.491610 0.496799 0.511864
v 0.497777 0.509434 0.516820
v 0.497195 0.506374 0.508427
v 0.500809 0.504092 0.515177
v 0.494287 0.501402 0.512062
v 0.502442 0.507447 0.507814
v 0.496545 0.502611 0.509999
v 0.501154 0.506034 0.511261
v 0.494156 0.502148 0.505003
v 0.499612 0.497637 0.509909
v 0.491825 0.505208 0.506152
v 0.504780 0.504861 0.514408
v 0.494418 0.495753 0.511395
v 0.501558 0.504717 0.509639
v 0.495735 0.502689 0.505218
v 0.507713 0.499407 0.511038
v 0.498410 0.495536 0.510945
v 0.499798 0.502558 0.508367
v 0.496472 0.503199 0.510291
v 0.501316 0.505183 0.507368
v 0.493397 0.499512 0.513219
v 0.497030 0.505625 0.509694
v 0.495554 0.497880 0.507860
v 0.500229 0.509242 0.518528
v 0.496844 0.497957 0.511208
v 0.502457 0.508006 0.509265
v 0.498600 0.502907 0.510328
v 0.498023 0.501061 0.511118
v 0.497318 0.502842 0.511064
v 0.498463 0.507220 0.511214
v 0.497900 0.500383 0.506150
v 0.497302 0.499690 0.499740
v 0.498781 0.502915 0.503605
v 0.500822 0.500427 0.509003
v 0.494754 0.505827 0.508730
v 0.502769 0.503490 0.509257
v 0.497373 0.502533 0.508505
v 0.500553 0.503016 0.506666
v 0.495010 0.502984 0.505012
v 0.496945 0.502290 0.508421
v 0.497153 0.504965 0.499977
v 0.496627 0.506819 0.507061
v 0.495304 0.501251 0.504692
v 0.499650 0.505217 0.506978
v 0.497695 0.507314 0.506389
v 0.504474 0.503076 0.508850
v 0.498257 0.492947 0.506162
v 0.502535 0.503353 0.511559
v 0.497224 0.498421 0.507878
v 0.501194 0.509307 0.508740
v 0.494083 0.504942 0.505182
v 0.498181 0.505059 0.507653
v 0.489369 0.496963 0.508225
v 0.504243 0.502581 0.509220
v 0.496214 0.503176 0.506649
v 0.502053 0.499652 0.508050
v 0.496551 0.500188 0.507008
v 0.500534 0.505669 0.507680
v 0.496003 0.505320 0.505704
v 0.503779 0.503171 0.506624
v 0.497505 0.496415 0.504647
v 0.497645 0.499091 0.506836
v 0.491880 0.498614 0.506957
v 0.500581 0.510566 0.511388
v 0.498182 0.498434 0.505106
v 0.502496 0.500775 0.511541
v 0.496191 0.498772 0.507217
v 0.502659 0.503014 0.509819
v 0.496095 0.500226 0.508425
v 0.502624 0.507179 0.510699
v 0.498702 0.501565 0.502348
v 0.501684 0.501519 0.507831
v 0.498867 0.501943 0.506083
v 0.498841 0.504478 0.504795
v 0.499581 0.501124 0.504442
v 0.500672 0.506200 0.509727
v 0.496466 0.495784 0.506722
v 0.505776 0.500395 0.506642
v 0.499444 0.495980 0.505739
v 0.501000 0.497954 0.509715
v 0.499138 0.498236 0.510828
v 0.500304 0.497768 0.507107
v 0.499315 0.497805 0.508289
v 0.500315 0.503735 0.505924
v 0.498872 0.500949 0.503425
v 0.502987 0.502744 0.507195
v 0.496601 0.502244 0.505592
v 0.504612 0.503147 0.508938
v 0.494907 0.499859 0.503097
v 0.502160 0.501131 0.507065
v 0.500534 0.505932 0.506003
v 0.500215 0.498464 0.506724
v 0.495330 0.500730 0.503553
v 0.502397 0.504467 0.505800
v 0.498476 0.497642 0.506858
v 0.500564 0.503147 0.506228
v 0.500797 0.499171 0.503010
v 0.501687 0.499301 0.510887
v 0.497734 0.498892 0.505096
v 0.501896 0.500985 0.505490
v 0.494723 0.500874 0.509653
v 0.502940 0.501210 0.507281
v 0.501934 0.501584 0.507205
v 0.502347 0.497125 0.506197
v 0.496408 0.498167 0.503279
v 0.498842 0.499446 0.506161
v 0.500335 0.502118 0.504669
v 0.498561 0.502522 0.506574
v 0.494406 0.503283 0.504474
v 0.501597 0.504124 0.505401
v 0.495451 0.494931 0.502984
v 0.500988 0.506778 0.508695
v 0.500079 0.499522 0.507225
v 0.502562 0.503335 0.504546
v 0.499254 0.499398 0.503260
v 0.502015 0.504046 0.507021
v 0.500704 0.498045 0.504212
v 0.502970 0.504487 0.508333
v 0.497263 0.499846 0.506253
v 0.500440 0.499936 0.508086
v 0.494974 0.498282 0.508477
v 0.498295 0.506030 0.511017
v 0.497959 0.504223 0.505913
v 0.500042 0.502348 0.510189
v 0.496577 0.501469 0.508558
v 0.501196 0.504835 0.505605
v 0.497717 0.502426 0.506787
v 0.500787 0.503695 0.507593
v 0.496562 0.501574 0.504102
v 0.499447 0.498871 0.507097
v 0.494695 0.503619 0.504737
v 0.502918 0.503108 0.509527
v 0.496336 0.497592 0.507979
v 0.500366 0.503437 0.506462
v 0.497132 0.502204 0.504527
v 0.504907 0.499804 0.507666
v 0.498923 0.497042 0.507678
v 0.499763 0.501521 0.505702
v 0.497676 0.502722 0.507079
v 0.500732 0.503522 0.505635
v 0.496024 0.499815 0.508968
v 0.498381 0.503560 0.506706
v 0.497155 0.498966 0.505642
v 0.499908 0.505859 0.512271
v 0.497847 0.499000 0.507835
v 0.501518 0.505331 0.506385
v 0.498909 0.502253 0.507311
v 0.498408 0.500849 0.507612
v 0.498510 0.501584 0.508053
v 0.498969 0.504618 0.507800
v 0.498703 0.500583 0.504689
v 0.500151 0.499099 0.506128
v 0.496326 0.501706 0.504285
v 0.501967 0.505025 0.505354
v 0.499894 0.499714 0.503267
v 0.499520 0.503974 0.508633
v 0.500464 0.499573 0.505971
v 0.500454 0.498576 0.509823
v 0.498027 0.500848 0.507955
v 0.500333 0.500469 0.504143
v 0.496843 0.500911 0.509042
v 0.499500 0.501672 0.504945
v 0.499791 0.501280 0.505180
v 0.502327 0.498058 0.506786
v 0.496862 0.499681 0.503672
v 0.498073 0.501252 0.505847
v 0.498973 0.502859 0.506950
v 0.499255 0.502898 0.506255
v 0.493980 0.504054 0.506509
v 0.500313 0.501906 0.506576
v 0.496747 0.497547 0.503159
v 0.500799 0.505591 0.507301
v 0.497690 0.499461 0.506805
v 0.500786 0.504793 0.505181
v 0.499157 0.500917 0.505639
v 0.498946 0.506438 0.505628
v 0.500738 0.500589 0.504501
v 0.501755 0.505169 0.508072
v 0.496290 0.503892 0.505634
v 0.500523 0.503211 0.507827
v 0.494540 0.499112 0.506226
v 0.499036 0.505817 0.510246
v 0.498616 0.504458 0.505661
v 0.500589 0.504139 0.509612
v 0.496184 0.500278 0.506958
v 0.500909 0.505027 0.504971
v 0.496952 0.501022 0.507618
v 0.500832 0.505157 0.508330
v 0.496723 0.501951 0.503786
v 0.500716 0.500563 0.505739
v 0.495413 0.504645 0.504314
v 0.501333 0.504245 0.508114
v 0.496674 0.498646 0.506304
v 0.501408 0.501867 0.506837
v 0.498779 0.502388 0.502474
v 0.501595 0.501738 0.508122
v 0.500124 0.499105 0.506352
v 0.498988 0.503968 0.505835
v 0.497251 0.502945 0.505746
v 0.500591 0.503974 0.504248
v 0.495666 0.500647 0.506598
v 0.496883 0.504098 0.507081
v 0.496038 0.502588 0.505488
v 0.500520 0.506903 0.510224
v 0.497654 0.500123 0.506124
v 0.501458 0.503861 0.506115
v 0.499078 0.501855 0.506475
v 0.498737 0.501662 0.507131
v 0.496492 0.504547 0.506041
v 0.497744 0.504095 0.506924
v 0.498931 0.500544 0.502595
v 0.500051 0.499057 0.505289
v 0.496440 0.500913 0.503125
v 0.501575 0.503494 0.504678
v 0.498823 0.498634 0.505465
v 0.500120 0.502440 0.505011
v 0.500495 0.499679 0.502984
v 0.501024 0.499679 0.508363
v 0.498251 0.499429 0.504470
v 0.501278 0.500995 0.504453
v 0.496152 0.500781 0.507637
v 0.501822 0.500936 0.505698
v 0.501269 0.501478 0.505720
v 0.501583 0.497940 0.505078
v 0.497460 0.498939 0.502910
v 0.498887 0.499860 0.504777
v 0.500121 0.501907 0.503928
v 0.498906 0.501932 0.505330
v 0.495991 0.502622 0.503938
v 0.501023 0.503098 0.504650
v 0.496717 0.496607 0.502759
v 0.500488 0.505123 0.506836
v 0.499836 0.499784 0.505888
v 0.501688 0.502860 0.503835
v 0.499581 0.499866 0.503029
v 0.501204 0.503213 0.505711
v 0.500506 0.498990 0.503650
v 0.501880 0.503457 0.506771
v 0.497826 0.500471 0.505093
v 0.500243 0.500407 0.506440
v 0.496064 0.498978 0.506816
v 0.498562 0.504417 0.508426
v 0.498502 0.503395 0.504840
v 0.499947 0.501954 0.507952
v 0.497382 0.501242 0.506882
v 0.500665 0.503639 0.504567
v 0.498261 0.501875 0.505656
v 0.500481 0.502895 0.506255
v 0.497451 0.501411 0.503585
v 0.499565 0.499421 0.505767
v 0.496177 0.502963 0.504005
v 0.501874 0.502512 0.507497
v 0.497312 0.498643 0.506238
v 0.500124 0.502691 0.505219
v 0.497945 0.501906 0.503784
v 0.503232 0.500227 0.506188
v 0.499253 0.498103 0.505990
v 0.499555 0.501466 0.504769
v 0.498218 0.502235 0.505873
v 0.500243 0.502696 0.504521
v 0.496902 0.500269 0.507046
v 0.498517 0.502789 0.505412
v 0.497784 0.499814 0.504719
v 0.499830 0.504515 0.509455
v 0.498373 0.499637 0.506127
v 0.501024 0.503838 0.505214
v 0.499128 0.501754 0.505993
v 0.498629 0.500759 0.506153
v 0.498643 0.501605 0.506548
v 0.498883 0.503437 0.506229
v 0.499024 0.500627 0.503692
v 0.499947 0.498317 0.507703
v 0.494837 0.500024 0.505196
v 0.501968 0.505359 0.506018
v 0.497748 0.497727 0.509501
v 0.501509 0.502764 0.506984
v 0.499970 0.499600 0.502269
v 0.501847 0.500646 0.511927
v 0.496629 0.499360 0.502803
v 0.502618 0.501921 0.507973
v 0.493675 0.502503 0.510285
v 0.504593 0.501663 0.509869
v 0.502471 0.501646 0.508461
v 0.502296 0.498067 0.506772
v 0.494564 0.497594 0.504753
v 0.499890 0.498645 0.507066
v 0.500804 0.502881 0.504742
v 0.498319 0.503403 0.506386
v 0.493154 0.503804 0.503307
v 0.501682 0.504954 0.505660
v 0.493535 0.493685 0.503243
v 0.501728 0.509187 0.510186
v 0.501486 0.500404 0.507202
v 0.502754 0.503385 0.505728
v 0.497689 0.498275 0.503868
v 0.503041 0.503673 0.508059
v 0.500503 0.497739 0.505256
v 0.503876 0.506203 0.508709
v 0.497824 0.497864 0.507556
v 0.499443 0.498938 0.508150
v 0.495726 0.499094 0.509296
v 0.499045 0.507855 0.512547
v 0.496889 0.504475 0.506467
v 0.498900 0.502083 0.511723
v 0.496067 0.501930 0.510310
v 0.501122 0.504995 0.507259
v 0.496959 0.503937 0.507039
v 0.501223 0.503516 0.507351
v 0.496106 0.501311 0.505200
v 0.498525 0.498875 0.507932
v 0.493548 0.504880 0.505326
v 0.503845 0.502940 0.510095
v 0.495328 0.497415 0.510128
v 0.498960 0.505547 0.506630
v 0.495850 0.502910 0.506613
v 0.506576 0.498644 0.507552
v 0.498562 0.494758 0.510195
v 0.500709 0.500184 0.505724
v 0.497805 0.504412 0.506832
v 0.501994 0.504759 0.507513
v 0.496166 0.499112 0.510176
v 0.499795 0.503410 0.508116
v 0.496915 0.497215 0.506339
v 0.499388 0.506457 0.514452
v 0.496612 0.498881 0.509269
v 0.501837 0.507627 0.507232
v 0.498248 0.503030 0.508505
v 0.498498 0.500924 0.508147
v 0.499409 0.499126 0.509459
v 0.500572 0.506110 0.508763
v 0.499276 0.501154 0.505448
v 0.497539 0.500732 0.500197
v 0.498634 0.504520 0.502880
v 0.497945 0.501183 0.504709
v 0.497645 0.504209 0.504535
v 0.501168 0.503016 0.505442
v 0.499313 0.502698 0.504530
v 0.500018 0.503096 0.503468
v 0.497275 0.502216 0.501552
v 0.499283 0.500677 0.506003
v 0.497192 0.503073 0.501013
v 0.498329 0.503532 0.504762
v 0.497724 0.500963 0.503234
v 0.498620 0.503088 0.505359
v 0.497925 0.505360 0.505760
v 0.501258 0.503234 0.505193
v 0.500273 0.498957 0.505087
v 0.501522 0.501581 0.506824
v 0.496701 0.500459 0.503463
v 0.500781 0.506427 0.505874
v 0.497196 0.504306 0.504669
v 0.500179 0.505238 0.506063
v 0.495844 0.499229 0.504344
v 0.502267 0.501945 0.505541
v 0.496984 0.499952 0.504783
v 0.501617 0.500680 0.504744
v 0.498713 0.501269 0.505402
v 0.499956 0.505287 0.504268
v 0.498609 0.502879 0.505231
v 0.501092 0.501525 0.503230
v 0.500141 0.499759 0.503421
v 0.499272 0.501376 0.505826
v 0.495593 0.500618 0.504284
v 0.499494 0.506306 0.507344
v 0.498584 0.499396 0.503617
v 0.500708 0.501784 0.506981
v 0.497376 0.501018 0.505283
v 0.502348 0.502689 0.505064
v 0.496632 0.501526 0.506730
v 0.501750 0.503260 0.506106
v 0.498776 0.503606 0.501893
v 0.501806 0.501915 0.504603
v 0.498680 0.502321 0.505370
v 0.498311 0.504430 0.504556
v 0.499784 0.501582 0.503884
v 0.502264 0.506435 0.505628
v 0.498738 0.498263 0.504557
v 0.504437 0.502128 0.504812
v 0.498935 0.498750 0.503796
v 0.500799 0.499484 0.506165
v 0.499465 0.499703 0.507330
v 0.500012 0.499212 0.505253
v 0.498098 0.499479 0.504362
v 0.501329 0.503250 0.504933
v 0.497174 0.500959 0.503015
v 0.501448 0.502302 0.506293
v 0.497324 0.501162 0.504893
v 0.501587 0.502257 0.505551
v 0.497887 0.500404 0.502593
v 0.501630 0.501389 0.504672
v 0.500684 0.503725 0.503560
v 0.499713 0.497946 0.509268
v 0.493604 0.499917 0.506492
v 0.501898 0.506985 0.506975
v 0.496716 0.498250 0.512055
v 0.502791 0.503514 0.508252
v 0.499532 0.499733 0.502210
v 0.502171 0.501547 0.514433
v 0.494874 0.500089 0.501691
v 0.503544 0.503004 0.510699
v 0.491744 0.503752 0.512357
v 0.506277 0.502200 0.512984
v 0.502946 0.501434 0.510283
v 0.502333 0.498199 0.507983
v 0.492048 0.497259 0.505906
v 0.500427 0.497642 0.508968
v 0.500846 0.504118 0.505543
v 0.498371 0.504623 0.507229
v 0.491361 0.504483 0.502969
v 0.502025 0.506133 0.507125
v 0.491579 0.492115 0.503650
v 0.502238 0.512292 0.512588
v 0.502777 0.501356 0.508801
v 0.503477 0.504644 0.507114
v 0.496297 0.497868 0.504852
v 0.504432 0.503847 0.510362
v 0.500168 0.497044 0.506565
v 0.504895 0.508515 0.510195
v 0.497396 0.496288 0.509072
v 0.498548 0.498314 0.509261
v 0.494734 0.499712 0.510868
v 0.499609 0.510668 0.515589
v 0.495544 0.505412 0.507803
v 0.498180 0.502636 0.514321
v 0.494804 0.502323 0.512667
v 0.501580 0.505915 0.509220
v 0.495939 0.505116 0.507714
v 0.501842 0.504214 0.508394
v 0.494736 0.501696 0.506277
v 0.497865 0.498793 0.509599
v 0.491691 0.506877 0.505715
v 0.505450 0.503630 0.512163
v 0.493627 0.497329 0.513003
v 0.498224 0.508060 0.507805
v 0.494292 0.504143 0.508260
v 0.508908 0.497965 0.508757
v 0.498063 0.493054 0.513055
v 0.501657 0.499619 0.506791
v 0.497453 0.505152 0.507524
v 0.503480 0.506530 0.510176
v 0.495368 0.498285 0.512457
v 0.500376 0.503832 0.510376
v 0.496210 0.494877 0.508061
v 0.499146 0.508109 0.518483
v 0.494978 0.498839 0.511294
v 0.502486 0.510326 0.508874
v 0.497833 0.503510 0.510726
v 0.498609 0.501473 0.509242
v 0.499538 0.497746 0.511447
v 0.501739 0.508075 0.509925
v 0.499833 0.501789 0.506064
v 0.499033 0.498986 0.501180
v 0.498871 0.500027 0.503772
v 0.501478 0.501601 0.507413
v 0.496610 0.504640 0.505644
v 0.502183 0.502492 0.505693
v 0.497794 0.501352 0.506853
v 0.500325 0.501817 0.505948
v 0.495634 0.502698 0.507117
v 0.497137 0.502459 0.507276
v 0.498012 0.504413 0.502899
v 0.497740 0.505355 0.504563
v 0.495433 0.503127 0.505437
v 0.500719 0.502208 0.505444
v 0.499315 0.505841 0.505100
v 0.503900 0.501018 0.506662
v 0.498174 0.495429 0.505205
v 0.501976 0.502936 0.509035
v 0.498566 0.498615 0.506265
v 0.500353 0.506606 0.505237
v 0.496801 0.505046 0.502665
v 0.498692 0.502152 0.504315
v 0.492294 0.499355 0.506579
v 0.502266 0.501308 0.506857
v 0.496522 0.504117 0.504519
v 0.500353 0.499737 0.507815
v 0.497497 0.500553 0.504020
v 0.499528 0.503020 0.506095
v 0.498357 0.502377 0.504497
v 0.503532 0.502448 0.504520
v 0.497747 0.499172 0.504242
v 0.497920 0.499956 0.505106
v 0.494001 0.500463 0.505586
v 0.501006 0.507525 0.508493
v 0.498698 0.499738 0.504925
v 0.502055 0.499914 0.508534
v 0.497417 0.498447 0.505399
v 0.500597 0.502443 0.507837
v 0.497713 0.499033 0.505856
v 0.501569 0.505725 0.507233
v 0.500212 0.499095 0.502691
v 0.500504 0.499398 0.505974
v 0.498623 0.502572 0.505067
v 0.499541 0.502773 0.504506
v 0.500153 0.500556 0.503602
v 0.499648 0.503964 0.507916
v 0.495107 0.498305 0.505853
v 0.503229 0.500198 0.505090
v 0.500516 0.497033 0.504871
v 0.500919 0.499220 0.508649
v 0.499372 0.500164 0.507846
v 0.501831 0.498448 0.506097
v 0.499635 0.498627 0.507177
v 0.500560 0.502163 0.505342
v 0.499507 0.501010 0.503555
v 0.502068 0.501527 0.506271
v 0.498192 0.502120 0.504784
v 0.502671 0.503401 0.506645
v 0.496268 0.499834 0.503318
v 0.501459 0.500127 0.506547
v 0.499954 0.504536 0.504686
v 0.499006 0.500363 0.501189
v 0.499350 0.501576 0.502572
v 0.499651 0.500351 0.503327
v 0.498676 0.502184 0.503982
v 0.500298 0.501439 0.503634
v 0.499067 0.501402 0.503996
v 0.499960 0.501341 0.503089
v 0.498906 0.501798 0.503106
v 0.498976 0.500497 0.503555
v 0.499144 0.502066 0.501713
v 0.498993 0.501894 0.503155
v 0.498815 0.501133 0.502834
v 0.499446 0.501851 0.503353
v 0.499006 0.502994 0.503132
v 0.500485 0.501353 0.503865
v 0.499482 0.499057 0.503136
v 0.500376 0.501133 0.504145
v 0.499028 0.500668 0.503527
v 0.500015 0.502791 0.503288
v 0.498613 0.502259 0.502833
v 0.499327 0.501717 0.503495
v 0.497616 0.499999 0.503742
v 0.500541 0.500915 0.503243
v 0.499003 0.501535 0.503178
v 0.500353 0.500248 0.503588
v 0.498917 0.500666 0.503552
v 0.499708 0.501903 0.503208
v 0.498841 0.501905 0.503165
v 0.500627 0.501004 0.502692
v 0.499496 0.500166 0.502740
v 0.499090 0.500557 0.502947
v 0.497824 0.500456 0.503499
v 0.499554 0.502856 0.504049
v 0.499597 0.500304 0.503240
v 0.500171 0.500548 0.504262
v 0.498866 0.500821 0.503408
v 0.500195 0.501373 0.503666
v 0.498940 0.500780 0.503791
v 0.500201 0.501940 0.503689
v 0.499555 0.501066 0.502123
v 0.500094 0.501085 0.503501
v 0.499489 0.501497 0.502866
v 0.499505 0.501634 0.502763
v 0.499626 0.500916 0.502748
v 0.500031 0.502356 0.503891
v 0.498960 0.500012 0.503560
v 0.500849 0.500333 0.503111
v 0.499507 0.499796 0.502835
v 0.499989 0.499750 0.503989
v 0.499716 0.500405 0.504443
v 0.499682 0.499971 0.502993
v 0.499550 0.500134 0.503467
v 0.499651 0.501711 0.502921
v 0.499379 0.501429 0.502476
v 0.500259 0.500852 0.503422
v 0.498927 0.501105 0.503132
v 0.500716 0.501253 0.503630
v 0.498605 0.500513 0.502420
v 0.500045 0.500872 0.503047
v 0.500306 0.502093 0.502474
v 0.499937 0.499081 0.505356
v 0.496336 0.500755 0.503492
v 0.501467 0.503673 0.504685
v 0.498738 0.498461 0.506002
v 0.500301 0.502154 0.504950
v 0.500342 0.499864 0.502510
v 0.501046 0.499942 0.508348
v 0.498114 0.499399 0.503878
v 0.501396 0.501065 0.504910
v 0.495988 0.501066 0.507596
v 0.502184 0.500940 0.506108
v 0.501447 0.501517 0.505982
v 0.501449 0.498162 0.505012
v 0.497251 0.498870 0.503172
v 0.499362 0.499660 0.504893
v 0.500302 0.501913 0.503831
v 0.498809 0.502069 0.505139
v 0.495884 0.502748 0.503466
v 0.501060 0.503361 0.504429
v 0.496394 0.496598 0.502719
v 0.500743 0.505296 0.507011
v 0.500221 0.499999 0.505847
v 0.501682 0.502491 0.503880
v 0.499210 0.499666 0.502997
v 0.501347 0.502985 0.505744
v 0.500502 0.498899 0.503727
v 0.502051 0.503638 0.506597
v 0.498135 0.499891 0.505418
v 0.500024 0.500027 0.506375
v 0.496518 0.498967 0.506930
v 0.498668 0.504472 0.508470
v 0.498328 0.503296 0.504732
v 0.499680 0.501662 0.508076
v 0.497538 0.501420 0.507093
v 0.500544 0.503649 0.504762
v 0.498164 0.502353 0.505456
v 0.500608 0.502674 0.505994
v 0.497523 0.501335 0.503762
v 0.499389 0.499418 0.505788
v 0.495930 0.503017 0.504123
v 0.502111 0.502284 0.507375
v 0.497138 0.498447 0.506514
v 0.499847 0.502887 0.505053
v 0.497679 0.502015 0.504296
v 0.503598 0.499873 0.506004
v 0.499128 0.497597 0.506456
v 0.499733 0.501094 0.504508
v 0.498189 0.502700 0.505686
v 0.500489 0.502732 0.504914
v 0.497131 0.499877 0.507078
v 0.499030 0.502671 0.505493
v 0.497851 0.499536 0.504642
v 0.499714 0.504355 0.509578
v 0.498230 0.499480 0.506344
v 0.501094 0.504210 0.505173
v 0.499009 0.501960 0.506063
v 0.498604 0.500801 0.506105
v 0.499016 0.500882 0.506733
v 0.499233 0.503601 0.506341
v 0.499081 0.500658 0.504033
v 0.498650 0.499107 0.502722
v 0.497529 0.499202 0.506112
v 0.501084 0.504172 0.507427
v 0.496621 0.504825 0.503056
v 0.499304 0.500583 0.504151
v 0.496560 0.502698 0.503934
v 0.500120 0.503214 0.507298
v 0.493906 0.503619 0.511750
v 0.495886 0.502500 0.505849
v 0.498291 0.503391 0.506276
v 0.501147 0.504777 0.503460
v 0.494585 0.503770 0.506660
v 0.501358 0.500695 0.504660
v 0.500491 0.504911 0.503448
v 0.504885 0.500998 0.505081
v 0.497779 0.497905 0.505144
v 0.503239 0.504490 0.507981
v 0.497486 0.500468 0.505780
v 0.499274 0.507439 0.501623
v 0.498600 0.505824 0.503832
v 0.500117 0.501701 0.503218
v 0.494883 0.502618 0.504760
v 0.501364 0.501817 0.505077
v 0.497036 0.504818 0.504122
v 0.500892 0.502541 0.509181
v 0.496476 0.502140 0.503362
v 0.497757 0.501860 0.506218
v 0.498586 0.502326 0.506410
v 0.503308 0.504619 0.502973
v 0.498261 0.502888 0.503619
v 0.497354 0.500826 0.504579
v 0.493706 0.502391 0.505317
v 0.502255 0.505374 0.508539
v 0.498053 0.503101 0.504291
v 0.502181 0.500451 0.507398
v 0.496803 0.501441 0.502967
v 0.500245 0.504685 0.507343
v 0.498800 0.498682 0.504108
v 0.500757 0.507412 0.506065
v 0.499096 0.500521 0.504047
v 0.498123 0.499188 0.505630
v 0.497226 0.503371 0.504400
v 0.499015 0.502219 0.504710
v 0.500472 0.501306 0.504492
v 0.498474 0.503657 0.505940
v 0.493674 0.503057 0.504612
v 0.501647 0.503850 0.505545
v 0.500658 0.498113 0.504033
v 0.499828 0.504050 0.506395
v 0.498806 0.502491 0.505823
v 0.501677 0.499522 0.505579
v 0.499358 0.500686 0.505873
v 0.499259 0.500569 0.505632
v 0.499999 0.500691 0.504449
v 0.500894 0.502569 0.507342
v 0.495796 0.502504 0.504536
v 0.501315 0.503579 0.506426
v 0.497630 0.501579 0.504724
v 0.501049 0.499650 0.507697
v 0.499118 0.504566 0.504432
v 0.499184 0.499526 0.502176
v 0.498669 0.499605 0.504297
v 0.500680 0.502251 0.504869
v 0.498238 0.503191 0.503020
v 0.499916 0.500631 0.503189
v 0.497993 0.502132 0.503933
v 0.499859 0.501739 0.504722
v 0.496635 0.502432 0.507073
v 0.497463 0.501996 0.504064
v 0.498800 0.502847 0.504264
v 0.500127 0.502957 0.502620
v 0.497044 0.502788 0.504574
v 0.500338 0.500992 0.503417
v 0.499791 0.503570 0.502789
v 0.502295 0.500697 0.503741
v 0.498845 0.498841 0.504085
v 0.501374 0.502661 0.505265
v 0.498557 0.500865 0.503918
v 0.499600 0.504425 0.502079
v 0.499095 0.503751 0.502777
v 0.499814 0.501040 0.502783
v 0.496799 0.501754 0.504031
v 0.500382 0.501420 0.503559
v 0.498190 0.503217 0.502977
v 0.500131 0.501075 0.505809
v 0.497963 0.501476 0.503012
v 0.498456 0.501475 0.504234
v 0.498913 0.501778 0.504479
v 0.501664 0.502395 0.502780
v 0.498687 0.502018 0.503130
v 0.498211 0.500768 0.503437
v 0.496302 0.501508 0.503852
v 0.500744 0.503450 0.505710
v 0.498826 0.501824 0.503339
v 0.500975 0.500336 0.505163
v 0.498037 0.501123 0.502949
v 0.499565 0.502224 0.504952
v 0.499222 0.499616 0.503462
v 0.500339 0.504422 0.504008
v 0.499737 0.500405 0.503020
v 0.499353 0.499545 0.504273
v 0.498553 0.502322 0.503558
v 0.499269 0.501681 0.503478
v 0.500054 0.501058 0.503055
v 0.499050 0.502426 0.504273
v 0.496284 0.501726 0.503652
v 0.500637 0.502159 0.503881
v 0.500248 0.499044 0.503352
v 0.499914 0.501845 0.504803
v 0.499377 0.501894 0.504609
v 0.500590 0.499714 0.503889
v 0.499685 0.500500 0.504369
v 0.499440 0.500815 0.503963
v 0.499862 0.500964 0.503589
v 0.500311 0.501404 0.504860
v 0.497740 0.501883 0.503564
v 0.500609 0.502083 0.504466
v 0.498392 0.501231 0.503542
v 0.500355 0.500229 0.504811
v 0.499740 0.502919 0.502897
v 0.500025 0.498716 0.506278
v 0.495652 0.500612 0.503830
v 0.501952 0.504283 0.505372
v 0.498464 0.497888 0.506922
v 0.500625 0.502574 0.505714
v 0.500470 0.499568 0.502492
v 0.501438 0.499734 0.509933
v 0.497771 0.499063 0.504159
v 0.501789 0.501085 0.505637
v 0.495093 0.501187 0.508828
v 0.502906 0.501135 0.507184
v 0.501848 0.501654 0.506906
v 0.501939 0.497763 0.505723
v 0.496535 0.498381 0.503488
v 0.499365 0.499413 0.505738
v 0.500465 0.502030 0.504284
v 0.498579 0.502439 0.505869
v 0.494852 0.503129 0.503721
v 0.501394 0.504031 0.504934
v 0.495561 0.495488 0.502889
v 0.501098 0.506398 0.508203
v 0.500408 0.499835 0.506652
v 0.502197 0.502863 0.504378
v 0.499004 0.499268 0.503160
v 0.501850 0.503537 0.506548
v 0.500616 0.498328 0.504120
v 0.502776 0.504356 0.507562
v 0.497809 0.499486 0.506175
v 0.500090 0.499734 0.507348
v 0.495908 0.498631 0.507951
v 0.498593 0.505504 0.510114
v 0.497981 0.503830 0.505437
v 0.499676 0.501936 0.509509
v 0.497024 0.501583 0.508146
v 0.500856 0.504344 0.505486
v 0.497776 0.502730 0.506167
v 0.500819 0.503139 0.506812
v 0.496958 0.501417 0.504141
v 0.499270 0.499123 0.506629
v 0.494997 0.503475 0.504571
v 0.502765 0.502631 0.508592
v 0.496459 0.497838 0.507645
v 0.499933 0.503406 0.505813
v 0.497141 0.502229 0.504845
v 0.504637 0.499533 0.506896
v 0.498900 0.496811 0.507569
v 0.499901 0.501036 0.505085
v 0.497880 0.503041 0.506424
v 0.500849 0.503280 0.505654
v 0.496613 0.499569 0.508284
v 0.499023 0.503155 0.506334
v 0.497435 0.498973 0.505278
v 0.499720 0.505212 0.511338
v 0.497860 0.499102 0.507418
v 0.501398 0.505227 0.505929
v 0.498835 0.502316 0.506900
v 0.498513 0.500805 0.507065
v 0.498997 0.500737 0.507705
v 0.499364 0.504360 0.507388
v 0.498894 0.500646 0.504632
v 0.500774 0.496655 0.511088
v 0.492053 0.500254 0.504758
v 0.504917 0.507269 0.509274
v 0.497372 0.494949 0.510694
v 0.501740 0.505572 0.510139
v 0.501660 0.497532 0.503632
v 0.503534 0.498130 0.518642
v 0.496131 0.497386 0.507541
v 0.503614 0.500875 0.508327
v 0.490700 0.501100 0.515806
v 0.506076 0.502081 0.512027
v 0.503778 0.502001 0.511391
v 0.504722 0.494818 0.509826
v 0.493510 0.495867 0.504381
v 0.498337 0.498546 0.510265
v 0.500879 0.502795 0.506993
v 0.497618 0.504288 0.510420
v 0.489777 0.505107 0.506388
v 0.503317 0.507165 0.507938
v 0.491909 0.489891 0.503604
v 0.502432 0.511696 0.514239
v 0.500564 0.498548 0.511301
v 0.505159 0.505117 0.506843
v 0.498676 0.497940 0.504006
v 0.504274 0.506829 0.510950
v 0.501183 0.495470 0.505943
v 0.506257 0.507688 0.513235
v 0.495262 0.498425 0.509525
v 0.501166 0.498876 0.513037
v 0.491356 0.496379 0.513405
v 0.497532 0.510929 0.518804
v 0.496468 0.506931 0.509290
v 0.500434 0.503989 0.517016
v 0.493875 0.502046 0.513594
v 0.502830 0.508435 0.508800
v 0.496127 0.503708 0.510453
v 0.501584 0.506323 0.511826
v 0.493789 0.502074 0.505678
v 0.499199 0.497335 0.511154
v 0.490433 0.505664 0.506834
v 0.505942 0.505164 0.515772
v 0.493481 0.494608 0.513029
v 0.501271 0.505670 0.510321
v 0.494845 0.503039 0.506512
v 0.509555 0.498769 0.512096
v 0.497989 0.494040 0.512560
v 0.500294 0.501972 0.508833
v 0.496115 0.504022 0.510974
v 0.502047 0.506077 0.508742
v 0.493174 0.498700 0.514696
v 0.497655 0.505975 0.510702
v 0.495144 0.496658 0.508604
v 0.500017 0.510064 0.520762
v 0.496291 0.497313 0.512768
v 0.502923 0.509616 0.510047
v 0.498240 0.503645 0.511420
v 0.497752 0.501010 0.512089
v 0.497803 0.501924 0.512491
v 0.499121 0.508185 0.512545
v 0.497749 0.500454 0.507343
v 0.500578 0.497626 0.508562
v 0.494055 0.500660 0.503803
v 0.503591 0.505539 0.507393
v 0.498074 0.496784 0.507963
v 0.500894 0.504542 0.508083
v 0.501329 0.498288 0.503861
v 0.502479 0.498507 0.514275
v 0.497107 0.498343 0.506895
v 0.502475 0.500879 0.506378
v 0.493165 0.500637 0.512368
v 0.503996 0.501579 0.508935
v 0.502630 0.501669 0.508663
v 0.503534 0.495810 0.507923
v 0.495310 0.497123 0.503625
v 0.498140 0.499252 0.507876
v 0.500409 0.502424 0.505837
v 0.498324 0.503207 0.508484
v 0.492451 0.503981 0.505797
v 0.502339 0.505034 0.506834
v 0.494331 0.492736 0.503170
v 0.501450 0.508858 0.511025
v 0.499905 0.498829 0.509043
v 0.503597 0.504592 0.505570
v 0.499389 0.498834 0.503697
v 0.502845 0.505544 0.508675
v 0.500999 0.497001 0.504950
v 0.504279 0.505792 0.510692
v 0.496171 0.499796 0.507445
v 0.501070 0.499910 0.510246
v 0.492960 0.497442 0.510426
v 0.497984 0.508017 0.514370
v 0.497522 0.505497 0.507400
v 0.500530 0.503403 0.513085
v 0.495209 0.501390 0.510593
v 0.501957 0.506329 0.506877
v 0.497052 0.502462 0.508720
v 0.500981 0.505087 0.509765
v 0.495146 0.501931 0.504590
v 0.499557 0.498134 0.508748
v 0.493041 0.504535 0.505528
v 0.503965 0.504168 0.512389
v 0.495256 0.496556 0.509942
v 0.501113 0.504158 0.508328
v 0.496334 0.502486 0.504850
v 0.506505 0.499564 0.509668
v 0.498644 0.496195 0.509544
v 0.499756 0.502153 0.507293
v 0.496980 0.502929 0.508973
v 0.501057 0.504502 0.506616
v 0.494463 0.499669 0.511459
v 0.497537 0.504787 0.508453
v 0.496202 0.498346 0.506940
v 0.500112 0.507871 0.515921
v 0.497285 0.498429 0.509758
v 0.502073 0.506882 0.508067
v 0.498736 0.502618 0.509071
v 0.498164 0.500969 0.509672
v 0.497762 0.502409 0.509752
v 0.498639 0.506123 0.509796
v 0.498212 0.500464 0.505501
v 0.499884 0.498986 0.505840
v 0.496120 0.500535 0.504000
v 0.501475 0.504000 0.504878
v 0.498499 0.498391 0.506908
v 0.500601 0.502131 0.505281
v 0.500146 0.499892 0.502263
v 0.501164 0.500201 0.508898
v 0.497782 0.499377 0.503289
v 0.501639 0.501260 0.505730
v 0.495535 0.501551 0.507929
v 0.502759 0.501112 0.506935
v 0.501720 0.501642 0.506534
v 0.501589 0.498330 0.505331
v 0.496671 0.498666 0.503763
v 0.499690 0.499399 0.505245
v 0.500470 0.502103 0.503928
v 0.498627 0.502362 0.505208
v 0.495322 0.502977 0.503168
v 0.501174 0.503699 0.504597
v 0.495676 0.496015 0.502808
v 0.501017 0.506218 0.507694
v 0.500595 0.500155 0.506006
v 0.501818 0.502569 0.504272
v 0.498756 0.499221 0.503167
v 0.501708 0.503065 0.506043
v 0.500483 0.498686 0.504072
v 0.502453 0.504174 0.506903
v 0.498256 0.499297 0.505911
v 0.499808 0.499674 0.506553
v 0.496660 0.499087 0.507374
v 0.498906 0.505150 0.509202
v 0.497949 0.503521 0.504992
v 0.499355 0.501630 0.508783
v 0.497327 0.501562 0.507728
v 0.500572 0.503805 0.505238
v 0.497912 0.502871 0.505678
v 0.500717 0.502695 0.506082
v 0.497243 0.501331 0.504124
v 0.499112 0.499372 0.506189
v 0.495420 0.503442 0.504367
v 0.502447 0.502286 0.507703
v 0.496728 0.498306 0.507319
v 0.499488 0.503542 0.505210
v 0.497254 0.502212 0.504955
v 0.504231 0.499476 0.506154
v 0.499011 0.496781 0.507310
v 0.500065 0.500707 0.504597
v 0.498184 0.503298 0.505733
v 0.500881 0.503163 0.505498
v 0.497108 0.499727 0.507597
v 0.499418 0.502722 0.505998
v 0.497676 0.499019 0.504951
v 0.499608 0.504676 0.510446
v 0.497848 0.499343 0.506931
v 0.501256 0.505019 0.505476
v 0.498803 0.502288 0.506494
v 0.498598 0.500822 0.506445
v 0.499314 0.500155 0.507267
v 0.499747 0.504157 0.506920
v 0.499155 0.500770 0.504373
v 0.499006 0.500406 0.504523
v 0.495572 0.503239 0.505011
v 0.501583 0.506244 0.503644
v 0.499461 0.501765 0.501224
v 0.498667 0.502669 0.508520
v 0.498237 0.503676 0.507307
v 0.498428 0.498681 0.506960
v 0.497934 0.502250 0.507173
v 0.499125 0.501718 0.504259
v 0.499382 0.500604 0.505894
v 0.499456 0.502013 0.503547
v 0.497941 0.500709 0.503628
v 0.501808 0.500202 0.506483
v 0.496650 0.499981 0.505214
v 0.500509 0.504307 0.506592
v 0.496957 0.503166 0.506912
v 0.500173 0.504831 0.504650
v 0.495009 0.504751 0.506814
v 0.498897 0.500778 0.506818
v 0.497603 0.500548 0.505177
v 0.499689 0.503671 0.504968
v 0.496809 0.502057 0.505036
v 0.497713 0.506957 0.505521
v 0.497186 0.505299 0.506307
v 0.496060 0.507467 0.504524
v 0.499197 0.503374 0.504400
v 0.498827 0.506042 0.506936
v 0.496569 0.507177 0.506066
v 0.498558 0.506538 0.508161
v 0.496433 0.502281 0.504597
v 0.499879 0.504925 0.507317
v 0.497066 0.503771 0.504622
v 0.501027 0.503918 0.507124
v 0.496889 0.501045 0.505773
v 0.501158 0.504685 0.504823
v 0.496556 0.501049 0.507422
v 0.501966 0.506868 0.507610
v 0.497400 0.502580 0.502435
v 0.500154 0.503387 0.504465
v 0.494240 0.504414 0.504320
v 0.498572 0.505547 0.506231
v 0.496081 0.501134 0.503532
v 0.501791 0.501966 0.506561
v 0.498949 0.500813 0.501325
v 0.499647 0.502718 0.509098
v 0.499600 0.502470 0.504860
v 0.498423 0.505069 0.506541
v 0.497006 0.502646 0.504098
v 0.501317 0.505759 0.504625
v 0.496298 0.500669 0.504006
v 0.496975 0.504444 0.506837
v 0.497530 0.503826 0.505628
v 0.500270 0.505360 0.507038
v 0.498014 0.499897 0.505633
v 0.500830 0.502362 0.505179
v 0.499230 0.502470 0.505203
v 0.498282 0.503338 0.505970
v 0.496195 0.507462 0.502825
v 0.497084 0.503660 0.505885
v 0.498994 0.501687 0.501597
v 0.499484 0.498795 0.507356
v 0.494967 0.500379 0.505623
v 0.500951 0.505707 0.505648
v 0.497264 0.499400 0.509965
v 0.502166 0.502811 0.506587
v 0.499291 0.500377 0.502091
v 0.501272 0.501675 0.511184
v 0.495690 0.500646 0.501240
v 0.502811 0.502904 0.509113
v 0.493463 0.503295 0.509867
v 0.504634 0.501917 0.510648
v 0.502117 0.501182 0.508302
v 0.501170 0.499164 0.506554
v 0.493455 0.498388 0.505226
v 0.500473 0.498414 0.507227
v 0.500439 0.503809 0.504458
v 0.498892 0.503845 0.505968
v 0.493306 0.503662 0.502336
v 0.501491 0.504878 0.506059
v 0.493424 0.494562 0.503217
v 0.501439 0.509929 0.510136
v 0.502385 0.501692 0.507332
v 0.502623 0.503887 0.506000
v 0.496764 0.498781 0.504451
v 0.503267 0.502849 0.508519
v 0.499965 0.498155 0.505685
v 0.503370 0.507089 0.508109
v 0.498033 0.497191 0.507559
v 0.498583 0.499039 0.507383
v 0.495958 0.500285 0.508826
v 0.499812 0.508327 0.512427
v 0.496137 0.504476 0.506239
v 0.498200 0.502215 0.511521
v 0.496076 0.501871 0.510251
v 0.501059 0.504392 0.507552
v 0.496840 0.504329 0.506135
v 0.501469 0.503234 0.506861
v 0.495889 0.501598 0.505588
v 0.498036 0.499356 0.507704
v 0.493551 0.505844 0.504782
v 0.504290 0.502767 0.509570
v 0.494707 0.498613 0.510621
v 0.498206 0.506661 0.506379
v 0.495553 0.503750 0.506916
v 0.506876 0.499005 0.507063
v 0.498296 0.494951 0.510509
v 0.501361 0.499718 0.505539
v 0.497981 0.504214 0.505946
v 0.502754 0.505204 0.508632
v 0.496394 0.498674 0.509998
v 0.500319 0.503048 0.508601
v 0.496837 0.496298 0.506927
v 0.499142 0.506306 0.514716
v 0.495794 0.499544 0.509011
v 0.501872 0.508102 0.507377
v 0.498404 0.502813 0.508812
v 0.498823 0.501411 0.507334
v 0.499795 0.498264 0.509324
v 0.501355 0.506446 0.507788
v 0.500189 0.501698 0.504890
v 0.499239 0.500264 0.504851
v 0.495773 0.503408 0.505052
v 0.501798 0.505700 0.503614
v 0.500034 0.501459 0.501371
v 0.498847 0.502795 0.509096
v 0.498765 0.502614 0.507135
v 0.498775 0.498679 0.507431
v 0.497805 0.502065 0.507261
v 0.499240 0.501148 0.504229
v 0.499055 0.500430 0.506757
v 0.499397 0.501956 0.503541
v 0.498396 0.500879 0.503952
v 0.501867 0.499587 0.506658
v 0.496652 0.500222 0.504870
v 0.499864 0.503415 0.506380
v 0.497417 0.503063 0.506961
v 0.500089 0.504411 0.504760
v 0.494921 0.504301 0.506844
v 0.499306 0.500660 0.506874
v 0.497501 0.499581 0.504921
v 0.499713 0.503967 0.505587
v 0.497039 0.501297 0.505387
v 0.498093 0.506420 0.505458
v 0.497667 0.504417 0.506165
v 0.496553 0.507292 0.504609
v 0.499684 0.502726 0.504388
v 0.499322 0.505952 0.506927
v 0.496445 0.506708 0.505898
v 0.499088 0.506063 0.508239
v 0.495971 0.501253 0.504887
v 0.499725 0.505374 0.507933
v 0.497481 0.503912 0.504828
v 0.500750 0.503859 0.507747
v 0.496643 0.501072 0.505695
v 0.501129 0.504861 0.504860
v 0.496794 0.501013 0.507645
v 0.501713 0.506646 0.507621
v 0.497485 0.502322 0.502551
v 0.500407 0.502854 0.504424
v 0.494519 0.504574 0.504100
v 0.499040 0.505038 0.506290
v 0.496265 0.500662 0.504079
v 0.501849 0.501704 0.506635
v 0.499325 0.501038 0.501342
v 0.499659 0.502651 0.508809
v 0.499895 0.501924 0.504813
v 0.498554 0.505186 0.506333
v 0.496965 0.503077 0.503927
v 0.501247 0.505406 0.504526
v 0.496450 0.500835 0.504107
v 0.496884 0.504022 0.506887
v 0.497177 0.503479 0.505485
v 0.500315 0.505452 0.507781
v 0.498046 0.499773 0.505458
v 0.500999 0.502368 0.504983
v 0.499274 0.502414 0.505350
v 0.498194 0.502845 0.506078
v 0.496109 0.507038 0.503108
v 0.497185 0.503483 0.506076
v 0.499014 0.501313 0.501679
v 0.495680 0.502185 0.504969
v 0.492549 0.503931 0.507093
v 0.500208 0.509319 0.505223
v 0.496668 0.501767 0.498905
v 0.498052 0.502619 0.509601
v 0.496675 0.507829 0.509595
v 0.498095 0.500167 0.508215
v 0.496323 0.504547 0.509700
v 0.500036 0.505272 0.506686
v 0.497379 0.499818 0.505405
v 0.500227 0.503585 0.504959
v 0.493841 0.501640 0.505073
v 0.502578 0.503842 0.509153
v 0.495260 0.497690 0.508767
v 0.502962 0.510227 0.507627
v 0.494602 0.503406 0.509050
v 0.499415 0.508755 0.506042
v 0.492973 0.508588 0.508067
v 0.497056 0.501983 0.509100
v 0.498461 0.504512 0.506883
v 0.500004 0.504083 0.505375
v 0.493569 0.504605 0.504251
v 0.495750 0.511276 0.509323
v 0.494545 0.508777 0.509277
v 0.493796 0.511827 0.507010
v 0.495812 0.507619 0.506110
v 0.497359 0.508854 0.511897
v 0.494554 0.512812 0.508484
v 0.496904 0.512748 0.510451
v 0.494924 0.507915 0.504415
v 0.501067 0.505184 0.510129
v 0.495349 0.505062 0.506337
v 0.505195 0.506508 0.508278
v 0.495336 0.501294 0.508222
v 0.501496 0.507081 0.506478
v 0.493480 0.502669 0.509621
v 0.505247 0.511143 0.512028
v 0.494262 0.503830 0.502226
v 0.499797 0.508414 0.506229
v 0.489720 0.506904 0.507001
v 0.497473 0.509640 0.507654
v 0.494359 0.502234 0.502756
v 0.502889 0.503059 0.508155
v 0.496668 0.498544 0.501736
v 0.498357 0.506220 0.514477
v 0.496193 0.507399 0.505939
v 0.496020 0.508066 0.510310
v 0.493990 0.503197 0.505854
v 0.501370 0.511306 0.506595
v 0.493687 0.500827 0.504820
v 0.495068 0.508532 0.509157
v 0.496118 0.507876 0.506540
v 0.501175 0.507544 0.509983
v 0.496126 0.499845 0.509309
v 0.502982 0.504982 0.508653
v 0.497793 0.502657 0.506482
v 0.499671 0.509455 0.507842
v 0.494471 0.509970 0.502563
v 0.495605 0.507783 0.508196
v 0.496829 0.503175 0.501671
v 0.499827 0.499799 0.504739
v 0.497015 0.502291 0.504035
v 0.501352 0.504101 0.503798
v 0.499957 0.500787 0.502157
v 0.499115 0.502756 0.507602
v 0.499851 0.500944 0.505382
v 0.499545 0.499105 0.507142
v 0.498293 0.501238 0.506468
v 0.499664 0.500681 0.503662
v 0.498211 0.500910 0.506788
v 0.499274 0.501510 0.503657
v 0.499316 0.501032 0.504015
v 0.501563 0.499060 0.505721
v 0.497429 0.500296 0.503578
v 0.498811 0.501576 0.504937
v 0.498650 0.502571 0.505880
v 0.499613 0.502943 0.504613
v 0.495559 0.503619 0.505525
v 0.499764 0.501037 0.505496
v 0.497581 0.498969 0.503414
v 0.500024 0.503857 0.505564
v 0.497808 0.500372 0.505163
v 0.499557 0.504271 0.504431
v 0.498779 0.501959 0.505023
v 0.498077 0.505457 0.504293
v 0.500284 0.501396 0.503943
v 0.500637 0.504353 0.506176
v 0.497106 0.504467 0.505012
v 0.499931 0.503872 0.506575
v 0.496281 0.500126 0.504630
v 0.499401 0.504419 0.507469
v 0.498809 0.503561 0.504639
v 0.500397 0.503242 0.507302
v 0.497196 0.500904 0.505234
v 0.500590 0.504224 0.504261
v 0.497664 0.501025 0.506509
v 0.500841 0.504519 0.506671
v 0.497915 0.501892 0.503048
v 0.500431 0.501542 0.504321
v 0.496115 0.503967 0.503396
v 0.500216 0.503515 0.505836
v 0.497348 0.499818 0.504476
v 0.501158 0.501547 0.505526
v 0.499317 0.501645 0.502096
v 0.500193 0.501938 0.506924
v 0.500148 0.500389 0.504683
v 0.499106 0.503875 0.505149
v 0.497529 0.502908 0.504183
v 0.500620 0.503666 0.503909
v 0.496986 0.500983 0.504546
v 0.497432 0.503111 0.505857
v 0.497153 0.502865 0.504701
v 0.500209 0.505035 0.507380
v 0.498194 0.500233 0.504678
v 0.501102 0.502399 0.504726
v 0.499073 0.501618 0.505276
v 0.498608 0.501632 0.505473
v 0.496984 0.504795 0.504103
v 0.497729 0.503092 0.505448
v 0.499172 0.500773 0.502016
v 0.500197 0.498034 0.507940
v 0.494418 0.500358 0.504403
v 0.502844 0.505390 0.506627
v 0.497999 0.496837 0.508497
v 0.501169 0.503394 0.507136
v 0.500733 0.499014 0.502547
v 0.502141 0.499346 0.512757
v 0.497186 0.498461 0.504764
v 0.502471 0.501083 0.506878
v 0.493518 0.501357 0.511063
v 0.504169 0.501530 0.509097
v 0.502541 0.501883 0.508539
v 0.502839 0.497003 0.507027
v 0.495335 0.497493 0.503987
v 0.499305 0.498979 0.507283
v 0.500715 0.502264 0.505127
v 0.498201 0.503123 0.507210
v 0.493064 0.503819 0.504287
v 0.502003 0.505180 0.505904
v 0.494088 0.493566 0.503228
v 0.501673 0.508348 0.510327
v 0.500671 0.499511 0.508132
v 0.503134 0.503528 0.505277
v 0.498692 0.498608 0.503476
v 0.502737 0.504538 0.507978
v 0.500830 0.497338 0.504818
v 0.504052 0.505611 0.509326
v 0.497164 0.498816 0.507457
v 0.500249 0.499306 0.509108
v 0.494722 0.498039 0.509739
v 0.498414 0.507412 0.513052
v 0.497395 0.504800 0.506724
v 0.499711 0.502446 0.512088
v 0.496036 0.501880 0.510061
v 0.501441 0.505672 0.506768
v 0.497109 0.503319 0.507499
v 0.501144 0.504067 0.508328
v 0.495965 0.501553 0.504774
v 0.499107 0.498567 0.508142
v 0.493370 0.504319 0.505376
v 0.503906 0.503338 0.510814
v 0.495341 0.496738 0.509624
v 0.500140 0.504353 0.507204
v 0.496216 0.502601 0.505749
v 0.506458 0.499033 0.508515
v 0.498536 0.495477 0.509509
v 0.500231 0.501002 0.506199
v 0.497304 0.503607 0.507798
v 0.501463 0.504286 0.506932
v 0.495647 0.499064 0.510467
v 0.498922 0.504032 0.507855
v 0.496692 0.498014 0.506415
v 0.499698 0.506771 0.514530
v 0.497180 0.498477 0.509319
v 0.501927 0.506976 0.507283
v 0.498532 0.502891 0.508467
v 0.498303 0.500828 0.508714
v 0.498864 0.500667 0.509430
v 0.499558 0.505699 0.509230
v 0.498570 0.500631 0.505657
v 0.500113 0.498635 0.506348
v 0.495571 0.500720 0.503589
v 0.502119 0.504288 0.505494
v 0.498551 0.497825 0.506698
v 0.500534 0.502813 0.505862
v 0.500648 0.499397 0.502775
v 0.501514 0.499516 0.510186
v 0.497830 0.499029 0.504645
v 0.501780 0.501026 0.505370
v 0.495040 0.500974 0.509086
v 0.502784 0.501127 0.507029
v 0.501824 0.501586 0.506906
v 0.502080 0.497466 0.505857
v 0.496603 0.498363 0.503270
v 0.499065 0.499471 0.505823
v 0.500371 0.502048 0.504418
v 0.498624 0.502397 0.506146
v 0.494804 0.503144 0.504124
v 0.501449 0.503974 0.505080
v 0.495636 0.495394 0.502916
v 0.500956 0.506376 0.508254
v 0.500185 0.499676 0.506835
v 0.502322 0.503039 0.504363
v 0.499189 0.499453 0.503201
v 0.501851 0.503717 0.506693
v 0.500643 0.498283 0.504076
v 0.502741 0.504293 0.507810
v 0.497540 0.499748 0.506072
v 0.500287 0.499900 0.507602
v 0.495477 0.498468 0.508069
v 0.498403 0.505616 0.510314
v 0.498044 0.503931 0.505552
v 0.499906 0.502111 0.509626
v 0.496867 0.501507 0.508167
v 0.501009 0.504525 0.505405
v 0.497816 0.502486 0.506367
v 0.500776 0.503373 0.507099
v 0.496856 0.501460 0.504037
v 0.499410 0.499033 0.506755
v 0.495002 0.503441 0.504582
v 0.502733 0.502843 0.508904
v 0.496523 0.497774 0.507614
v 0.500172 0.503308 0.506036
v 0.497220 0.502167 0.504555
v 0.504620 0.499764 0.507182
v 0.498960 0.497093 0.507402
v 0.499782 0.501316 0.505327
v 0.497815 0.502772 0.506674
v 0.500701 0.503320 0.505504
v 0.496380 0.499769 0.508452
v 0.498643 0.503302 0.506373
v 0.497365 0.499074 0.505358
v 0.499828 0.505415 0.511539
v 0.497923 0.499103 0.507453
v 0.501391 0.505079 0.506036
v 0.498897 0.502221 0.506957
v 0.498474 0.500824 0.507197
v 0.498730 0.501282 0.507728
v 0.499099 0.504352 0.507422
v 0.498826 0.500604 0.504568
