
v  -1.3143 15.0686 -1.6458
v  -1.4575 15.1137 -1.5916
v  -1.3688 15.2156 -1.6669
v  -1.2726 15.1795 -1.6948
v  -1.3174 15.2749 -1.7054
v  -1.2444 15.2717 -1.7287
v  -1.4216 15.2928 -1.6688
v  -1.3357 15.3383 -1.7143
v  -1.4552 15.3808 -1.6810
v  -1.3563 15.4239 -1.7266
v  -1.4795 15.4726 -1.6963
v  -1.3765 15.5177 -1.7395
v  -1.2430 15.3610 -1.7484
v  -1.2527 15.4569 -1.7631
v  -1.1413 15.4855 -1.7934
v  -1.2678 15.5576 -1.7749
v  -1.1531 15.5951 -1.8040
v  -1.2865 15.6606 -1.7833
v  -1.1706 15.7067 -1.8097
v  -1.3089 15.7632 -1.7869
v  -1.1937 15.8188 -1.8093
v  -1.3359 15.8628 -1.7841
v  -1.2229 15.9295 -1.8015
v  -1.0730 15.8763 -1.8264
v  -1.0497 15.7536 -1.8306
v  -1.1032 15.9986 -1.8132
v  -1.4398 15.7992 -1.7614
v  -1.4683 15.8806 -1.7558
v  -1.3694 15.9569 -1.7735
v  -1.4170 15.7091 -1.7590
v  -1.2595 16.0366 -1.7852
v  -1.3964 15.6140 -1.7509
v  -1.4989 15.5654 -1.7114
v  -1.5151 15.6564 -1.7244
v  -1.0328 15.6323 -1.8275
v  -1.0225 15.5130 -1.8183
v  -0.8960 15.4126 -1.8217
v  -1.0193 15.3957 -1.8040
v  -0.8990 15.5393 -1.8359
v  -1.1364 15.3785 -1.7784
v  -1.0240 15.2784 -1.7837
v  -1.1414 15.2729 -1.7575
v  -0.9002 15.2863 -1.8014
v  -0.9088 15.6680 -1.8447
v  -0.7844 15.6998 -1.8514
v  -0.7755 15.5626 -1.8415
v  -0.7727 15.4280 -1.8264
v  -1.1592 15.1638 -1.7283
v  -1.0540 15.0343 -1.7230
v  -1.1837 15.0454 -1.6907
v  -1.0367 15.1587 -1.7567
v  -0.9252 15.0296 -1.7427
v  -0.9107 15.1590 -1.7749
v  -1.2035 14.9172 -1.6481
v  -1.3371 14.9358 -1.5973
v  -1.0713 14.9050 -1.6837
v  -1.5797 15.4257 -1.6452
v  -1.5550 15.3324 -1.6248
v  -1.5186 15.2338 -1.6058
v  -1.6538 15.2911 -1.5600
v  -1.6280 15.1946 -1.5313
v  -1.7451 15.2602 -1.4911
v  -1.7275 15.1700 -1.4546
v  -1.8140 15.1597 -1.3777
v  -1.8251 15.2420 -1.4221
v  -1.8856 15.1656 -1.3023
v  -1.8912 15.2402 -1.3570
v  -1.8796 15.0843 -1.2453
v  -1.9421 15.1078 -1.1611
v  -1.9435 15.1866 -1.2302
v  -1.8036 15.0718 -1.3294
v  -1.9440 15.2571 -1.2981
v  -1.8359 15.3189 -1.4595
v  -1.7619 15.3472 -1.5228
v  -1.8934 15.3076 -1.4046
v  -1.7116 15.0727 -1.4138
v  -1.7036 14.9666 -1.3677
v  -1.7966 14.9764 -1.2794
v  -1.6007 15.0864 -1.4988
v  -1.5944 14.9631 -1.4526
v  -1.6749 15.3832 -1.5864
v  -1.6902 15.4767 -1.6107
v  -1.5964 15.5187 -1.6650
v  -1.7781 15.4370 -1.5482
v  -1.6956 15.5766 -1.6348
v  -1.6059 15.6112 -1.6840
v  -1.7966 15.5458 -1.5685
v  -1.4689 14.9588 -1.5327
v  -1.4772 14.8209 -1.4829
v  -1.5948 14.8368 -1.4049
v  -1.4849 14.6872 -1.4367
v  -1.5979 14.7089 -1.3566
v  -1.3611 14.6682 -1.5018
v  -1.3685 14.5350 -1.4502
v  -1.4905 14.5552 -1.3867
v  -1.3514 14.8015 -1.5508
v  -1.2311 14.6520 -1.5540
v  -1.2188 14.7852 -1.6023
v  -1.1008 14.6392 -1.5922
v  -1.0871 14.7727 -1.6404
v  -1.2406 14.5183 -1.5012
v  -1.1122 14.5056 -1.5366
v  -0.9956 14.3625 -1.4945
v  -1.1207 14.3718 -1.4752
v  -0.9853 14.4967 -1.5565
v  -0.8733 14.3568 -1.5002
v  -0.8617 14.4910 -1.5623
v  -0.9724 14.6306 -1.6123
v  -0.8477 14.6254 -1.6180
v  -1.2470 14.3848 -1.4414
v  -1.1262 14.2366 -1.4092
v  -1.2503 14.2496 -1.3770
v  -1.0029 14.2275 -1.4278
v  -1.3724 14.4017 -1.3929
v  -1.3730 14.2669 -1.3309
v  -1.4912 14.2888 -1.2695
v  -1.4924 14.4230 -1.3298
v  -1.6009 14.5806 -1.3052
v  -1.6024 14.4485 -1.2534
v  -1.5994 14.3153 -1.1942
v  -1.3706 14.1289 -1.2661
v  -1.4851 14.1517 -1.2060
v  -1.2508 14.1114 -1.3114
v  -0.9414 14.8978 -1.7051
v  -0.9574 14.7644 -1.6622
v  -0.8318 14.7599 -1.6680
v  -0.7117 14.7584 -1.6607
v  -0.8152 14.8943 -1.7120
v  -0.6947 14.8938 -1.7051
v  -0.7994 15.0285 -1.7487
v  -0.6783 15.0297 -1.7434
v  -0.6148 14.6243 -1.5925
v  -0.7281 14.6234 -1.6105
v  -0.5984 14.7597 -1.6427
v  -0.5813 14.8957 -1.6877
v  -1.7006 14.6064 -1.2194
v  -1.7003 14.7319 -1.2707
v  -1.7001 14.4776 -1.1655
v  -1.7850 14.5081 -1.0724
v  -1.7883 14.6355 -1.1270
v  -1.7905 14.7580 -1.1789
v  -1.8669 14.7863 -1.0830
v  -1.8624 14.6674 -1.0298
v  -1.9222 14.7005 -0.9301
v  -1.8564 14.5416 -0.9744
v  -1.9133 14.5780 -0.8736
v  -1.8474 14.4119 -0.9156
v  -1.9007 14.4503 -0.8138
v  -1.8303 14.2811 -0.8515
v  -1.8799 14.3214 -0.7490
v  -1.7658 14.2447 -0.9515
v  -1.7785 14.3775 -1.0140
v  -1.9549 14.6169 -0.7722
v  -1.9675 14.7348 -0.8296
v  -1.9386 14.4936 -0.7116
v  -1.9290 14.8154 -0.9849
v  -1.9861 14.9500 -0.9415
v  -1.9345 14.9215 -1.0401
v  -1.9778 14.8458 -0.8853
v  -2.0133 14.8777 -0.7844
v  -1.9984 14.7707 -0.7295
v  -2.0257 14.9797 -0.8387
v  -1.8706 14.8955 -1.1357
v  -1.9389 15.0189 -1.0980
v  -1.8745 14.9945 -1.1895
v  -1.9926 15.0483 -1.0019
v  -1.7928 14.8723 -1.2293
v  -1.7007 14.8530 -1.3197
v  -1.6953 14.3457 -1.1071
v  -1.6864 14.2105 -1.0464
v  -1.6706 14.0738 -0.9821
v  -1.7471 14.1105 -0.8865
v  -1.7237 13.9769 -0.8185
v  -1.6524 13.9363 -0.9159
v  -1.8063 14.1506 -0.7838
v  -1.7781 14.0212 -0.7137
v  -1.5665 13.8995 -1.0037
v  -1.5527 13.7620 -0.9381
v  -1.6355 13.8007 -0.8482
v  -1.5795 14.0402 -1.0679
v  -1.7020 13.8461 -0.7479
v  -1.5919 14.1792 -1.1321
v  -1.4773 14.0108 -1.1422
v  -2.0337 15.2621 -1.0977
v  -2.0469 15.1891 -0.9663
v  -2.0764 15.2742 -0.9492
v  -2.0626 15.3165 -1.0653
v  -2.0934 15.3313 -0.9395
v  -2.0823 15.3635 -1.0469
v  -2.0508 15.3689 -1.1676
v  -2.0226 15.3262 -1.1991
v  -2.0386 15.4287 -1.2594
v  -2.0110 15.3899 -1.2872
v  -1.9865 15.2877 -1.2448
v  -1.9780 15.3528 -1.3223
v  -1.9922 15.4596 -1.3678
v  -1.9562 15.4220 -1.3952
v  -1.9383 15.3232 -1.3618
v  -1.9194 15.3865 -1.4212
v  -1.8912 15.3587 -1.4376
v  -1.8488 15.3891 -1.4842
v  -1.8747 15.4525 -1.4864
v  -1.9175 15.5002 -1.4664
v  -1.8640 15.5960 -1.5366
v  -1.9925 15.2189 -1.1609
v  -1.9965 15.1412 -1.0723
v  -2.0361 15.0799 -0.8961
v  -1.9589 15.5415 -1.4420
v  -2.0232 15.4969 -1.3434
v  -1.9949 15.5794 -1.4191
v  -2.0612 15.4652 -1.2388
v  -2.0488 15.5318 -1.3237
v  -2.0718 15.4088 -1.1468
v  -2.0795 15.4971 -1.2242
v  -2.0704 15.5625 -1.3086
v  -2.0257 15.6136 -1.3995
v  -2.0524 15.6434 -1.3840
v  -2.0877 15.4428 -1.1332
v  -2.0953 15.5230 -1.2143
v  -2.0895 15.5880 -1.2978
v  -2.1004 15.4696 -1.1248
v  -1.9148 15.6376 -1.5097
v  -1.9568 15.6751 -1.4863
v  -1.9086 15.7841 -1.5434
v  -1.9929 15.7085 -1.4665
v  -1.9499 15.8165 -1.5236
v  -2.0251 15.7373 -1.4506
v  -1.9880 15.8440 -1.5077
v  -1.8042 15.8683 -1.6127
v  -1.8625 15.7484 -1.5671
v  -1.8535 15.9044 -1.5893
v  -1.9000 15.9364 -1.5696
v  -1.8099 15.7120 -1.5945
v  -1.7517 15.8309 -1.6389
v  -1.6966 15.7970 -1.6669
v  -1.7480 15.6817 -1.6266
v  -1.6428 15.7737 -1.6944
v  -1.6331 15.9062 -1.6974
v  -1.5856 15.8604 -1.7197
v  -1.6853 15.9514 -1.6718
v  -1.6760 15.6809 -1.6670
v  -2.0957 15.4009 -1.0360
v  -2.1055 15.4289 -1.0296
v  -2.1138 15.4475 -1.0265
v  -2.1119 15.4884 -1.1202
v  -2.1211 15.4282 -0.9285
v  -2.1221 15.4568 -1.0259
v  -2.1157 15.4201 -0.9286
v  -2.1197 15.4138 -0.8280
v  -2.1165 15.4069 -0.8276
v  -2.1276 15.4263 -0.9299
v  -2.1315 15.4566 -1.0277
v  -2.1236 15.4988 -1.1191
v  -2.1364 15.5006 -1.1214
v  -2.1359 15.4148 -0.9325
v  -2.1424 15.4472 -1.0317
v  -2.1244 15.4102 -0.8288
v  -2.1313 15.3968 -0.8302
v  -2.1104 15.4017 -0.9301
v  -2.1137 15.3889 -0.8276
v  -2.1149 15.4075 -0.7246
v  -2.1135 15.3903 -0.7236
v  -2.1099 15.3596 -0.8279
v  -2.1118 15.3614 -0.7219
v  -2.1037 15.3725 -0.9335
v  -2.1171 15.4132 -0.7251
v  -2.1213 15.4081 -0.7254
v  -2.1130 15.4256 -0.6207
v  -2.1182 15.4190 -0.6204
v  -2.1101 15.4208 -0.6203
v  -2.1035 15.3179 -0.8280
v  -2.1083 15.3206 -0.7184
v  -2.1054 15.3359 -0.6125
v  -2.1075 15.3756 -0.6171
v  -2.0942 15.3597 -0.5109
v  -2.0963 15.3991 -0.5140
v  -2.1086 15.4041 -0.6192
v  -2.0986 15.4280 -0.5147
v  -2.0757 15.3880 -0.4138
v  -2.0792 15.4283 -0.4127
v  -2.0905 15.3104 -0.5034
v  -2.0718 15.3398 -0.4098
v  -2.1010 15.2848 -0.6037
v  -2.1019 15.2672 -0.7109
v  -2.0922 15.2007 -0.6954
v  -2.0936 15.2228 -0.5881
v  -2.0929 15.2617 -0.8261
v  -2.0779 15.1881 -0.8164
v  -2.0656 15.1001 -0.7778
v  -2.0805 15.1228 -0.6665
v  -2.0524 15.0076 -0.7323
v  -2.0659 15.0375 -0.6290
v  -2.0825 15.1510 -0.5638
v  -2.0672 15.0713 -0.5315
v  -2.0583 15.1094 -0.4412
v  -2.0736 15.1841 -0.4693
v  -2.0415 15.1502 -0.3586
v  -2.0561 15.2202 -0.3829
v  -2.0198 15.1910 -0.2849
v  -2.0330 15.2555 -0.3051
v  -2.0076 15.2856 -0.2366
v  -2.0147 15.3397 -0.2440
v  -2.0416 15.3147 -0.3176
v  -2.0658 15.2837 -0.3997
v  -2.0840 15.2516 -0.4899
v  -2.0473 15.3682 -0.3233
v  -2.0520 15.4158 -0.3222
v  -2.0201 15.3902 -0.2448
v  -2.0257 15.4372 -0.2384
v  -1.9926 15.4010 -0.1746
v  -1.9997 15.4462 -0.1666
v  -1.9876 15.3534 -0.1789
v  -2.0332 15.4829 -0.2203
v  -2.0576 15.4585 -0.3136
v  -1.9828 15.3051 -0.1781
v  -1.9604 15.3077 -0.1292
v  -1.9617 15.3510 -0.1202
v  -1.9358 15.3283 -0.0645
v  -1.9383 15.2843 -0.0843
v  -1.9603 15.2736 -0.1352
v  -1.9455 15.2440 -0.1079
v  -1.9753 15.2573 -0.1694
v  -1.9966 15.2281 -0.2211
v  -1.9601 15.2075 -0.1449
v  -1.9796 15.1668 -0.1949
v  -2.0011 15.1218 -0.2560
v  -2.0215 15.0749 -0.3266
v  -2.0377 15.0289 -0.4057
v  -2.0119 14.9444 -0.3632
v  -1.9960 14.9959 -0.2868
v  -1.9815 14.8575 -0.3138
v  -1.9656 14.9145 -0.2395
v  -1.9474 14.9726 -0.1726
v  -1.9768 15.0486 -0.2184
v  -1.9286 15.0301 -0.1136
v  -1.9567 15.1004 -0.1587
v  -1.9137 14.8950 -0.1196
v  -1.9312 14.8318 -0.1854
v  -1.8768 14.8165 -0.0603
v  -1.8937 14.7484 -0.1253
v  -1.9471 14.7692 -0.2582
v  -1.9096 14.6800 -0.1969
v  -2.0223 14.8957 -0.4467
v  -1.9930 14.8028 -0.3950
v  -2.0247 14.8506 -0.5365
v  -1.9981 14.7513 -0.4825
v  -2.0471 14.9857 -0.4923
v  -2.0473 14.9463 -0.5854
v  -2.0365 14.9107 -0.6834
v  -2.0172 14.8091 -0.6313
v  -1.9947 14.7033 -0.5752
v  -1.9679 14.6497 -0.4234
v  -1.9692 14.5941 -0.5148
v  -1.9342 14.5464 -0.3594
v  -1.9393 14.4825 -0.4499
v  -1.9599 14.7083 -0.3376
v  -1.9235 14.6125 -0.2750
v  -1.8962 14.4421 -0.2910
v  -1.9017 14.3706 -0.3806
v  -1.8585 14.2619 -0.3073
v  -1.8970 14.3040 -0.4759
v  -1.8543 14.1916 -0.4013
v  -1.9338 14.4223 -0.5459
v  -1.8549 14.3373 -0.2190
v  -1.9609 14.5419 -0.6113
v  -1.9145 14.3681 -0.6463
v  -1.9813 14.6586 -0.6723
v  -1.2201 16.5849 -1.6375
v  -1.0962 16.7561 -1.5813
v  -1.0001 16.5709 -1.6721
v  -1.1322 16.4611 -1.6971
v  -0.9363 16.4151 -1.7349
v  -1.0672 16.3303 -1.7480
v  -0.8888 16.2687 -1.7819
v  -1.0175 16.1982 -1.7883
v  -1.2505 16.3451 -1.7179
v  -1.1900 16.2350 -1.7577
v  -1.3256 16.4432 -1.6739
v  -1.4146 16.5181 -1.6330
v  -1.3373 16.6646 -1.5869
v  -1.3599 16.2317 -1.7289
v  -1.4248 16.3145 -1.6943
v  -1.4617 16.1234 -1.7294
v  -1.5195 16.1940 -1.7006
v  -1.5827 16.2540 -1.6718
v  -1.4980 16.3821 -1.6607
v  -1.6491 16.3025 -1.6459
v  -1.5753 16.4342 -1.6315
v  -1.7171 16.3397 -1.6252
v  -1.6546 16.4723 -1.6090
v  -1.7233 16.1685 -1.6429
v  -1.7823 16.2033 -1.6230
v  -1.6649 16.1252 -1.6668
v  -1.5075 16.5718 -1.5991
v  -1.6079 16.0739 -1.6930
v  -1.7388 15.9945 -1.6463
v  -1.5545 16.0158 -1.7187
v  -1.3048 16.1381 -1.7605
v  -1.4113 16.0440 -1.7546
v  -1.5070 15.9517 -1.7408
v  -1.1416 16.1188 -1.7902
v  -0.9785 16.0657 -1.8186
v  -1.4520 16.7155 -1.5477
v  -1.4186 16.8636 -1.4777
v  -1.2765 16.8246 -1.5208
v  -1.5620 16.7468 -1.5201
v  -1.5454 16.8841 -1.4480
v  -1.6009 16.6083 -1.5741
v  -1.6697 16.7641 -1.5043
v  -1.6657 16.8920 -1.4314
v  -1.7772 16.7716 -1.4997
v  -1.7842 16.8918 -1.4271
v  -1.6946 16.6315 -1.5591
v  -1.7892 16.6444 -1.5539
v  -1.4190 17.0107 -1.3919
v  -1.5561 17.0156 -1.3610
v  -1.6856 17.0110 -1.3426
v  -1.2690 16.9946 -1.4324
v  -1.1236 17.1409 -1.3801
v  -1.1011 16.9733 -1.4767
v  -1.2912 17.1459 -1.3373
v  -0.8975 16.8035 -1.5907
v  -0.9244 16.9788 -1.5071
v  -0.7572 16.9794 -1.5321
v  -0.7325 16.8246 -1.6018
v  -0.7746 17.1242 -1.4569
v  -0.9480 17.1372 -1.4199
v  -1.3294 17.2750 -1.2347
v  -1.4467 17.1453 -1.2966
v  -1.4903 17.2623 -1.1935
v  -1.5911 17.1355 -1.2631
v  -1.6407 17.2395 -1.1573
v  -1.1570 17.2819 -1.2775
v  -1.2005 17.4013 -1.1586
v  -1.3750 17.3789 -1.1204
v  -1.5359 17.3520 -1.0806
v  -0.7242 16.1739 -1.8111
v  -0.8512 16.1256 -1.8178
v  -0.7583 16.3231 -1.7731
v  -0.6300 16.3595 -1.7628
v  -0.6008 16.2071 -1.7982
v  -0.7986 16.4756 -1.7254
v  -0.6629 16.5127 -1.7183
v  -0.8461 16.6342 -1.6653
v  -0.6983 16.6678 -1.6646
v  -0.5843 16.8275 -1.6080
v  -0.5601 16.6800 -1.6626
v  -0.4500 16.8170 -1.6017
v  -0.4328 16.6770 -1.6511
v  -0.3315 16.7980 -1.5793
v  -0.3200 16.6644 -1.6252
v  -0.3386 16.9241 -1.5276
v  -0.4615 16.9500 -1.5465
v  -0.6022 16.9696 -1.5476
v  -0.5332 16.5301 -1.7104
v  -0.4127 16.5319 -1.6937
v  -0.5064 16.3785 -1.7506
v  -0.4834 16.2230 -1.7785
v  -0.3928 16.3823 -1.7274
v  -0.3736 16.2307 -1.7529
v  -0.4628 16.0678 -1.7974
v  -0.5774 16.0511 -1.8196
v  -0.6969 16.0237 -1.8372
v  -0.8219 15.9825 -1.8415
v  -0.6771 15.8726 -1.8460
v  -0.7996 15.8401 -1.8530
v  -0.5577 15.8970 -1.8306
v  -0.9483 15.9321 -1.8375
v  -0.4449 15.9138 -1.8084
v  -0.3405 15.9259 -1.7822
v  -0.3559 16.0783 -1.7708
v  -0.2482 15.9344 -1.7505
v  -0.2608 16.0847 -1.7388
v  -0.2752 16.2338 -1.7211
v  -0.4331 15.7614 -1.8102
v  -0.5445 15.7457 -1.8303
v  -0.3265 15.6226 -1.7805
v  -0.4271 15.6113 -1.8041
v  -0.3304 15.7737 -1.7856
v  -0.5371 15.5981 -1.8227
v  -0.2905 16.3809 -1.6965
v  -0.2019 16.3766 -1.6618
v  -0.1905 16.2339 -1.6863
v  -0.3058 16.5249 -1.6645
v  -0.2129 16.5153 -1.6303
v  -0.2227 16.6492 -1.5920
v  -0.1262 16.3715 -1.6297
v  -0.1187 16.2325 -1.6545
v  -0.0604 16.3674 -1.6069
v  -0.0567 16.2309 -1.6319
v  -0.0639 16.4992 -1.5751
v  -0.1333 16.5060 -1.5981
v  -0.1796 16.0882 -1.7041
v  -0.1114 16.0898 -1.6723
v  -0.7748 17.3805 -1.2848
v  -0.7833 17.2576 -1.3740
v  -0.9710 17.2826 -1.3214
v  -0.9921 17.4311 -1.1945
v  -0.6116 17.2250 -1.4084
v  -0.6121 17.1027 -1.4813
v  -0.4656 17.0741 -1.4859
v  -0.3400 17.0413 -1.4707
v  -0.2360 17.0108 -1.4440
v  -0.2349 16.8979 -1.4979
v  -0.3349 17.1482 -1.4099
v  -0.2339 17.1147 -1.3881
v  -0.3220 17.2429 -1.3479
v  -0.4604 17.1877 -1.4197
v  -0.4441 17.2898 -1.3493
v  -0.5962 17.3359 -1.3316
v  -0.5583 17.4345 -1.2580
v  -0.4119 17.3814 -1.2798
v  -0.5043 17.5280 -1.1901
v  -0.3615 17.4686 -1.2125
v  -0.2967 17.3230 -1.2882
v  -0.2420 17.3903 -1.2281
v  -0.7202 17.4832 -1.2124
v  -0.8795 17.5352 -1.1338
v  -0.2309 17.2062 -1.3345
v  -0.1499 17.0942 -1.3604
v  -0.1485 16.9882 -1.4151
v  -0.1559 17.1955 -1.3068
v  -0.2301 17.2736 -1.2939
v  -0.1775 17.2933 -1.2601
v  -0.0800 17.1958 -1.2794
v  -0.0737 17.0840 -1.3371
v  -0.0992 17.3193 -1.2210
v  -0.0717 16.9747 -1.3927
v  0.0000 16.9701 -1.3842
v  -0.0000 16.8584 -1.4367
v  -0.0705 16.8631 -1.4451
v  0.0000 17.0808 -1.3280
v  -0.1470 16.8767 -1.4676
v  -0.1440 16.7591 -1.5163
v  -0.2303 16.7771 -1.5476
v  -0.1394 16.6354 -1.5601
v  -0.0690 16.7471 -1.4934
v  -0.0668 16.6258 -1.5370
v  -0.0000 16.7428 -1.4850
v  -0.0000 16.6224 -1.5286
v  -0.9937 17.5951 -1.0194
v  -1.1159 17.5283 -1.0394
v  -1.2686 17.4839 -1.0225
v  -1.3243 17.5318 -0.8840
v  -1.1901 17.5807 -0.8991
v  -1.1148 17.6600 -0.7711
v  -1.0685 17.6376 -0.8950
v  -1.2352 17.6051 -0.7664
v  -0.8859 17.6663 -0.9840
v  -0.7845 17.6217 -1.0789
v  -0.6960 17.7079 -1.0241
v  -0.5786 17.6691 -1.0872
v  -0.6515 17.5760 -1.1476
v  -0.4428 17.6249 -1.1274
v  -0.5110 17.7677 -1.0317
v  -0.3872 17.7307 -1.0703
v  -0.2238 17.8055 -1.0293
v  -0.2550 17.6846 -1.0834
v  -0.3429 17.8418 -1.0180
v  -0.2994 17.5651 -1.1464
v  -0.1498 17.4751 -1.1577
v  -0.1246 17.6353 -1.0772
v  -0.1086 17.7714 -1.0203
v  -0.3109 17.9589 -0.9703
v  -0.2035 17.9306 -0.9820
v  -0.0993 17.9057 -0.9763
v  -0.4552 17.8728 -0.9814
v  -0.5531 17.8999 -0.9240
v  -0.6173 17.7999 -0.9715
v  -0.7027 17.8290 -0.8942
v  -0.6339 17.9244 -0.8513
v  -0.7878 17.7433 -0.9402
v  -0.4136 17.9846 -0.9366
v  -0.5051 18.0078 -0.8834
v  -0.9564 17.7002 -0.8746
v  -0.8548 17.7707 -0.8425
v  -0.7677 17.8521 -0.8048
v  -0.9000 17.7866 -0.7393
v  -0.8133 17.8661 -0.7089
v  -1.0020 17.7192 -0.7615
v  -0.9249 17.7879 -0.6366
v  -1.0262 17.7204 -0.6513
v  -1.1386 17.6616 -0.6531
v  -0.8393 17.8682 -0.6115
v  -0.8465 17.8565 -0.5173
v  -0.7766 17.9492 -0.4880
v  -0.7694 17.9593 -0.5811
v  -0.9313 17.7732 -0.5391
v  -0.7432 17.9569 -0.6759
v  -0.6975 17.9443 -0.7673
v  -0.5822 18.0286 -0.8145
v  -0.6436 18.0455 -0.7337
v  -0.6882 18.0563 -0.6445
v  -1.2579 17.6052 -0.6422
v  -1.1431 17.6404 -0.5446
v  -1.2605 17.5802 -0.5291
v  -1.1320 17.6014 -0.4481
v  -1.2461 17.5350 -0.4292
v  -1.0316 17.7024 -0.5486
v  -0.9242 17.7459 -0.4492
v  -1.0226 17.6696 -0.4557
v  -1.0025 17.6298 -0.3716
v  -0.9075 17.7109 -0.3659
v  -0.8263 17.7997 -0.3464
v  -0.8405 17.8327 -0.4292
v  -0.7720 17.9275 -0.4004
v  -0.7609 17.8965 -0.3168
v  -0.8045 17.7586 -0.2657
v  -0.8815 17.6708 -0.2874
v  -0.8442 17.6249 -0.2122
v  -0.7726 17.7060 -0.1859
v  -0.9270 17.5448 -0.2223
v  -0.9713 17.5880 -0.2943
v  -1.1076 17.5544 -0.3630
v  -1.2161 17.4809 -0.3424
v  -1.3593 17.4677 -0.4023
v  -1.3222 17.4089 -0.3125
v  -1.3796 17.5181 -0.5053
v  -1.0698 17.5079 -0.2868
v  -1.1706 17.4288 -0.2664
v  -1.3813 17.5485 -0.6215
v  -1.5055 17.4896 -0.5953
v  -1.4959 17.4530 -0.4774
v  -1.4677 17.3997 -0.3714
v  -1.4236 17.3409 -0.2772
v  -1.5710 17.3327 -0.3395
v  -1.5206 17.2777 -0.2405
v  -1.6721 17.2680 -0.3060
v  -1.6154 17.2166 -0.2044
v  -1.7155 17.3183 -0.4165
v  -1.6071 17.3854 -0.4482
v  -1.3635 17.2873 -0.1934
v  -1.2688 17.3537 -0.2340
v  -1.1986 17.3096 -0.1637
v  -1.1087 17.3843 -0.1982
v  -1.2866 17.2463 -0.1181
v  -1.4548 17.2285 -0.1510
v  -1.5433 17.1703 -0.1118
v  -1.3709 17.1921 -0.0711
v  -1.4523 17.1353 -0.0297
v  -1.6267 17.4265 -0.5667
v  -1.6260 17.4461 -0.6944
v  -1.4939 17.5010 -0.7237
v  -1.7449 17.3609 -0.5352
v  -1.7562 17.3865 -0.6619
v  -1.8615 17.2916 -0.5002
v  -1.8253 17.2513 -0.3810
v  -1.8820 17.3186 -0.6266
v  -1.3625 17.5528 -0.7489
v  -1.4645 17.4867 -0.8578
v  -1.6069 17.4406 -0.8264
v  -1.7479 17.3886 -0.7925
v  -1.7241 17.3665 -0.9215
v  -1.5757 17.4103 -0.9569
v  -1.4230 17.4474 -0.9921
v  -2.3522 15.6603 -1.4318
v  -2.3737 15.5762 -1.4269
v  -2.4629 15.6568 -1.4877
v  -2.4457 15.7700 -1.5063
v  -2.4780 15.5665 -1.4898
v  -2.3904 15.4957 -1.4323
v  -2.3004 15.4947 -1.3506
v  -2.3171 15.4240 -1.3583
v  -2.4986 15.4829 -1.5046
v  -2.4099 15.4173 -1.4469
v  -2.5965 15.5439 -1.5411
v  -2.5764 15.6274 -1.5252
v  -2.7007 15.5979 -1.5532
v  -2.6817 15.6793 -1.5380
v  -2.6707 15.7605 -1.5363
v  -2.7864 15.7259 -1.5292
v  -2.7738 15.8073 -1.5310
v  -2.8856 15.7654 -1.4975
v  -2.8702 15.8515 -1.5033
v  -2.9580 15.8879 -1.4510
v  -2.9317 15.9887 -1.4666
v  -2.8496 15.9425 -1.5188
v  -2.8915 16.0950 -1.4826
v  -2.8166 16.0386 -1.5369
v  -2.7669 16.1373 -1.5521
v  -2.8343 16.2032 -1.4955
v  -2.7361 15.9776 -1.5663
v  -2.7598 15.8909 -1.5457
v  -2.6966 16.0652 -1.5843
v  -3.0042 16.0271 -1.3912
v  -2.9582 16.1434 -1.4061
v  -3.0359 15.9153 -1.3757
v  -2.6627 15.8428 -1.5496
v  -2.9758 15.7943 -1.4417
v  -2.9034 15.6815 -1.5056
v  -2.9933 15.7059 -1.4447
v  -2.9285 15.5954 -1.5270
v  -3.0166 15.6193 -1.4622
v  -2.8046 15.6446 -1.5416
v  -2.8317 15.5593 -1.5665
v  -3.0553 15.8129 -1.3632
v  -3.0732 15.7195 -1.3617
v  -2.6265 15.4585 -1.5666
v  -2.7295 15.5127 -1.5796
v  -2.5278 15.3991 -1.5281
v  -2.4371 15.3378 -1.4676
v  -2.7689 15.4203 -1.6110
v  -2.6667 15.3671 -1.5967
v  -2.5669 15.3105 -1.5554
v  -2.7157 15.2674 -1.6261
v  -2.8174 15.3192 -1.6414
v  -2.6146 15.2142 -1.5829
v  -2.8692 15.4670 -1.5974
v  -2.5649 15.7128 -1.5223
v  -2.5607 15.8033 -1.5370
v  -2.5715 15.8911 -1.5665
v  -2.6530 15.9238 -1.5730
v  -2.6294 15.9984 -1.5939
v  -2.5778 15.9541 -1.5883
v  -2.5272 15.9852 -1.5927
v  -2.5771 16.0660 -1.6061
v  -2.6363 16.1513 -1.5968
v  -2.4902 15.8950 -1.5591
v  -2.3354 15.3523 -1.3717
v  -2.2650 15.3598 -1.2694
v  -2.2816 15.2940 -1.2813
v  -2.3592 15.2782 -1.3894
v  -2.3925 15.1998 -1.4082
v  -2.3036 15.2249 -1.2946
v  -2.3328 15.1514 -1.3089
v  -2.2727 15.1820 -1.1892
v  -2.3006 15.1118 -1.1984
v  -2.2504 15.2471 -1.1796
v  -2.2326 15.3076 -1.1702
v  -2.2499 15.4221 -1.2602
v  -2.2171 15.3633 -1.1617
v  -2.2314 15.2086 -1.0725
v  -2.2555 15.1464 -1.0794
v  -2.2124 15.2658 -1.0652
v  -2.2863 15.0785 -1.0851
v  -2.3351 15.0346 -1.2073
v  -2.3244 15.0032 -1.0890
v  -2.3697 14.9186 -1.0919
v  -2.3789 14.9475 -1.2145
v  -2.3247 14.9752 -0.9726
v  -2.3741 14.8913 -0.9739
v  -2.2839 15.0499 -0.9697
v  -2.3712 15.0707 -1.3224
v  -2.2507 15.1172 -0.9656
v  -2.2533 15.0938 -0.8497
v  -2.2900 15.0255 -0.8527
v  -2.2240 15.1784 -0.9606
v  -2.2236 15.1556 -0.8464
v  -2.4736 15.2539 -1.4912
v  -2.4347 15.1138 -1.4265
v  -2.5190 15.1622 -1.5145
v  -2.4852 15.0172 -1.4422
v  -2.5715 15.0608 -1.5351
v  -2.5423 14.9093 -1.4542
v  -2.6296 14.9506 -1.5510
v  -2.6066 14.7938 -1.4619
v  -2.6919 14.8351 -1.5648
v  -2.5394 14.7596 -1.3442
v  -2.4749 14.8747 -1.3410
v  -2.4185 14.9794 -1.3335
v  -2.6688 15.1091 -1.6063
v  -2.7273 14.9974 -1.6267
v  -2.2805 15.5651 -1.3490
v  -2.3141 15.7334 -1.4406
v  -2.2497 15.6368 -1.3543
v  -2.2111 15.5264 -1.2467
v  -2.2329 15.4793 -1.2535
v  -2.1853 15.4527 -1.1460
v  -2.2019 15.4127 -1.1540
v  -2.1549 15.4288 -1.0376
v  -2.1685 15.4009 -1.0444
v  -2.1675 15.4786 -1.1357
v  -2.1577 15.3653 -0.9405
v  -2.1707 15.3283 -0.9452
v  -2.1824 15.3633 -1.0512
v  -2.1966 15.3177 -1.0580
v  -2.1853 15.2842 -0.9501
v  -2.2027 15.2340 -0.9553
v  -2.1516 15.3441 -0.8342
v  -2.1648 15.3063 -0.8369
v  -2.1494 15.3360 -0.7261
v  -2.1640 15.2964 -0.7268
v  -2.1806 15.2619 -0.8398
v  -2.1816 15.2503 -0.7279
v  -2.1683 15.2980 -0.6159
v  -2.1514 15.3402 -0.6169
v  -2.1374 15.3684 -0.7257
v  -2.1374 15.3752 -0.6182
v  -2.1404 15.3745 -0.8320
v  -2.1460 15.3943 -0.9362
v  -2.1510 15.4940 -1.1270
v  -2.1849 15.5461 -1.2299
v  -2.1622 15.5557 -1.2168
v  -2.1733 15.6301 -1.2993
v  -2.2037 15.6311 -1.3178
v  -2.1429 15.5583 -1.2093
v  -2.1489 15.6276 -1.2905
v  -2.1792 15.7136 -1.3695
v  -2.2103 15.7202 -1.3845
v  -2.2451 15.7398 -1.4124
v  -2.2827 15.8055 -1.4639
v  -2.3737 15.8341 -1.5081
v  -2.3210 15.8930 -1.5179
v  -2.4195 15.9392 -1.5607
v  -2.3557 15.9918 -1.5668
v  -2.4606 16.0380 -1.5993
v  -2.3891 16.0963 -1.6055
v  -2.5071 16.1365 -1.6158
v  -2.4273 16.2058 -1.6254
v  -2.5597 16.2347 -1.6059
v  -2.4721 16.3124 -1.6143
v  -2.6154 16.3264 -1.5697
v  -2.5211 16.4097 -1.5763
v  -2.6986 16.2347 -1.5624
v  -2.3155 16.1494 -1.6093
v  -2.3418 16.2672 -1.6291
v  -2.3764 16.3819 -1.6227
v  -2.2939 16.0389 -1.5725
v  -2.2730 15.9395 -1.5272
v  -2.2243 15.9703 -1.5312
v  -2.2322 16.0754 -1.5749
v  -2.2406 16.1926 -1.6111
v  -2.1748 15.9893 -1.5320
v  -2.1709 16.1011 -1.5749
v  -2.2166 15.8784 -1.4840
v  -2.2524 15.8557 -1.4807
v  -2.1774 15.8893 -1.4832
v  -2.2364 15.7983 -1.4439
v  0.1246 17.6353 -1.0772
v  0.2550 17.6846 -1.0834
v  0.2994 17.5651 -1.1464
v  0.1498 17.4751 -1.1577
v  0.3872 17.7307 -1.0703
v  0.2238 17.8055 -1.0293
v  0.3429 17.8418 -1.0180
v  0.2035 17.9306 -0.9820
v  0.3109 17.9589 -0.9703
v  0.0993 17.9057 -0.9763
v  0.1086 17.7714 -1.0204
v  0.0000 17.4707 -1.1389
v  0.0000 17.6202 -1.0667
v  0.0000 17.7578 -1.0113
v  -0.0000 17.8954 -0.9696
v  -0.0000 18.0348 -0.9310
v  0.0939 18.0425 -0.9365
v  -0.0000 18.1738 -0.8933
v  0.0907 18.1795 -0.8995
v  0.0890 18.3156 -0.8714
v  0.1786 18.3249 -0.8785
v  0.1829 18.1928 -0.9045
v  -0.0000 18.3117 -0.8637
v  0.1908 18.0606 -0.9402
v  -0.0939 18.0425 -0.9365
v  -0.0907 18.1795 -0.8995
v  -0.1908 18.0606 -0.9402
v  -0.1829 18.1928 -0.9045
v  0.0000 17.3231 -1.2059
v  0.0992 17.3193 -1.2210
v  0.0000 17.1956 -1.2684
v  0.0801 17.1958 -1.2794
v  0.1559 17.1955 -1.3067
v  0.1499 17.0942 -1.3604
v  0.0737 17.0840 -1.3371
v  0.1775 17.2933 -1.2601
v  0.2420 17.3903 -1.2281
v  0.2967 17.3230 -1.2882
v  0.2301 17.2736 -1.2939
v  0.3615 17.4686 -1.2125
v  0.4119 17.3815 -1.2798
v  0.2895 18.0820 -0.9289
v  0.2759 18.2087 -0.8952
v  0.3658 18.2250 -0.8679
v  0.3849 18.1027 -0.8987
v  0.4136 17.9846 -0.9366
v  0.4553 17.8728 -0.9814
v  0.5110 17.7677 -1.0317
v  0.5531 17.8999 -0.9240
v  0.6173 17.8000 -0.9715
v  0.6339 17.9244 -0.8513
v  0.7027 17.8291 -0.8943
v  0.7677 17.8522 -0.8049
v  0.6975 17.9443 -0.7673
v  0.7878 17.7433 -0.9403
v  0.6960 17.7079 -1.0242
v  0.8548 17.7707 -0.8425
v  0.5051 18.0078 -0.8834
v  0.5821 18.0286 -0.8145
v  0.4712 18.1222 -0.8497
v  0.5442 18.1396 -0.7837
v  0.5786 17.6691 -1.0872
v  0.6515 17.5760 -1.1476
v  0.5043 17.5280 -1.1901
v  0.4428 17.6249 -1.1275
v  0.7845 17.6217 -1.0789
v  0.4473 18.2409 -0.8218
v  0.2680 18.3365 -0.8712
v  0.3538 18.3491 -0.8457
v  0.2658 18.4641 -0.8630
v  0.3499 18.4735 -0.8378
v  0.1778 18.4560 -0.8700
v  0.1806 18.5840 -0.8846
v  0.2695 18.5893 -0.8749
v  0.0889 18.4503 -0.8632
v  0.0904 18.5810 -0.8820
v  0.3544 18.5962 -0.8483
v  0.2795 18.7094 -0.9103
v  0.3677 18.7143 -0.8810
v  0.1874 18.7060 -0.9240
v  0.4315 18.3619 -0.8011
v  0.5160 18.2554 -0.7577
v  0.4973 18.3744 -0.7385
v  0.4260 18.4838 -0.7935
v  0.4918 18.4946 -0.7321
v  0.9710 17.2826 -1.3214
v  0.7833 17.2576 -1.3740
v  0.7748 17.3805 -1.2848
v  0.9921 17.4311 -1.1945
v  0.7746 17.1242 -1.4569
v  0.6121 17.1027 -1.4813
v  0.6116 17.2250 -1.4085
v  0.4656 17.0741 -1.4859
v  0.6022 16.9696 -1.5476
v  0.4615 16.9500 -1.5466
v  0.7325 16.8246 -1.6018
v  0.5843 16.8275 -1.6081
v  0.7572 16.9794 -1.5321
v  0.4500 16.8170 -1.6017
v  0.5601 16.6801 -1.6626
v  0.4328 16.6770 -1.6511
v  0.5332 16.5301 -1.7104
v  0.4127 16.5319 -1.6938
v  0.5064 16.3785 -1.7506
v  0.3928 16.3823 -1.7274
v  0.4834 16.2230 -1.7785
v  0.3736 16.2307 -1.7529
v  0.4627 16.0678 -1.7975
v  0.3558 16.0783 -1.7709
v  0.6008 16.2071 -1.7982
v  0.5774 16.0511 -1.8197
v  0.7242 16.1739 -1.8111
v  0.6969 16.0237 -1.8372
v  0.4449 15.9138 -1.8084
v  0.5577 15.8971 -1.8306
v  0.6771 15.8726 -1.8460
v  0.3404 15.9259 -1.7822
v  0.4330 15.7614 -1.8102
v  0.3304 15.7737 -1.7856
v  0.2482 15.9345 -1.7505
v  0.2607 16.0847 -1.7389
v  0.2398 15.7834 -1.7553
v  0.2752 16.2338 -1.7211
v  0.2905 16.3809 -1.6965
v  0.2018 16.3766 -1.6618
v  0.1905 16.2339 -1.6863
v  0.1795 16.0882 -1.7041
v  0.3058 16.5249 -1.6645
v  0.6300 16.3595 -1.7628
v  0.6629 16.5127 -1.7184
v  0.7986 16.4756 -1.7254
v  0.7583 16.3230 -1.7731
v  0.6983 16.6678 -1.6646
v  0.8462 16.6342 -1.6653
v  0.3199 16.6645 -1.6253
v  0.3315 16.7981 -1.5794
v  0.2129 16.5154 -1.6303
v  0.2227 16.6492 -1.5920
v  0.2303 16.7771 -1.5476
v  0.3386 16.9241 -1.5276
v  0.2349 16.8979 -1.4979
v  0.3400 17.0413 -1.4707
v  0.2359 17.0108 -1.4440
v  0.1440 16.7591 -1.5163
v  0.1394 16.6354 -1.5601
v  0.0668 16.6258 -1.5370
v  0.1332 16.5060 -1.5981
v  0.0638 16.4992 -1.5751
v  0.1261 16.3715 -1.6297
v  0.0604 16.3674 -1.6069
v  -0.0000 16.4967 -1.5667
v  0.0690 16.7471 -1.4934
v  0.9244 16.9788 -1.5071
v  0.8975 16.8035 -1.5908
v  1.1011 16.9733 -1.4767
v  1.0962 16.7561 -1.5814
v  0.9480 17.1372 -1.4199
v  1.1236 17.1409 -1.3802
v  1.2690 16.9946 -1.4324
v  1.2912 17.1459 -1.3373
v  1.2765 16.8246 -1.5208
v  1.4467 17.1454 -1.2966
v  1.4190 17.0107 -1.3919
v  1.3294 17.2751 -1.2347
v  1.4903 17.2624 -1.1936
v  1.1570 17.2819 -1.2775
v  1.0002 16.5709 -1.6722
v  0.9364 16.4151 -1.7350
v  0.8888 16.2686 -1.7820
v  1.0673 16.3303 -1.7484
v  1.0176 16.1982 -1.7887
v  0.8512 16.1256 -1.8179
v  0.9786 16.0656 -1.8190
v  1.1323 16.4611 -1.6973
v  1.2507 16.3450 -1.7184
v  1.1902 16.2349 -1.7583
v  1.3258 16.4432 -1.6743
v  1.2202 16.5849 -1.6377
v  0.4604 17.1877 -1.4197
v  0.3349 17.1482 -1.4099
v  0.2309 17.2061 -1.3345
v  0.3220 17.2429 -1.3479
v  0.2339 17.1147 -1.3881
v  0.4441 17.2898 -1.3493
v  0.5962 17.3359 -1.3316
v  0.5583 17.4345 -1.2581
v  0.7202 17.4832 -1.2124
v  0.8795 17.5352 -1.1338
v  0.1485 16.9882 -1.4151
v  0.0717 16.9747 -1.3927
v  0.1470 16.8767 -1.4676
v  0.0705 16.8631 -1.4451
v  1.2006 17.4013 -1.1586
v  1.3750 17.3789 -1.1204
v  1.5360 17.3520 -1.0806
v  1.4230 17.4474 -0.9921
v  1.5757 17.4104 -0.9569
v  1.6069 17.4406 -0.8264
v  1.7479 17.3886 -0.7925
v  1.7241 17.3665 -0.9215
v  1.8300 17.2709 -1.0138
v  1.6876 17.3168 -1.0440
v  1.8651 17.3110 -0.8882
v  1.9994 17.2487 -0.8572
v  1.9667 17.2197 -0.9897
v  2.0552 17.1285 -1.1054
v  1.9175 17.1658 -1.1151
v  2.1048 17.1737 -0.9715
v  1.9976 17.0619 -1.2280
v  1.8615 17.0911 -1.2314
v  2.1347 17.0276 -1.2264
v  2.1929 17.0867 -1.0977
v  2.0786 16.9536 -1.3409
v  1.9440 16.9813 -1.3387
v  1.8114 17.0012 -1.3374
v  2.3272 17.0346 -1.0901
v  2.2418 17.1241 -0.9560
v  2.3732 17.0619 -0.9421
v  2.2704 16.9848 -1.2245
v  1.7812 17.2046 -1.1314
v  1.6407 17.2395 -1.1573
v  1.5911 17.1355 -1.2631
v  1.7270 17.1179 -1.2410
v  2.1359 17.1943 -0.8303
v  2.0125 17.2565 -0.7223
v  2.1466 17.1968 -0.6886
v  2.2725 17.1391 -0.8072
v  2.4020 17.0692 -0.7875
v  2.2818 17.1354 -0.6587
v  2.4094 17.0578 -0.6332
v  2.0057 17.2464 -0.5894
v  2.1369 17.1833 -0.5512
v  1.8831 17.3259 -0.7575
v  1.8820 17.3186 -0.6266
v  1.9809 17.2211 -0.4618
v  2.1087 17.1556 -0.4209
v  1.8615 17.2916 -0.5002
v  1.7562 17.3865 -0.6619
v  1.7449 17.3609 -0.5352
v  1.6070 17.3854 -0.4482
v  1.7155 17.3183 -0.4165
v  1.6266 17.4265 -0.5668
v  1.5709 17.3326 -0.3395
v  1.6721 17.2679 -0.3061
v  1.8253 17.2513 -0.3810
v  1.7758 17.2038 -0.2702
v  1.4959 17.4530 -0.4774
v  1.5055 17.4895 -0.5953
v  1.6260 17.4461 -0.6944
v  1.4939 17.5010 -0.7237
v  1.4645 17.4867 -0.8578
v  1.3243 17.5318 -0.8840
v  1.3625 17.5528 -0.7489
v  1.2686 17.4840 -1.0225
v  1.1159 17.5283 -1.0394
v  1.1901 17.5807 -0.8991
v  1.2352 17.6051 -0.7664
v  1.2579 17.6052 -0.6422
v  1.3813 17.5485 -0.6215
v  1.2605 17.5801 -0.5291
v  1.3796 17.5180 -0.5053
v  1.3592 17.4677 -0.4023
v  1.4677 17.3996 -0.3715
v  1.3222 17.4088 -0.3126
v  1.4235 17.3406 -0.2773
v  1.5205 17.2775 -0.2406
v  1.3634 17.2869 -0.1937
v  1.4547 17.2282 -0.1513
v  1.6154 17.2165 -0.2044
v  1.5433 17.1702 -0.1119
v  1.2687 17.3534 -0.2342
v  1.1985 17.3093 -0.1639
v  1.1705 17.4287 -0.2665
v  1.1087 17.3842 -0.1983
v  1.2161 17.4809 -0.3425
v  1.2865 17.2458 -0.1184
v  1.2461 17.5350 -0.4292
v  1.1076 17.5544 -0.3630
v  1.1320 17.6013 -0.4481
v  1.1431 17.6404 -0.5446
v  1.0315 17.7024 -0.5486
v  1.0225 17.6695 -0.4557
v  1.0024 17.6297 -0.3716
v  1.1386 17.6616 -0.6531
v  1.1147 17.6600 -0.7711
v  1.0020 17.7192 -0.7615
v  1.0262 17.7204 -0.6513
v  0.9249 17.7878 -0.6366
v  0.9000 17.7865 -0.7393
v  0.8132 17.8661 -0.7089
v  0.8391 17.8681 -0.6115
v  0.7432 17.9569 -0.6759
v  0.7693 17.9593 -0.5812
v  0.9311 17.7730 -0.5392
v  0.8461 17.8562 -0.5174
v  0.9564 17.7002 -0.8747
v  0.8859 17.6663 -0.9841
v  1.0685 17.6376 -0.8951
v  0.9937 17.5951 -1.0194
v  -0.4906 11.9534 -1.1957
v  -0.3417 11.8366 -1.2108
v  -0.5362 11.7701 -1.2821
v  -0.6228 11.8804 -1.2471
v  -0.7079 11.7203 -1.3270
v  -0.7672 11.8240 -1.2816
v  -0.7114 11.9701 -1.2148
v  -0.8294 11.9142 -1.2385
v  -0.6100 12.0392 -1.1783
v  -0.2683 11.9934 -1.1413
v  -0.4085 12.0610 -1.1451
v  -0.2330 12.1336 -1.0999
v  -0.3609 12.1784 -1.1080
v  -0.2158 12.2696 -1.0718
v  -0.3354 12.3008 -1.0824
v  -0.1116 12.1067 -1.0888
v  -0.1257 11.9605 -1.1255
v  0.0000 11.8056 -1.1636
v  -0.1439 11.8108 -1.1735
v  -0.0000 11.9526 -1.1207
v  -0.3055 11.6654 -1.2692
v  -0.1402 11.6650 -1.2247
v  -0.1338 11.5316 -1.2710
v  -0.2847 11.5263 -1.3155
v  0.0000 11.5337 -1.2566
v  -0.0000 11.6646 -1.2104
v  0.1257 11.9606 -1.1256
v  -0.0000 12.0988 -1.0847
v  0.1116 12.1067 -1.0888
v  -0.0000 12.2428 -1.0559
v  0.1038 12.2495 -1.0608
v  -0.1038 12.2495 -1.0607
v  0.2683 11.9935 -1.1414
v  0.3417 11.8367 -1.2109
v  0.1439 11.8109 -1.1735
v  0.2330 12.1336 -1.1000
v  -0.0998 12.3894 -1.0386
v  -0.2077 12.4040 -1.0511
v  -0.0982 12.5278 -1.0212
v  -0.2041 12.5382 -1.0356
v  -0.0975 12.6655 -1.0076
v  -0.2024 12.6726 -1.0238
v  -0.3176 12.5542 -1.0515
v  -0.3148 12.6839 -1.0424
v  -0.3232 12.4266 -1.0644
v  0.0000 12.5244 -1.0150
v  -0.0000 12.3844 -1.0329
v  -0.4609 12.3383 -1.0884
v  -0.4455 12.4542 -1.0742
v  -0.4894 12.2286 -1.1101
v  -0.5369 12.1275 -1.1406
v  -0.6157 12.2765 -1.1038
v  -0.6573 12.1858 -1.1282
v  -0.7397 12.3184 -1.0868
v  -0.7729 12.2334 -1.1069
v  -0.8858 12.2687 -1.0747
v  -0.8617 12.3518 -1.0566
v  -0.9976 12.2907 -1.0291
v  -0.9158 12.1949 -1.0966
v  -1.0161 12.2125 -1.0527
v  -0.8177 12.1592 -1.1301
v  -0.9815 12.3756 -1.0110
v  -0.5888 12.3766 -1.0862
v  -0.7170 12.4120 -1.0724
v  -0.8441 12.4423 -1.0443
v  -0.7170 12.1070 -1.1568
v  -0.7952 12.0425 -1.1832
v  -0.8735 12.0979 -1.1511
v  -0.8884 11.9902 -1.1978
v  -0.9562 11.8634 -1.2398
v  -0.9947 11.9449 -1.1912
v  -1.0859 11.8105 -1.2131
v  -1.1087 11.8981 -1.1584
v  -1.2124 11.7495 -1.1551
v  -1.2241 11.8443 -1.0979
v  -1.1968 11.6509 -1.2153
v  -1.0587 11.7166 -1.2704
v  -1.0295 11.6166 -1.3281
v  -1.1770 11.5489 -1.2759
v  -0.9994 11.5111 -1.3837
v  -1.1526 11.4437 -1.3348
v  -0.9677 11.4008 -1.4354
v  -1.1230 11.3351 -1.3905
v  -0.8343 11.5638 -1.3956
v  -0.8000 11.4501 -1.4436
v  -1.0866 11.2231 -1.4410
v  -0.9323 11.2865 -1.4803
v  -0.7657 11.3325 -1.4845
v  -1.2895 11.3599 -1.2503
v  -1.3101 11.4666 -1.1884
v  -1.2610 11.2519 -1.3112
v  -0.8719 11.6720 -1.3439
v  -0.9139 11.7723 -1.2915
v  -0.6623 11.6051 -1.3742
v  -1.3302 11.6777 -1.0668
v  -1.3234 11.5725 -1.1269
v  -1.4353 11.4813 -1.0088
v  -1.4363 11.5957 -0.9523
v  -1.5332 11.5084 -0.8200
v  -1.5377 11.3811 -0.8704
v  -1.4259 11.3694 -1.0709
v  -1.5289 11.2612 -0.9349
v  -1.4318 11.7094 -0.9009
v  -1.3323 11.7809 -1.0104
v  -1.1247 11.9799 -1.1087
v  -1.2295 11.9358 -1.0451
v  -1.2298 12.0243 -0.9969
v  -1.1316 12.0571 -1.0643
v  -1.0332 12.1419 -1.0799
v  -1.0412 12.0788 -1.1099
v  -1.1280 12.1341 -1.0263
v  -1.1187 12.2146 -0.9939
v  -0.9484 12.1331 -1.1182
v  -0.9756 12.0897 -1.1332
v  -1.1081 12.2997 -0.9676
v  -1.2205 12.2030 -0.9185
v  -1.2151 12.2964 -0.8892
v  -1.2261 12.1127 -0.9545
v  -1.3259 11.9806 -0.9094
v  -1.3209 12.0792 -0.8654
v  -1.3309 11.8819 -0.9581
v  -1.0249 12.0163 -1.1472
v  -0.9395 12.0507 -1.1611
v  -0.4863 11.6392 -1.3282
v  -0.4529 11.5107 -1.3714
v  -0.6264 11.4857 -1.4189
v  -0.5939 11.3642 -1.4567
v  -0.4255 11.3849 -1.4075
v  -0.5602 11.2402 -1.4830
v  -0.3994 11.2599 -1.4334
v  -0.2676 11.3977 -1.3520
v  -0.2510 11.2729 -1.3800
v  -0.1270 11.4053 -1.3098
v  -0.1196 11.2814 -1.3414
v  0.0000 11.2853 -1.3310
v  0.0000 11.4090 -1.2983
v  0.1271 11.4053 -1.3098
v  0.1196 11.2814 -1.3414
v  0.2677 11.3978 -1.3521
v  0.2511 11.2729 -1.3801
v  0.3995 11.2600 -1.4335
v  0.4255 11.3850 -1.4076
v  0.2847 11.5263 -1.3156
v  0.4529 11.5107 -1.3715
v  0.1338 11.5316 -1.2711
v  0.1119 11.1575 -1.3663
v  0.0000 11.1608 -1.3555
v  0.1029 11.0332 -1.3828
v  0.0000 11.0365 -1.3723
v  0.2336 11.1485 -1.4004
v  0.2138 11.0237 -1.4129
v  -0.1118 11.1575 -1.3662
v  -0.3709 11.1348 -1.4491
v  -0.2335 11.1485 -1.4004
v  -0.2138 11.0236 -1.4129
v  -0.3386 11.0086 -1.4559
v  -0.3034 10.8814 -1.4525
v  -0.1919 10.8983 -1.4153
v  -0.1690 10.7733 -1.4045
v  -0.2670 10.7544 -1.4365
v  -0.0925 10.9087 -1.3887
v  -0.0816 10.7846 -1.3811
v  -0.1028 11.0332 -1.3828
v  -0.4771 10.9864 -1.5001
v  -0.5218 11.1141 -1.4975
v  -0.4275 10.8571 -1.4915
v  -0.7264 11.2103 -1.5132
v  -0.8339 11.0406 -1.5351
v  -0.8889 11.1666 -1.5143
v  -0.6790 11.0839 -1.5293
v  -0.7678 10.9103 -1.5425
v  -0.6230 10.9545 -1.5324
v  -0.9781 10.9813 -1.5119
v  -1.0397 11.1058 -1.4828
v  -1.1052 10.9052 -1.4626
v  -1.1727 11.0271 -1.4218
v  -0.9033 10.8516 -1.5275
v  -1.0236 10.7780 -1.4897
v  -0.6930 10.7776 -1.5355
v  -0.5600 10.8233 -1.5219
v  -0.6145 10.6457 -1.5116
v  -0.4945 10.6920 -1.4971
v  -0.3766 10.7277 -1.4698
v  -0.4204 13.0981 -1.0560
v  -0.5617 13.1270 -1.0812
v  -0.4962 13.2444 -1.0816
v  -0.3943 13.2259 -1.0582
v  -0.4730 13.3533 -1.0888
v  -0.3770 13.3485 -1.0655
v  -0.3015 13.0850 -1.0303
v  -0.2890 13.2169 -1.0329
v  -0.3088 12.9499 -1.0315
v  -0.4295 12.9601 -1.0543
v  -0.5616 12.9714 -1.0719
v  -0.6937 12.8456 -1.0683
v  -0.6981 12.9675 -1.0757
v  -0.5612 12.8379 -1.0682
v  -0.7087 13.0943 -1.0873
v  -0.6262 13.2363 -1.1020
v  -0.7363 13.2094 -1.1045
v  -0.6494 13.3391 -1.1192
v  -0.7553 13.3213 -1.1238
v  -0.5598 13.2774 -1.0975
v  -0.5596 13.3566 -1.1075
v  -0.8560 13.1951 -1.0950
v  -0.8698 13.3092 -1.1168
v  -0.9769 13.1907 -1.0690
v  -0.9873 13.3044 -1.0948
v  -0.9666 13.0799 -1.0471
v  -0.8406 13.0816 -1.0765
v  -0.7665 13.4372 -1.1463
v  -0.6591 13.4504 -1.1391
v  -0.8799 13.4273 -1.1424
v  -0.7727 13.5590 -1.1739
v  -0.6634 13.5700 -1.1647
v  -0.8864 13.5509 -1.1728
v  -0.8308 12.9665 -1.0621
v  -0.9549 12.8644 -1.0143
v  -0.9591 12.9710 -1.0289
v  -0.8257 12.8537 -1.0513
v  -0.9536 12.7606 -1.0033
v  -0.8241 12.7448 -1.0434
v  -0.9553 12.6594 -0.9961
v  -0.8262 12.6398 -1.0389
v  -0.6927 12.7295 -1.0641
v  -0.6953 12.6186 -1.0627
v  -1.0789 12.7770 -0.9426
v  -1.0794 12.8781 -0.9567
v  -1.0823 12.9810 -0.9752
v  -0.5619 12.7142 -1.0678
v  -0.5650 12.5964 -1.0699
v  -0.7028 12.5125 -1.0645
v  -0.5730 12.4838 -1.0756
v  -0.4383 12.5743 -1.0646
v  -0.4350 12.6984 -1.0587
v  -0.8325 12.5386 -1.0383
v  -0.4329 12.8267 -1.0552
v  -0.3125 12.8158 -1.0357
v  -0.2008 12.8076 -1.0146
v  -0.1982 12.9433 -1.0084
v  -0.0969 12.8028 -0.9968
v  -0.0958 12.9400 -0.9895
v  -0.1938 13.0791 -1.0063
v  -0.0939 13.0770 -0.9873
v  -0.1876 13.2135 -1.0097
v  -0.0914 13.2130 -0.9919
v  -0.1821 13.3464 -1.0200
v  -0.0893 13.3475 -1.0045
v  -0.1784 13.4780 -1.0383
v  -0.0879 13.4806 -1.0246
v  -0.1763 13.6087 -1.0646
v  -0.0873 13.6122 -1.0525
v  -0.2718 13.4749 -1.0576
v  -0.2681 13.6037 -1.0822
v  -0.3626 13.5976 -1.1037
v  -0.3675 13.4719 -1.0804
v  -0.2786 13.3463 -1.0414
v  -0.1753 13.7387 -1.0990
v  -0.0870 13.7425 -1.0886
v  -0.2661 13.7329 -1.1152
v  -0.0000 13.4817 -1.0195
v  -0.0000 13.3484 -0.9972
v  0.0879 13.4806 -1.0246
v  0.0893 13.3475 -1.0046
v  0.1821 13.3464 -1.0201
v  0.1876 13.2135 -1.0097
v  0.0914 13.2130 -0.9919
v  0.1784 13.4779 -1.0383
v  -0.0000 13.2133 -0.9833
v  0.0873 13.6122 -1.0525
v  -0.0000 13.6131 -1.0494
v  -0.0000 13.0767 -0.9781
v  -5.6386 10.4141 -0.8036
v  -5.6804 10.4475 -0.7978
v  -5.6780 10.4211 -0.8838
v  -5.6459 10.3758 -0.8672
v  -5.6221 10.3526 -0.8584
v  -5.6142 10.3892 -0.8107
v  -5.5967 10.3679 -0.8108
v  -5.6024 10.3350 -0.8485
v  -5.6158 10.2755 -0.8776
v  -5.5897 10.2604 -0.8621
v  -5.5822 10.3204 -0.8394
v  -5.5577 10.3071 -0.8345
v  -5.5594 10.2523 -0.8558
v  -5.5893 10.1850 -0.8902
v  -5.5540 10.1822 -0.8864
v  -5.5753 10.0961 -0.9203
v  -5.5369 10.0962 -0.9134
v  -5.5171 10.1834 -0.8943
v  -5.5242 10.2497 -0.8604
v  -5.4879 10.2529 -0.8791
v  -5.4837 10.1898 -0.9182
v  -5.4998 10.1022 -0.9269
v  -5.4730 10.1124 -0.9554
v  -5.4559 10.1237 -0.9918
v  -5.4477 10.0246 -0.9883
v  -5.4325 10.0361 -1.0224
v  -5.4722 10.0129 -0.9614
v  -5.4587 10.2015 -0.9564
v  -5.5063 10.0037 -0.9486
v  -5.5431 9.9978 -0.9504
v  -5.4548 10.2677 -0.9183
v  -5.4433 10.2902 -0.9759
v  -5.4563 10.2169 -1.0040
v  -5.4481 10.3339 -0.8752
v  -5.4975 10.3061 -0.8440
v  -5.4336 10.3649 -0.9494
v  -5.5296 10.3035 -0.8363
v  -5.5322 10.3261 -0.8043
v  -5.5565 10.3326 -0.8075
v  -5.5020 10.3222 -0.8018
v  -5.6253 10.1952 -0.9055
v  -5.6101 10.0975 -0.9378
v  -5.6358 10.2881 -0.8990
v  -5.6552 10.2013 -0.9312
v  -5.6357 10.0994 -0.9671
v  -5.5745 9.9952 -0.9679
v  -5.5937 9.9963 -0.9975
v  -5.6780 10.2077 -0.9655
v  -5.6498 10.1029 -1.0040
v  -5.6809 10.2174 -1.0082
v  -5.6519 10.1089 -1.0444
v  -5.6527 10.3026 -0.9238
v  -5.6676 10.3189 -0.9548
v  -5.5763 10.3497 -0.8095
v  -5.5930 10.3315 -0.7836
v  -5.6178 10.3486 -0.7822
v  -5.6431 10.3652 -0.7767
v  -5.6434 10.3073 -0.7783
v  -5.6738 10.3187 -0.7674
v  -5.6652 10.2547 -0.7769
v  -5.6975 10.2614 -0.7587
v  -5.6832 10.1976 -0.7790
v  -5.7170 10.2020 -0.7577
v  -5.7309 10.2640 -0.7385
v  -5.7079 10.3238 -0.7501
v  -5.7515 10.2048 -0.7364
v  -5.6312 10.2440 -0.7872
v  -5.6469 10.1896 -0.7907
v  -5.6983 10.1391 -0.7815
v  -5.7329 10.1425 -0.7609
v  -5.6612 10.1323 -0.7936
v  -5.6136 10.2930 -0.7831
v  -5.5836 10.2795 -0.7840
v  -5.5970 10.2323 -0.7911
v  -5.5685 10.3156 -0.7849
v  -5.6757 10.3788 -0.7664
v  -5.7217 10.4098 -0.7355
v  -5.7470 10.3275 -0.7171
v  -5.7731 10.3192 -0.6556
v  -5.7668 10.2647 -0.7098
v  -5.7780 10.2564 -0.6574
v  -5.7824 10.3967 -0.6689
v  -5.6930 10.4288 -0.9504
v  -5.6731 10.3296 -0.9991
v  -5.6646 10.4423 -1.0038
v  -5.6528 10.3411 -1.0441
v  -5.6766 10.2274 -1.0536
v  -5.6393 10.1184 -1.0833
v  -5.6445 10.2381 -1.0896
v  -5.6093 10.1306 -1.1111
v  -5.6072 10.3451 -1.0659
v  -5.5978 10.2442 -1.1043
v  -5.6108 10.4455 -1.0296
v  -5.6717 10.5540 -0.9947
v  -5.6006 10.5483 -1.0138
v  -5.6202 10.6587 -0.9605
v  -5.5590 10.6475 -0.9927
v  -5.5576 10.7628 -0.9425
v  -5.5046 10.7496 -0.9799
v  -5.5008 10.8787 -0.9523
v  -5.4458 10.8605 -0.9831
v  -5.4497 10.7290 -1.0009
v  -5.3911 10.8366 -1.0013
v  -5.4976 10.6303 -1.0154
v  -5.4414 10.9994 -0.9609
v  -5.3830 10.9777 -0.9884
v  -5.5526 10.8914 -0.9128
v  -5.4969 11.0160 -0.9253
v  -5.6099 10.7722 -0.9033
v  -5.6787 10.6644 -0.9186
v  -5.7017 10.6529 -0.8517
v  -5.6486 10.7725 -0.8526
v  -5.7245 10.5424 -0.9351
v  -5.7171 10.5312 -0.8604
v  -5.5336 10.5347 -1.0278
v  -5.5526 10.4391 -1.0461
v  -5.4367 10.6041 -1.0123
v  -5.4714 10.5116 -1.0259
v  -5.4964 10.4214 -1.0408
v  -5.4200 10.4803 -0.9947
v  -5.4532 10.3956 -1.0058
v  -5.3837 10.5720 -0.9824
v  -5.5567 10.3430 -1.0748
v  -5.5504 10.2455 -1.1007
v  -5.5060 10.3319 -1.0621
v  -5.5083 10.2407 -1.0800
v  -5.5705 10.1406 -1.1259
v  -5.5636 10.0279 -1.1246
v  -5.5337 10.0395 -1.1445
v  -5.5871 10.0163 -1.0992
v  -5.6012 10.0062 -1.0672
v  -5.5676 9.9101 -1.0906
v  -5.5555 9.9210 -1.1249
v  -5.6023 10.0000 -1.0317
v  -5.5727 9.9011 -1.0543
v  -5.5661 9.8952 -1.0175
v  -5.5239 9.8435 -1.1425
v  -5.5322 9.9336 -1.1518
v  -5.5088 9.8541 -1.1752
v  -5.4999 9.9454 -1.1645
v  -5.4782 9.8672 -1.1949
v  -5.5307 9.8348 -1.1082
v  -5.5146 9.7712 -1.1273
v  -5.5021 9.7800 -1.1556
v  -5.4826 9.7891 -1.1794
v  -5.5280 10.1482 -1.1278
v  -5.4962 10.0496 -1.1487
v  -5.4881 10.1507 -1.1096
v  -5.4625 10.0536 -1.1288
v  -5.4604 10.1457 -1.0753
v  -5.4410 10.0515 -1.0966
v  -5.4336 9.9606 -1.1478
v  -5.4653 9.9553 -1.1650
v  -5.4052 9.8840 -1.1774
v  -5.4404 9.8780 -1.1941
v  -5.4077 9.9616 -1.1204
v  -5.3761 9.8851 -1.1493
v  -5.4263 9.8073 -1.2037
v  -5.4582 9.7980 -1.1986
v  -5.3906 9.8156 -1.1961
v  -5.4747 10.2310 -1.0478
v  -5.4642 10.3137 -1.0283
v  -5.4530 10.1349 -1.0329
v  -5.4307 10.0452 -1.0599
v  -5.7207 10.5238 -0.7919
v  -5.7442 10.5078 -0.7312
v  -5.7049 10.6140 -0.7132
v  -5.7040 10.6324 -0.7820
v  -5.6683 10.7626 -0.7881
v  -5.6128 10.8915 -0.8039
v  -5.5972 10.8980 -0.8661
v  -5.5413 11.0244 -0.8764
v  -5.5708 11.0244 -0.8184
v  -5.5697 11.0107 -0.7526
v  -5.5268 11.1414 -0.7558
v  -5.5134 11.1499 -0.8171
v  -5.5267 11.1288 -0.6884
v  -5.5616 10.9958 -0.6812
v  -5.6070 10.8758 -0.7375
v  -5.6086 10.8656 -0.6641
v  -5.6539 10.7416 -0.7210
v  -5.6680 10.7385 -0.6491
v  -5.5731 10.9914 -0.6007
v  -5.5347 11.1216 -0.6125
v  -5.6169 10.8639 -0.5839
v  -5.4776 11.2702 -0.7461
v  -5.4550 11.2719 -0.8018
v  -5.4217 11.2658 -0.8524
v  -5.4818 11.1481 -0.8720
v  -5.3615 11.3775 -0.8317
v  -5.3181 11.3587 -0.8694
v  -5.3745 11.2493 -0.8914
v  -5.3967 11.3910 -0.7858
v  -5.4359 11.1370 -0.9175
v  -5.4290 11.4016 -0.7376
v  -5.4430 11.4030 -0.6779
v  -5.4881 11.2638 -0.6836
v  -5.7251 10.6122 -0.6460
v  -5.7078 10.6053 -0.5774
v  -5.6657 10.7368 -0.5739
v  -5.7059 10.6154 -0.5148
v  -5.6725 10.7479 -0.4982
v  -5.7226 10.4916 -0.5398
v  -5.7704 10.4901 -0.5877
v  -5.7962 10.4985 -0.6667
v  -5.7539 10.3955 -0.5965
v  -5.7071 10.4043 -0.5478
v  -5.7456 10.5059 -0.4780
v  -5.7098 10.6298 -0.4475
v  -5.7254 10.3970 -0.4857
v  -5.6758 10.7625 -0.4229
v  -5.6556 10.7678 -0.3505
v  -5.5891 10.8878 -0.3491
v  -5.6202 10.8836 -0.4213
v  -5.5733 10.9915 -0.5165
v  -5.6203 10.8701 -0.5002
v  -5.5655 10.9989 -0.4366
v  -5.5358 11.0044 -0.3593
v  -5.6195 10.7708 -0.2865
v  -5.5565 10.8947 -0.2764
v  -5.6698 10.6388 -0.3095
v  -5.7112 10.6403 -0.3737
v  -5.6947 10.2723 -0.5664
v  -5.6601 10.2983 -0.5306
v  -5.6764 10.3385 -0.5412
v  -5.7282 10.3111 -0.5960
v  -5.6487 10.2812 -0.5214
v  -5.6725 10.2460 -0.4955
v  -5.6928 10.2632 -0.4867
v  -5.7014 10.1950 -0.4812
v  -5.7274 10.2053 -0.4597
v  -5.6338 10.2665 -0.5162
v  -5.6504 10.2326 -0.5013
v  -5.6248 10.2214 -0.5025
v  -5.6467 10.1709 -0.5005
v  -5.6753 10.1833 -0.4945
v  -5.6166 10.1593 -0.4998
v  -5.5977 10.2113 -0.5015
v  -5.6368 10.1007 -0.4998
v  -5.6703 10.1130 -0.4965
v  -5.6924 10.0460 -0.4910
v  -5.6571 10.0353 -0.4983
v  -5.6032 10.0892 -0.4946
v  -5.6212 10.0238 -0.4945
v  -5.6771 9.9584 -0.4827
v  -5.6430 9.9485 -0.4812
v  -5.5865 10.0117 -0.4800
v  -5.6140 9.9403 -0.4607
v  -5.5705 10.0775 -0.4820
v  -5.6950 9.8587 -0.4827
v  -5.7325 9.8651 -0.4781
v  -5.7097 9.9664 -0.4700
v  -5.6586 9.8520 -0.4745
v  -5.5860 10.1487 -0.4957
v  -5.5695 10.2027 -0.4975
v  -5.5842 10.2537 -0.5131
v  -5.5568 10.2491 -0.5139
v  -5.6098 10.2610 -0.5131
v  -5.5557 10.1386 -0.4833
v  -5.5417 10.1959 -0.4872
v  -5.7010 10.1242 -0.4826
v  -5.7233 10.0551 -0.4722
v  -5.7446 9.9725 -0.4613
v  -5.7676 9.8703 -0.4632
v  -5.7983 9.8741 -0.4407
v  -5.7811 9.9783 -0.4487
v  -5.7505 10.0613 -0.4472
v  -5.7273 10.1332 -0.4610
v  -5.7784 10.0666 -0.4214
v  -5.7511 10.1396 -0.4329
v  -5.6432 10.2469 -0.5434
v  -5.6160 10.2445 -0.5419
v  -5.5904 10.2436 -0.5482
v  -5.5662 10.2424 -0.5601
v  -5.5423 10.2371 -0.5759
v  -5.5262 10.2494 -0.5209
v  -5.5171 10.2329 -0.6110
v  -5.4909 10.2533 -0.5824
v  -5.4899 10.2327 -0.4903
v  -5.5142 10.1863 -0.4662
v  -5.4472 10.2782 -0.5386
v  -5.5724 10.1941 -0.5694
v  -5.5483 10.1930 -0.5926
v  -5.5809 10.1429 -0.5749
v  -5.5553 10.1413 -0.6006
v  -5.5995 10.1968 -0.5539
v  -5.6110 10.1463 -0.5576
v  -5.6299 10.2013 -0.5471
v  -5.6453 10.1516 -0.5517
v  -5.6235 10.0926 -0.5638
v  -5.6595 10.0984 -0.5599
v  -5.6800 10.1595 -0.5594
v  -5.6950 10.1064 -0.5703
v  -5.6616 10.2076 -0.5507
v  -5.6686 10.2558 -0.5512
v  -5.6926 10.2169 -0.5633
v  -5.7205 10.3028 -0.4688
v  -5.7685 10.3969 -0.4155
v  -5.7670 10.3065 -0.3979
v  -5.7419 10.4013 -0.3164
v  -5.7430 10.3089 -0.3102
v  -5.6788 10.4063 -0.2618
v  -5.6786 10.3068 -0.2602
v  -5.7623 10.5156 -0.4013
v  -5.7233 10.5126 -0.3197
v  -5.6606 10.5165 -0.2642
v  -5.6412 10.6499 -0.2427
v  -5.6021 10.7855 -0.2180
v  -5.6528 10.6721 -0.1718
v  -5.5909 10.8007 -0.1447
v  -5.6692 10.5325 -0.1961
v  -5.6452 10.4193 -0.2086
v  -5.6255 10.3464 -0.2233
v  -5.7618 10.2270 -0.3076
v  -5.7157 10.2189 -0.2667
v  -5.7393 10.1412 -0.2757
v  -5.7749 10.1482 -0.3096
v  -5.8108 10.0736 -0.3489
v  -5.7929 10.0700 -0.3081
v  -5.7909 10.1506 -0.3571
v  -5.7761 10.1465 -0.4010
v  -5.8035 10.0719 -0.3905
v  -5.7781 10.2262 -0.3743
v  -5.7520 10.2186 -0.4262
v  -5.8162 9.9834 -0.4256
v  -5.8378 9.9867 -0.3865
v  -5.8399 9.9880 -0.3395
v  -5.8191 9.9863 -0.2958
v  -5.7825 9.9817 -0.2656
v  -5.7593 10.0637 -0.2777
v  -5.8355 9.8815 -0.3346
v  -5.8158 9.8823 -0.2982
v  -5.8303 9.7646 -0.3262
v  -5.8166 9.7664 -0.2899
v  -5.8393 9.8796 -0.3750
v  -5.8351 9.7628 -0.3638
v  -5.7875 9.8816 -0.2677
v  -5.7526 9.8789 -0.2448
v  -5.7938 9.7675 -0.2572
v  -5.7618 9.7667 -0.2335
v  -5.7399 9.9751 -0.2498
v  -5.7209 10.0566 -0.2539
v  -5.6984 10.1318 -0.2549
v  -5.6705 10.2027 -0.2510
v  -5.7221 10.2286 -0.5855
v  -5.7418 10.1799 -0.5999
v  -5.7513 10.2423 -0.6155
v  -5.7682 10.1885 -0.6286
v  -5.7894 10.1991 -0.6650
v  -5.8024 10.1401 -0.6740
v  -5.7826 10.1320 -0.6400
v  -5.8161 10.0754 -0.6831
v  -5.7942 10.0683 -0.6507
v  -5.8109 9.9926 -0.6537
v  -5.8283 9.9975 -0.6912
v  -5.8111 10.0797 -0.7218
v  -5.8259 10.0020 -0.7342
v  -5.7975 10.1454 -0.7130
v  -5.7835 10.2054 -0.7084
v  -5.8000 10.0046 -0.7691
v  -5.7815 10.0798 -0.7481
v  -5.7621 10.0038 -0.7868
v  -5.7466 10.0780 -0.7667
v  -5.7676 10.1451 -0.7400
v  -5.8121 9.9014 -0.7387
v  -5.8162 9.8985 -0.7000
v  -5.7899 9.9053 -0.7707
v  -5.8025 9.8974 -0.6644
v  -5.7794 9.8962 -0.6360
v  -5.7859 9.9879 -0.6225
v  -5.7513 9.8943 -0.6140
v  -5.7555 9.7890 -0.6538
v  -5.7365 9.7885 -0.6295
v  -5.7717 9.7889 -0.6797
v  -5.7544 9.9826 -0.5994
v  -5.7807 9.7889 -0.7092
v  -5.7684 9.6752 -0.6832
v  -5.7707 9.6765 -0.7159
v  -5.7776 9.7906 -0.7408
v  -5.7660 9.6788 -0.7489
v  -5.7690 10.0616 -0.6224
v  -5.7406 10.0543 -0.5978
v  -5.7278 10.1149 -0.5876
v  -5.7569 10.1238 -0.6115
v  -5.7078 10.0473 -0.5802
v  -5.7187 9.9778 -0.5863
v  -5.7124 10.1691 -0.5756
v  -5.4649 10.2690 -0.6556
v  -5.5026 10.2411 -0.6628
v  -5.5053 10.2492 -0.7178
v  -5.4673 10.2935 -0.7369
v  -5.5287 10.1934 -0.6264
v  -5.5170 10.1972 -0.6700
v  -5.5350 10.1411 -0.6345
v  -5.5245 10.1435 -0.6756
v  -5.5406 10.0928 -0.7210
v  -5.5284 10.1491 -0.7187
v  -5.5359 10.0878 -0.6799
v  -5.5513 10.0337 -0.7236
v  -5.5477 10.0297 -0.6834
v  -5.5669 9.9706 -0.7245
v  -5.5623 9.9664 -0.6870
v  -5.5847 9.9776 -0.7598
v  -5.5693 10.0410 -0.7604
v  -5.5991 10.0507 -0.7878
v  -5.5869 10.1099 -0.7847
v  -5.5580 10.0999 -0.7578
v  -5.6373 10.0611 -0.7967
v  -5.6234 10.1216 -0.7955
v  -5.6485 9.9926 -0.8026
v  -5.6123 9.9856 -0.7880
v  -5.6751 10.0705 -0.7942
v  -5.6871 9.9986 -0.8041
v  -5.6261 9.9035 -0.7768
v  -5.6041 9.8986 -0.7516
v  -5.6549 9.9072 -0.7957
v  -5.5471 10.1566 -0.7559
v  -5.5753 10.1667 -0.7824
v  -5.6104 10.1786 -0.7933
v  -5.5629 10.2202 -0.7821
v  -5.5355 10.2097 -0.7561
v  -5.5263 10.2567 -0.7555
v  -5.5181 10.2025 -0.7171
v  -5.5531 10.2675 -0.7769
v  -5.5886 9.8940 -0.7228
v  -5.5911 9.7984 -0.7626
v  -5.5741 9.7959 -0.7327
v  -5.5822 9.8903 -0.6917
v  -5.5712 9.7931 -0.6988
v  -5.5815 9.7905 -0.6671
v  -5.5868 9.8880 -0.6604
v  -5.5693 9.9645 -0.6505
v  -5.5831 9.6890 -0.7695
v  -5.5678 9.6870 -0.7399
v  -5.5811 9.5856 -0.7768
v  -5.5649 9.5829 -0.7486
v  -5.5643 9.6846 -0.7066
v  -5.5596 9.5797 -0.7157
v  -5.6072 9.6901 -0.7921
v  -5.6167 9.8003 -0.7853
v  -5.5568 10.0281 -0.6453
v  -5.5456 10.0858 -0.6404
v  -5.5660 10.0867 -0.6076
v  -5.5762 10.0284 -0.6126
v  -5.5876 9.9645 -0.6187
v  -5.6019 9.8873 -0.6318
v  -5.5997 9.7889 -0.6402
v  -5.6248 9.8872 -0.6083
v  -5.6230 9.7877 -0.6181
v  -5.6140 9.9659 -0.5939
v  -5.6029 10.0303 -0.5866
v  -5.5921 10.0885 -0.5815
v  -5.6357 10.0346 -0.5704
v  -5.6471 9.9691 -0.5792
v  -5.4089 10.3134 -0.6404
v  -5.3477 10.3991 -0.6270
v  -5.3623 10.3617 -0.5271
v  -5.2952 10.4520 -0.5045
v  -5.2790 10.5013 -0.6095
v  -5.2135 10.6418 -0.5653
v  -5.2760 10.5422 -0.7051
v  -5.2096 10.6620 -0.6889
v  -5.2797 10.5753 -0.7831
v  -5.2107 10.6840 -0.7793
v  -5.3337 10.4671 -0.7941
v  -5.3326 10.5003 -0.8643
v  -5.2938 10.6082 -0.8525
v  -5.3422 10.4367 -0.7171
v  -5.3993 10.3490 -0.7267
v  -5.3897 10.3761 -0.8022
v  -5.3795 10.4047 -0.8732
v  -5.3883 10.4429 -0.9407
v  -5.3476 10.5363 -0.9302
v  -5.4542 10.3260 -0.8035
v  -5.2226 10.7102 -0.8562
v  -5.1315 10.7960 -0.7791
v  -5.1423 10.8178 -0.8590
v  -5.0689 10.9369 -0.8451
v  -5.0590 10.9124 -0.7691
v  -5.1719 10.8485 -0.9241
v  -5.0994 10.9670 -0.9084
v  -5.2505 10.7422 -0.9188
v  -5.1347 10.7848 -0.6911
v  -5.3142 10.6397 -0.9155
v  -5.3491 10.6719 -0.9640
v  -5.2894 10.7752 -0.9666
v  -5.1370 10.7900 -0.5992
v  -5.1148 10.8125 -0.5154
v  -5.1724 10.7084 -0.4596
v  -5.1168 10.7420 -0.3808
v  -5.1423 10.6706 -0.3018
v  -5.2068 10.6243 -0.3749
v  -5.2506 10.5507 -0.4511
v  -5.3047 10.4037 -0.3991
v  -5.3638 10.3317 -0.4250
v  -5.2678 10.4877 -0.3500
v  -5.2207 10.5579 -0.2855
v  -5.2866 10.4437 -0.2552
v  -5.2286 10.5081 -0.2009
v  -5.1495 10.6081 -0.2220
v  -5.1571 10.5626 -0.1463
v  -5.0730 10.8282 -0.4426
v  -5.0173 10.8328 -0.3819
v  -5.0459 10.7612 -0.3215
v  -4.9709 10.9172 -0.4193
v  -5.0177 10.9314 -0.4809
v  -4.9172 11.0193 -0.4367
v  -4.9564 11.0572 -0.5091
v  -5.0476 10.9260 -0.5465
v  -4.9834 11.0549 -0.5793
v  -4.9654 10.8277 -0.3467
v  -4.9643 10.7809 -0.2949
v  -4.9205 10.8835 -0.3587
v  -5.0558 10.6972 -0.2506
v  -5.0579 10.6419 -0.1779
v  -4.9657 10.7336 -0.2239
v  -4.9683 10.6878 -0.1514
v  -5.0659 10.6013 -0.1075
v  -4.9757 10.6444 -0.0837
v  -5.0634 10.8994 -0.6907
v  -5.0600 10.9088 -0.6173
v  -4.9975 11.0152 -0.6422
v  -5.0147 10.9810 -0.6889
v  -5.0020 11.0165 -0.7434
v  -4.9637 11.1053 -0.7038
v  -4.9358 11.2145 -0.6527
v  -4.9060 11.2260 -0.5336
v  -4.8889 11.4067 -0.6038
v  -4.9137 11.3973 -0.6864
v  -4.9549 11.2801 -0.7532
v  -4.9368 11.4137 -0.7587
v  -4.9707 11.1651 -0.7806
v  -5.5131 10.2988 -0.7651
v  -5.5424 10.3055 -0.7786
v  -5.4872 10.2548 -0.2326
v  -5.4465 10.2493 -0.2607
v  -5.4662 10.2350 -0.1792
v  -5.4942 10.2229 -0.1832
v  -5.4660 10.1481 -0.1430
v  -5.5019 10.1461 -0.1561
v  -5.5155 10.2625 -0.2166
v  -5.5258 10.2234 -0.1816
v  -5.4981 10.2310 -0.2682
v  -5.4670 10.2130 -0.3004
v  -5.5172 10.1926 -0.2865
v  -5.4921 10.1781 -0.3201
v  -5.4148 10.2515 -0.3484
v  -5.4521 10.2126 -0.3648
v  -5.4837 10.1738 -0.3724
v  -5.4919 10.1774 -0.4269
v  -5.4584 10.2198 -0.4371
v  -5.5113 10.1237 -0.4202
v  -5.5070 10.1234 -0.3733
v  -5.5142 10.1284 -0.3270
v  -5.5348 10.1388 -0.2892
v  -5.5634 10.1526 -0.2619
v  -5.5457 10.2081 -0.2653
v  -5.5266 10.2497 -0.2532
v  -5.5294 10.0685 -0.3250
v  -5.5219 10.0633 -0.3700
v  -5.5508 10.0781 -0.2866
v  -5.5422 10.0680 -0.4551
v  -5.5294 10.1297 -0.4580
v  -5.5252 10.0630 -0.4155
v  -5.5586 10.0026 -0.4496
v  -5.5432 9.9986 -0.4087
v  -5.4163 10.2642 -0.4398
v  -5.3685 10.3014 -0.3283
v  -5.3206 10.3647 -0.3009
v  -5.3965 10.2885 -0.2405
v  -5.3388 10.3379 -0.2162
v  -5.5543 10.2672 -0.2441
v  -5.5446 10.2744 -0.2057
v  -5.5809 10.2850 -0.2380
v  -5.5737 10.2872 -0.1965
v  -5.6037 10.3086 -0.2324
v  -5.6002 10.3032 -0.1856
v  -5.6239 10.3326 -0.1668
v  -5.6382 10.2645 -0.2481
v  -5.6069 10.2416 -0.2436
v  -5.6339 10.1865 -0.2415
v  -5.5756 10.2240 -0.2498
v  -5.6554 10.3981 -0.1362
v  -5.6838 10.5386 -0.1270
v  -5.6749 10.4209 -0.0673
v  -5.6733 10.5482 -0.0469
v  -5.6794 10.3117 -0.0482
v  -5.6664 10.2956 -0.0947
v  -5.6458 10.2759 -0.1287
v  -5.6214 10.2564 -0.1529
v  -5.6360 10.1800 -0.1179
v  -5.6597 10.1907 -0.0897
v  -5.6082 10.1686 -0.1407
v  -5.5919 10.2415 -0.1677
v  -5.5586 10.2320 -0.1749
v  -5.5746 10.1591 -0.1540
v  -5.5876 10.0675 -0.1362
v  -5.6226 10.0754 -0.1185
v  -5.5914 9.9657 -0.1099
v  -5.6322 9.9685 -0.0995
v  -5.5482 10.0605 -0.1431
v  -5.5510 9.9638 -0.1087
v  -5.5383 10.1514 -0.1582
v  -5.4704 10.0569 -0.1131
v  -5.4337 10.1555 -0.1094
v  -5.4437 10.0620 -0.0767
v  -5.4177 10.1610 -0.0573
v  -5.4324 10.0696 -0.0312
v  -5.4189 10.1715 -0.0036
v  -5.4358 10.0791 0.0154
v  -5.4568 10.0893 0.0563
v  -5.4430 10.1850 0.0428
v  -5.4599 9.9894 0.0756
v  -5.4430 9.9814 0.0362
v  -5.4275 9.8677 0.0157
v  -5.4406 9.9740 -0.0064
v  -5.4285 9.8752 0.0607
v  -5.4343 9.7594 0.0796
v  -5.4330 9.7521 0.0387
v  -5.4496 9.6445 0.0963
v  -5.4505 9.6380 0.0620
v  -5.4611 9.6506 0.1286
v  -5.4506 9.7660 0.1173
v  -5.4303 9.5426 0.1181
v  -5.4309 9.5343 0.0783
v  -5.4467 9.5506 0.1537
v  -5.4458 9.7451 -0.0006
v  -5.4425 9.8610 -0.0262
v  -5.4608 9.6317 0.0289
v  -5.4711 9.7397 -0.0329
v  -5.4695 9.8558 -0.0606
v  -5.4810 9.6265 0.0009
v  -5.4516 9.9678 -0.0479
v  -5.4499 9.8822 0.1001
v  -5.4784 9.7708 0.1481
v  -5.4845 9.8868 0.1267
v  -5.5245 9.8888 0.1401
v  -5.5162 9.7730 0.1649
v  -5.4910 9.9967 0.1068
v  -5.5319 10.0018 0.1263
v  -5.4751 9.9629 -0.0833
v  -5.5112 9.9618 -0.1032
v  -5.5073 10.0564 -0.1351
v  -5.4926 10.0987 0.0850
v  -5.4841 10.1979 0.0723
v  -5.4379 10.2771 0.0230
v  -5.4766 10.2932 0.0540
v  -5.4570 10.3836 0.0470
v  -5.5016 10.4030 0.0570
v  -5.5231 10.3069 0.0633
v  -5.5319 10.2075 0.0803
v  -5.5777 10.2127 0.0702
v  -5.5693 10.3159 0.0466
v  -5.5480 10.4184 0.0357
v  -5.4559 10.4885 0.0703
v  -5.4111 10.4591 0.0721
v  -5.3719 10.4319 0.0424
v  -5.4211 10.3647 0.0152
v  -5.4096 10.2609 -0.0209
v  -5.4098 10.2531 -0.0770
v  -5.3677 10.3286 -0.0752
v  -5.3907 10.3453 -0.0253
v  -5.4264 10.2618 -0.1488
v  -5.3512 10.3230 -0.1385
v  -5.5354 10.1063 0.1022
v  -5.5779 10.0033 0.1292
v  -5.5821 10.1107 0.1037
v  -5.6262 10.1110 0.0873
v  -5.6231 10.0019 0.1188
v  -5.6185 10.2140 0.0484
v  -1.3453 1.1335 -0.6911
v  -1.3622 1.1717 -0.6017
v  -1.3776 1.0343 -0.5238
v  -1.3717 0.9388 -0.6190
v  -1.3824 0.9230 -0.4091
v  -1.4004 1.1015 -0.4438
v  -1.3848 1.0067 -0.3412
v  -1.4231 1.1636 -0.3601
v  -1.4092 1.0742 -0.2659
v  -1.3969 0.9890 -0.1659
v  -1.4543 1.1287 -0.1961
v  -1.4473 1.0481 -0.1023
v  -1.5111 1.1756 -0.1391
v  -1.5102 1.1010 -0.0511
v  -1.4594 1.2168 -0.2829
v  -1.5129 1.2578 -0.2210
v  -1.3906 1.2174 -0.5169
v  -1.4249 1.2657 -0.4332
v  -1.3927 1.3509 -0.5631
v  -1.4289 1.3848 -0.4818
v  -1.4636 1.3125 -0.3532
v  -1.5134 1.3503 -0.2869
v  -1.4696 1.4211 -0.4028
v  -1.5154 1.4533 -0.3342
v  -1.3659 1.3233 -0.6444
v  -1.3862 1.4774 -0.6673
v  -1.4096 1.4943 -0.5910
v  -1.3766 1.4660 -0.7408
v  -1.3534 1.3044 -0.7250
v  -1.4419 1.5167 -0.5131
v  -1.4798 1.5422 -0.4371
v  -1.4606 1.6540 -0.5334
v  -1.4956 1.6706 -0.4613
v  -1.4311 1.6391 -0.6074
v  -1.5687 1.2194 -0.0936
v  -1.5722 1.1515 -0.0102
v  -1.6291 1.2490 -0.0671
v  -1.6358 1.1884 0.0143
v  -1.5668 1.2943 -0.1711
v  -1.6212 1.3213 -0.1376
v  -1.6160 1.4007 -0.1996
v  -1.5663 1.3782 -0.2371
v  -1.6767 1.3356 -0.1209
v  -1.6879 1.2654 -0.0541
v  -1.6678 1.4125 -0.1798
v  -1.7314 1.3392 -0.1177
v  -1.7442 1.2761 -0.0484
v  -1.7198 1.4163 -0.1734
v  -1.5644 1.4766 -0.2825
v  -1.6129 1.4928 -0.2454
v  -1.5673 1.5832 -0.3175
v  -1.6133 1.5945 -0.2790
v  -1.5224 1.5659 -0.3700
v  -1.6965 1.2128 0.0286
v  -1.6458 1.1216 0.0962
v  -1.5811 1.0829 0.0730
v  -1.6516 1.0544 0.1823
v  -1.5868 1.0155 0.1581
v  -1.6511 0.9855 0.2743
v  -1.5865 0.9470 0.2492
v  -1.5307 0.9603 0.1217
v  -1.5183 1.0297 0.0352
v  -1.5305 0.9006 0.2196
v  -1.7067 1.1511 0.1120
v  -1.7145 1.0840 0.1996
v  -1.7747 1.1056 0.2089
v  -1.7656 1.1735 0.1206
v  -1.7549 1.2311 0.0359
v  -1.4529 0.9731 -0.0101
v  -1.3955 0.9093 -0.0629
v  -1.3620 0.7692 -0.0012
v  -1.3567 0.8379 -0.1201
v  -1.4148 0.8397 0.0417
v  -1.3340 0.6878 -0.0485
v  -1.3386 0.7577 -0.1771
v  -1.3446 0.6309 0.0793
v  -1.3801 0.7143 0.1179
v  -1.3481 0.5403 0.0370
v  -1.3387 0.5982 -0.0912
v  -1.3523 0.5845 0.2036
v  -1.3871 0.6719 0.2411
v  -1.4330 0.7848 0.1532
v  -1.4291 0.7465 0.2743
v  -1.3565 0.4366 0.2739
v  -1.3568 0.4879 0.1583
v  -1.3571 0.5400 0.3248
v  -1.3890 0.6293 0.3653
v  -1.3797 0.5028 -0.1190
v  -1.3818 0.5514 -0.2413
v  -1.3436 0.6619 -0.2209
v  -1.4502 0.4654 -0.3594
v  -1.3951 0.5985 -0.3596
v  -1.4498 0.4397 -0.2447
v  -1.4481 0.4051 -0.1310
v  -1.3594 0.7274 -0.3430
v  -1.3893 0.4519 0.0025
v  -1.4514 0.3639 -0.0179
v  -1.3936 0.3973 0.1191
v  -1.4449 0.3111 0.0918
v  -1.3623 0.9212 -0.2345
v  -1.3482 0.8355 -0.2981
v  -1.4738 0.9020 0.0821
v  -1.4799 0.8490 0.1885
v  -1.4637 0.8126 0.3044
v  -1.4535 0.7707 0.4232
v  -1.4219 0.7054 0.3962
v  -1.4197 0.6618 0.5167
v  -1.4531 0.7269 0.5432
v  -1.5030 0.8150 0.4452
v  -1.5056 0.7716 0.5620
v  -1.5131 0.8583 0.3298
v  -1.3770 0.5882 0.4863
v  -1.4362 0.6136 0.6265
v  -1.3879 0.5362 0.5953
v  -1.4639 0.6862 0.6579
v  -1.3960 0.8135 -0.4625
v  -1.3952 0.6552 -0.4803
v  -1.3990 0.7263 -0.6176
v  -1.4326 0.5129 -0.6240
v  -1.4458 0.4910 -0.4775
v  -1.4910 0.3184 -0.5704
v  -1.5055 0.3340 -0.4612
v  -1.4050 0.6291 -0.7669
v  -1.3875 0.7876 -0.7536
v  -1.3984 0.5048 -0.8155
v  -1.4271 0.3945 -0.7216
v  -1.4720 0.2598 -0.6676
v  -1.5894 0.2158 -0.4536
v  -1.5098 0.3314 -0.3530
v  -1.6027 0.2306 -0.3508
v  -1.5702 0.1878 -0.5533
v  -1.3549 0.9568 -0.7630
v  -1.3423 1.1280 -0.7897
v  -1.3688 0.9802 -0.8765
v  -1.3670 1.1360 -0.8816
v  -1.3588 1.2972 -0.8047
v  -1.3841 1.4590 -0.8110
v  -1.3861 1.2965 -0.8812
v  -1.4104 1.4541 -0.8783
v  -1.4213 1.1497 -0.9641
v  -1.4353 1.2989 -0.9539
v  -1.4951 1.1627 -1.0361
v  -1.5008 1.3024 -1.0217
v  -1.5710 1.1725 -1.1024
v  -1.5706 1.3063 -1.0854
v  -1.4543 1.4499 -0.9442
v  -1.5112 1.4467 -1.0091
v  -1.5727 1.4454 -1.0720
v  -1.6323 1.4462 -1.1292
v  -1.6350 1.3103 -1.1440
v  -1.6385 1.1797 -1.1636
v  -1.5197 1.5925 -0.9990
v  -1.4696 1.5989 -0.9364
v  -1.4292 1.6057 -0.8755
v  -1.5741 1.5882 -1.0618
v  -1.5226 1.7381 -0.9908
v  -1.4765 1.7452 -0.9299
v  -1.5721 1.7323 -1.0541
v  -1.4985 1.0300 -1.0504
v  -1.5756 1.0447 -1.1217
v  -1.6436 1.0537 -1.1869
v  -1.6973 1.1851 -1.2169
v  -1.7038 1.0588 -1.2429
v  -1.7607 1.0612 -1.2846
v  -1.7113 0.9320 -1.2745
v  -1.7718 0.9312 -1.3125
v  -1.6487 0.9290 -1.2171
v  -1.7518 1.1891 -1.2597
v  -1.5798 0.9204 -1.1475
v  -1.5045 0.9036 -1.0698
v  -1.5022 0.7826 -1.0978
v  -1.5762 0.7995 -1.1812
v  -1.6461 0.8066 -1.2562
v  -1.4217 1.0076 -0.9718
v  -1.4327 0.8752 -0.9824
v  -1.3913 0.8354 -0.8755
v  -1.4055 0.7020 -0.8896
v  -1.4378 0.7512 -1.0024
v  -1.3965 0.5835 -0.9251
v  -1.4265 0.6356 -1.0354
v  -1.4040 1.6121 -0.8144
v  -1.3981 1.6186 -0.7494
v  -1.4090 1.6272 -0.6800
v  -1.4197 1.7721 -0.6870
v  -1.4432 1.7821 -0.6161
v  -1.4216 1.9158 -0.6909
v  -1.4478 1.9245 -0.6200
v  -1.4073 1.9081 -0.7564
v  -1.4073 1.7640 -0.7538
v  -1.4203 2.0604 -0.6912
v  -1.4480 2.0676 -0.6195
v  -1.4842 2.0737 -0.5461
v  -1.4814 1.9327 -0.5475
v  -1.4739 1.7929 -0.5439
v  -1.4166 2.2067 -0.6861
v  -1.4444 2.2120 -0.6130
v  -1.4014 2.2010 -0.7526
v  -1.4051 2.0536 -0.7564
v  -1.4106 1.9017 -0.8162
v  -1.4121 1.7578 -0.8158
v  -1.4371 1.7519 -0.8731
v  -1.4339 1.8956 -0.8715
v  -2.3714 0.3966 -0.2836
v  -2.3409 0.4825 -0.4819
v  -2.3583 0.3595 -0.4584
v  -2.3783 0.3151 -0.2934
v  -2.3557 0.2736 -0.4418
v  -2.3817 0.2421 -0.2933
v  -2.3208 0.2754 -0.5853
v  -2.3159 0.1960 -0.5633
v  -2.3464 0.1990 -0.4283
v  -2.2935 0.2580 -0.7248
v  -2.3000 0.1736 -0.6994
v  -2.2817 0.1526 -0.8384
v  -2.2748 0.2432 -0.8628
v  -2.2385 0.2382 -0.9933
v  -2.2518 0.3451 -0.8881
v  -2.2184 0.3470 -1.0140
v  -2.2220 0.4592 -0.9163
v  -2.1892 0.4661 -1.0337
v  -2.1928 0.5805 -0.9471
v  -2.1568 0.5920 -1.0508
v  -2.2520 0.4621 -0.7900
v  -2.2243 0.5794 -0.8364
v  -2.2544 0.5903 -0.7215
v  -2.2293 0.7086 -0.7881
v  -2.2075 0.7021 -0.8843
v  -2.2910 0.4729 -0.6525
v  -2.2419 0.7297 -0.6939
v  -2.2833 0.6150 -0.6058
v  -2.1743 0.7086 -0.9783
v  -2.2094 0.8337 -0.9291
v  -2.1715 0.8451 -1.0089
v  -2.2280 0.8357 -0.8454
v  -2.1312 0.7250 -1.0655
v  -2.1132 0.6077 -1.1445
v  -2.0822 0.7443 -1.1440
v  -2.1476 0.4776 -1.1400
v  -2.0380 0.7621 -1.2149
v  -2.0694 0.6238 -1.2279
v  -2.0613 0.8860 -1.1431
v  -2.0141 0.9034 -1.2024
v  -2.1182 0.8649 -1.0797
v  -2.2771 0.3528 -0.7535
v  -2.3148 0.3644 -0.6127
v  -2.1738 0.3542 -1.1280
v  -2.1883 0.2414 -1.1113
v  -2.2444 0.1423 -0.9733
v  -2.2594 0.0775 -0.8121
v  -2.2776 0.1030 -0.6735
v  -2.2281 0.0606 -0.9508
v  -2.1904 0.1424 -1.0945
v  -2.1310 0.1462 -1.2018
v  -2.1317 0.2485 -1.2151
v  -2.1214 0.3641 -1.2268
v  -2.1006 0.4906 -1.2329
v  -2.0624 0.3733 -1.3076
v  -2.0496 0.5019 -1.3085
v  -2.0261 0.6376 -1.2968
v  -1.9911 0.5095 -1.3661
v  -1.9956 0.3800 -1.3701
v  -1.9766 0.6461 -1.3491
v  -2.2942 0.1280 -0.5408
v  -2.3173 0.1365 -0.4106
v  -2.2312 0.0498 -0.6472
v  -2.2488 0.0763 -0.5163
v  -2.1694 0.0122 -0.6197
v  -2.1866 0.0407 -0.4893
v  -2.0906 -0.0006 -0.5901
v  -2.1090 0.0259 -0.4600
v  -1.9767 -0.0190 -0.6803
v  -2.0005 0.0104 -0.5563
v  -2.0687 -0.0283 -0.7205
v  -1.8780 0.0107 -0.6359
v  -1.9028 0.0410 -0.5205
v  -1.7762 0.0586 -0.5959
v  -1.7999 0.0863 -0.4883
v  -2.0195 0.0357 -0.4294
v  -1.9219 0.0645 -0.4001
v  -1.8195 0.1103 -0.3765
v  -1.8463 -0.0105 -0.7475
v  -1.9443 -0.0345 -0.8003
v  -2.0350 -0.0432 -0.8467
v  -2.1271 0.0441 -0.3309
v  -2.2063 0.0553 -0.3614
v  -2.0372 0.0555 -0.3013
v  -2.1486 -0.0147 -0.7543
v  -2.2127 0.0214 -0.7842
v  -2.1152 -0.0337 -0.8862
v  -2.1820 0.0004 -0.9209
v  -2.2697 0.0890 -0.3885
v  -2.2884 0.0848 -0.2566
v  -2.2239 0.0603 -0.2302
v  -2.2429 0.0463 -0.0939
v  -2.1447 0.0526 -0.2000
v  -2.1603 0.0546 -0.0644
v  -2.0527 0.0645 -0.1710
v  -2.0668 0.0744 -0.0378
v  -2.3126 0.0586 -0.1207
v  -2.2621 0.0379 0.0448
v  -2.3382 0.0375 0.0191
v  -2.1745 0.0546 0.0727
v  -2.3363 0.1258 -0.2764
v  -2.3942 0.1440 -0.1488
v  -2.3701 0.1775 -0.2891
v  -2.3636 0.0950 -0.1400
v  -2.4029 0.1999 -0.1476
v  -2.3923 0.2592 -0.1394
v  -2.3736 0.3240 -0.1248
v  -2.3571 0.3962 -0.0988
v  -2.3604 0.4720 -0.2429
v  -2.3376 0.5633 -0.3929
v  -2.2703 0.7190 -0.4257
v  -2.2887 0.6646 -0.5119
v  -2.3135 0.6324 -0.3174
v  -2.2422 0.7654 -0.6049
v  -2.2240 0.8785 -0.6785
v  -2.2316 0.8514 -0.7618
v  -2.1963 1.0308 -0.6536
v  -2.2190 1.0052 -0.7333
v  -2.2066 0.9142 -0.5932
v  -2.2286 0.8100 -0.5171
v  -2.2305 0.9868 -0.8112
v  -2.2310 0.7744 -0.3390
v  -2.2615 0.6940 -0.2395
v  -2.1999 0.8599 -0.4269
v  -2.3364 0.5506 -0.1891
v  -2.2923 0.6270 -0.1260
v  -2.2056 0.7601 -0.1597
v  -2.2310 0.6972 -0.0580
v  -2.1792 0.7735 0.0135
v  -2.2549 0.6410 0.0495
v  -2.2139 0.7243 0.1146
v  -2.2948 0.5571 -0.0096
v  -2.1555 0.8328 -0.0803
v  -2.3336 0.4761 -0.0598
v  -2.3439 0.4181 0.0669
v  -2.3194 0.5063 0.1088
v  -2.3736 0.3424 0.0358
v  -2.4089 0.2814 0.0132
v  -2.4401 0.2253 -0.0034
v  -2.4895 0.2075 0.1315
v  -2.4626 0.2647 0.1443
v  -2.4280 0.3230 0.1643
v  -2.3969 0.3921 0.1899
v  -2.4827 0.3127 0.2945
v  -2.4507 0.3773 0.3162
v  -2.3677 0.4739 0.2256
v  -2.4152 0.4491 0.3482
v  -2.5088 0.2519 0.2806
v  -2.5232 0.2991 0.4298
v  -2.5474 0.2346 0.4182
v  -2.5282 0.1922 0.2716
v  -2.5637 0.1706 0.4091
v  -2.4537 0.1666 -0.0128
v  -2.4946 0.1476 0.1273
v  -2.5252 0.1326 0.2680
v  -2.4703 0.0936 0.1317
v  -2.4939 0.0829 0.2715
v  -2.4395 0.1088 -0.0119
v  -1.7160 11.0146 -0.6436
v  -1.7816 10.8585 -0.5186
v  -1.8166 10.9480 -0.3856
v  -1.7438 11.1511 -0.5300
v  -1.7960 10.6296 -0.5616
v  -1.8354 10.6985 -0.4057
v  -1.7418 10.7690 -0.6490
v  -1.7533 10.5527 -0.7080
v  -1.6977 10.6789 -0.7779
v  -1.8426 10.4905 -0.4982
v  -1.8783 10.5400 -0.3379
v  -1.8726 10.7587 -0.2196
v  -1.9093 10.5649 -0.1686
v  -1.8841 10.3570 -0.4541
v  -1.9162 10.3960 -0.2941
v  -1.8476 10.3028 -0.6136
v  -1.8032 10.4265 -0.6540
v  -1.7562 10.3542 -0.8040
v  -1.8018 10.2391 -0.7672
v  -1.6958 10.2772 -0.9415
v  -1.7402 10.1696 -0.9068
v  -1.7046 10.4707 -0.8498
v  -1.6440 10.3858 -0.9818
v  -1.6473 10.5876 -0.9068
v  -1.5860 10.4951 -1.0301
v  -1.6172 10.1976 -1.0590
v  -1.6596 10.0971 -1.0247
v  -1.5196 10.1179 -1.1489
v  -1.5593 10.0245 -1.1138
v  -1.5667 10.2989 -1.0963
v  -1.4725 10.2120 -1.1862
v  -1.7754 10.0628 -0.8757
v  -1.8401 10.1254 -0.7374
v  -1.6920 9.9973 -0.9919
v  -1.8868 10.1820 -0.5837
v  -1.9217 10.2290 -0.4237
v  -1.9567 10.1051 -0.4017
v  -1.9848 10.1342 -0.2415
v  -1.9510 10.2620 -0.2641
v  -1.9737 10.2760 -0.1065
v  -2.0053 10.1467 -0.0853
v  -1.9425 10.4127 -0.1330
v  -1.9888 9.9843 -0.3841
v  -2.0175 10.0105 -0.2234
v  -1.9207 10.0635 -0.5610
v  -1.9485 9.9468 -0.5421
v  -1.9315 10.5431 0.0046
v  -1.9582 10.4046 0.0256
v  -1.9358 10.5133 0.1611
v  -1.9593 10.3855 0.1745
v  -1.9246 10.4855 0.3039
v  -1.9464 10.3645 0.3143
v  -1.9137 10.6406 0.1558
v  -1.9068 10.6882 -0.0090
v  -1.9019 10.6051 0.2993
v  -1.8926 10.7610 0.1658
v  -1.8923 10.8149 0.0176
v  -1.8778 10.7218 0.3018
v  -1.9682 10.2428 0.3289
v  -1.9416 10.2261 0.4600
v  -1.9219 10.3447 0.4463
v  -1.8992 10.2078 0.5829
v  -1.8810 10.3248 0.5702
v  -1.9602 10.1062 0.4752
v  -1.9152 10.0891 0.5968
v  -1.9902 10.1210 0.3453
v  -1.9832 10.2592 0.1912
v  -2.0082 10.1345 0.2088
v  -2.0136 10.1449 0.0653
v  -1.9853 10.2725 0.0463
v  -1.9002 10.4620 0.4360
v  -1.8772 10.5779 0.4300
v  -1.8384 10.5547 0.5529
v  -1.8608 10.4404 0.5601
v  -1.7999 11.1742 -0.3724
v  -1.8417 11.0253 -0.2746
v  -1.8474 11.0921 -0.1913
v  -1.8218 11.1979 -0.2683
v  -1.8234 11.2166 -0.2014
v  -1.8343 11.1603 -0.1332
v  -1.8649 10.9979 -0.0797
v  -1.8426 11.0939 -0.0339
v  -1.8454 11.0354 0.0817
v  -1.8723 10.9277 0.0505
v  -1.8745 10.8956 -0.1394
v  -1.8680 10.8755 0.1828
v  -1.8395 10.9870 0.2025
v  -1.8111 11.1941 -0.0013
v  -1.8061 11.2489 -0.1032
v  -1.8133 11.1423 0.1087
v  -1.7997 11.2950 -0.1964
v  -1.7901 11.3146 -0.2925
v  -1.7710 11.3488 -0.0799
v  -1.7656 11.3975 -0.1832
v  -1.7351 11.4494 -0.0565
v  -1.7300 11.5043 -0.1632
v  -1.7396 11.3951 0.0499
v  -1.7754 11.2965 0.0251
v  -1.7537 11.4353 -0.2897
v  -1.7621 11.3269 -0.4035
v  -1.7234 11.4664 -0.4008
v  -1.6794 10.9044 -0.7514
v  -1.6346 10.8027 -0.8642
v  -1.5838 10.7039 -0.9779
v  -1.5223 10.6052 -1.0894
v  -1.4456 10.5047 -1.1893
v  -1.4549 10.7167 -1.1627
v  -1.3780 10.6098 -1.2502
v  -1.3777 10.8275 -1.2493
v  -1.3022 10.7145 -1.3207
v  -1.5157 10.8207 -1.0659
v  -1.4357 10.9357 -1.1692
v  -1.5617 10.9237 -0.9691
v  -1.4777 11.0415 -1.0875
v  -1.5987 11.0298 -0.8759
v  -1.5084 11.1489 -1.0084
v  -1.3794 11.1528 -1.2062
v  -1.4078 11.2605 -1.1375
v  -1.6253 11.1437 -0.7896
v  -1.3395 11.0445 -1.2749
v  -1.2852 10.9327 -1.3400
v  -1.2233 11.1418 -1.3697
v  -1.2127 10.8147 -1.3951
v  -1.2136 10.5983 -1.3774
v  -1.2888 10.5008 -1.3208
v  -1.1147 10.4814 -1.4149
v  -1.1887 10.3922 -1.3695
v  -1.2544 10.3030 -1.3265
v  -1.0794 10.2892 -1.3902
v  -1.1429 10.2084 -1.3536
v  -0.9654 10.1986 -1.3806
v  -1.0254 10.1251 -1.3495
v  -1.0076 10.3697 -1.4264
v  -0.8982 10.2712 -1.4102
v  -1.1991 10.1282 -1.3170
v  -1.3132 10.2148 -1.2861
v  -1.3559 10.4032 -1.2701
v  -1.4175 10.3069 -1.2259
v  -1.0298 10.5680 -1.4603
v  -1.1264 10.6922 -1.4364
v  -0.9316 10.6485 -1.5006
v  -0.9261 10.4481 -1.4607
v  -0.8334 10.5218 -1.4895
v  -0.8188 10.7192 -1.5278
v  -0.7290 10.5883 -1.5078
v  -1.5088 10.4011 -1.1388
v  -1.6376 11.2730 -0.7151
v  -1.6233 11.4221 -0.6773
v  -1.6022 11.5619 -0.6456
v  -1.5216 11.6338 -0.7761
v  -1.5819 11.6910 -0.6130
v  -1.5080 11.7542 -0.7346
v  -1.5684 11.8129 -0.5779
v  -1.4962 11.8705 -0.6933
v  -1.4149 11.9280 -0.8060
v  -1.4873 11.9849 -0.6528
v  -1.4084 12.0355 -0.7628
v  -1.5553 11.9305 -0.5408
v  -1.6095 11.8752 -0.4306
v  -1.6214 11.7592 -0.4642
v  -1.6426 11.6368 -0.4944
v  -1.6888 11.5936 -0.3816
v  -1.6634 11.7110 -0.3546
v  -1.6882 11.6633 -0.2464
v  -1.7179 11.5532 -0.2720
v  -1.6524 11.8202 -0.3239
v  -1.6700 11.7622 -0.2174
v  -1.6987 11.6047 -0.1386
v  -1.6717 11.5033 -0.5186
v  -1.7055 11.3498 -0.5328
v  -1.5546 12.0485 -0.5023
v  -1.4862 12.1004 -0.6139
v  -1.5646 12.1720 -0.4620
v  -1.4924 12.2197 -0.5766
v  -1.6088 11.9899 -0.3937
v  -1.6217 12.1100 -0.3511
v  -1.4089 12.2560 -0.6897
v  -1.4064 12.1443 -0.7239
v  -1.4139 12.3713 -0.6610
v  -1.5030 12.3456 -0.5422
v  -1.5820 12.3066 -0.4190
v  -1.3174 12.1791 -0.8272
v  -1.4237 11.8199 -0.8523
v  -3.8842 13.4337 -0.3217
v  -3.8045 13.5363 -0.3686
v  -3.9573 13.6103 -0.3923
v  -4.0084 13.5158 -0.3508
v  -4.1139 13.5814 -0.3820
v  -4.0658 13.6704 -0.4192
v  -4.1519 13.7209 -0.4544
v  -4.2044 13.6345 -0.4186
v  -4.2227 13.7620 -0.5077
v  -4.1074 13.7956 -0.4809
v  -4.1697 13.8348 -0.5359
v  -3.9990 13.8166 -0.4635
v  -4.0686 13.8635 -0.4955
v  -4.0295 13.7487 -0.4478
v  -4.1242 13.9023 -0.5516
v  -4.1633 13.9295 -0.6302
v  -4.2147 13.8627 -0.6144
v  -4.2774 13.7906 -0.5848
v  -4.3203 13.8054 -0.6811
v  -4.2508 13.8825 -0.7102
v  -4.3550 13.8036 -0.7910
v  -4.2840 13.8906 -0.8197
v  -4.3763 13.7817 -0.9096
v  -4.3081 13.8785 -0.9386
v  -4.2227 13.9707 -0.8350
v  -4.2442 13.9712 -0.9553
v  -4.1944 13.9527 -0.7253
v  -4.3956 13.7145 -0.6428
v  -4.3469 13.7039 -0.5464
v  -4.4295 13.7062 -0.7538
v  -4.1189 14.0017 -0.6325
v  -4.1495 14.0291 -0.7282
v  -4.0806 13.9720 -0.5551
v  -4.2828 13.6762 -0.4709
v  -4.4162 13.6010 -0.5066
v  -4.3453 13.5756 -0.4314
v  -4.2610 13.5351 -0.3788
v  -4.4058 13.4633 -0.3931
v  -4.3177 13.4250 -0.3398
v  -4.4809 13.4864 -0.4695
v  -4.0313 13.9303 -0.4985
v  -3.9931 14.0003 -0.4889
v  -4.0352 14.0477 -0.5473
v  -3.9706 13.8793 -0.4652
v  -3.9420 13.9441 -0.4509
v  -3.8984 13.8270 -0.4479
v  -3.9167 13.7674 -0.4464
v  -3.8108 13.7789 -0.4377
v  -3.8192 13.7223 -0.4362
v  -3.9349 13.6976 -0.4275
v  -3.8202 13.6495 -0.4145
v  -3.8768 13.8878 -0.4305
v  -3.8479 13.9594 -0.3882
v  -3.9083 14.0186 -0.4155
v  -3.9517 14.0777 -0.4628
v  -3.7318 13.9915 -0.3104
v  -3.8070 14.0461 -0.3237
v  -3.7701 13.9062 -0.3763
v  -3.7952 13.8369 -0.4197
v  -3.8651 14.1062 -0.3590
v  -3.9880 14.1313 -0.5266
v  -4.0744 14.0862 -0.6243
v  -4.0261 14.1816 -0.6071
v  -4.0582 14.2286 -0.7103
v  -3.9747 14.2837 -0.5803
v  -4.0036 14.3408 -0.6907
v  -3.9400 14.2240 -0.4911
v  -3.9198 14.3896 -0.5465
v  -3.9421 14.4515 -0.6665
v  -3.8898 14.3258 -0.4452
v  -4.1253 14.1529 -0.8374
v  -4.1065 14.1220 -0.7226
v  -4.0735 14.2651 -0.8301
v  -4.0158 14.3830 -0.8172
v  -3.9063 14.1658 -0.4170
v  -3.8090 14.2077 -0.2957
v  -3.8545 14.2658 -0.3605
v  -3.7503 14.1498 -0.2542
v  -3.7947 14.3780 -0.3074
v  -3.7428 14.3222 -0.2379
v  -3.6798 14.2664 -0.1921
v  -4.1676 13.4815 -0.3416
v  -4.2228 13.3726 -0.3032
v  -4.2770 13.2573 -0.2707
v  -4.1796 13.1932 -0.2469
v  -4.1227 13.3061 -0.2750
v  -4.0652 13.4143 -0.3103
v  -3.9529 13.3317 -0.2828
v  -4.0173 13.2254 -0.2521
v  -3.8366 13.2347 -0.2683
v  -3.9088 13.1329 -0.2424
v  -3.8031 13.0358 -0.2608
v  -3.9793 13.0277 -0.2247
v  -3.8814 12.9352 -0.2454
v  -4.0801 13.1157 -0.2296
v  -3.7241 13.1335 -0.2853
v  -4.2355 13.0773 -0.2280
v  -4.1422 13.0040 -0.2165
v  -4.3292 13.1382 -0.2467
v  -3.7593 13.3301 -0.3024
v  -3.6418 13.2261 -0.3186
v  -3.5447 13.1342 -0.3809
v  -3.4609 13.2286 -0.4233
v  -3.5531 13.3126 -0.3593
v  -3.6272 13.0402 -0.3457
v  -3.6721 13.4151 -0.3418
v  -4.3721 13.3076 -0.3054
v  -4.5119 13.2199 -0.3321
v  -4.4228 13.1858 -0.2785
v  -4.4617 13.3437 -0.3592
v  -4.5565 13.0944 -0.3130
v  -4.4701 13.0622 -0.2601
v  -4.6305 13.1145 -0.3939
v  -4.5883 13.2400 -0.4118
v  -4.6672 12.9904 -0.3839
v  -4.5970 12.9696 -0.3023
v  -4.7192 13.0032 -0.4890
v  -4.6841 13.1241 -0.4987
v  -4.6437 13.2474 -0.5151
v  -4.5153 12.9393 -0.2493
v  -4.6360 12.8474 -0.2992
v  -4.5609 12.8187 -0.2449
v  -4.7018 12.8696 -0.3808
v  -4.5387 13.3649 -0.4374
v  -4.5949 13.3712 -0.5384
v  -4.5365 13.4929 -0.5681
v  -4.3798 13.0178 -0.2312
v  -4.4301 12.8984 -0.2223
v  -4.3469 12.8461 -0.2137
v  -4.2908 12.9609 -0.2178
v  -4.2676 12.7826 -0.2142
v  -4.2044 12.8923 -0.2121
v  -4.1918 12.7105 -0.2229
v  -4.1202 12.8146 -0.2162
v  -4.3339 12.6765 -0.2193
v  -4.2658 12.6104 -0.2332
v  -4.4061 12.7342 -0.2127
v  -4.4826 12.7815 -0.2179
v  -4.5389 12.6672 -0.2167
v  -4.4699 12.6251 -0.2129
v  -4.6090 12.7011 -0.2453
v  -3.7044 13.6295 -0.4159
v  -3.6686 13.5536 -0.3866
v  -3.6062 13.6196 -0.4219
v  -3.5858 13.5730 -0.4039
v  -3.5307 13.6043 -0.4265
v  -3.4875 13.5465 -0.4167
v  -3.4582 13.3942 -0.4036
v  -3.3794 13.4832 -0.4525
v  -3.5684 13.4753 -0.3768
v  -3.4180 13.6108 -0.4595
v  -3.3268 13.5687 -0.4985
v  -3.2936 13.6470 -0.5239
v  -3.2642 13.5299 -0.5660
v  -3.2305 13.6203 -0.5914
v  -3.2355 13.5010 -0.6527
v  -3.1978 13.5986 -0.6770
v  -3.2651 13.7193 -0.5290
v  -3.1979 13.7041 -0.5993
v  -3.2336 13.7920 -0.5180
v  -3.1618 13.7862 -0.5934
v  -3.1943 13.8694 -0.4929
v  -3.1186 13.8700 -0.5758
v  -3.1443 13.9528 -0.4564
v  -3.0654 13.9568 -0.5485
v  -3.0673 13.8717 -0.6708
v  -3.0104 13.9641 -0.6502
v  -3.1158 13.7811 -0.6837
v  -3.3300 13.7979 -0.4620
v  -3.3575 13.7338 -0.4805
v  -3.2938 13.8707 -0.4259
v  -3.1585 13.6906 -0.6866
v  -3.1414 13.6822 -0.7846
v  -3.0916 13.7797 -0.7838
v  -3.1880 13.5844 -0.7741
v  -3.3831 13.6740 -0.4806
v  -3.5058 13.6466 -0.4469
v  -3.6045 13.6674 -0.4388
v  -3.5953 13.7142 -0.4421
v  -3.4850 13.6956 -0.4568
v  -3.2769 13.3943 -0.6134
v  -3.2709 13.3753 -0.7175
v  -3.2308 13.4835 -0.7513
v  -3.3321 13.2817 -0.5664
v  -3.3152 13.2591 -0.6787
v  -3.3695 13.1349 -0.7741
v  -3.3238 13.2546 -0.8020
v  -3.3711 13.1414 -0.6432
v  -3.2851 13.3699 -0.8324
v  -3.3581 13.2647 -0.9298
v  -3.3190 13.3775 -0.9532
v  -3.3985 13.1462 -0.9073
v  -3.4009 13.1709 -0.5226
v  -3.4769 13.0667 -0.4837
v  -3.4394 13.0294 -0.6113
v  -3.4288 13.0179 -0.7483
v  -3.3089 13.4302 -0.5221
v  -3.3775 13.3267 -0.4710
v  -3.2440 13.4774 -0.8602
v  -3.1963 13.5802 -0.8804
v  -3.2740 13.4845 -0.9745
v  -3.2213 13.5895 -0.9902
v  -3.7117 13.6892 -0.4341
v  -3.7074 13.7402 -0.4352
v  -3.6954 13.7945 -0.4180
v  -3.6741 13.8606 -0.3772
v  -3.5619 13.8266 -0.3931
v  -3.5820 13.7648 -0.4284
v  -3.4660 13.7471 -0.4494
v  -3.4431 13.8072 -0.4222
v  -3.5299 13.9027 -0.3351
v  -3.4100 13.8793 -0.3738
v  -3.3621 13.9644 -0.3116
v  -3.2456 13.9527 -0.3769
v  -3.4809 13.9944 -0.2644
v  -3.6398 13.9421 -0.3136
v  -0.8875 19.4672 -0.3588
v  -0.9237 19.4739 -0.3586
v  -0.8913 19.4953 -0.2810
v  -0.8518 19.5141 -0.2788
v  -0.9651 19.4917 -0.3567
v  -0.9321 19.5154 -0.2775
v  -0.9426 19.4945 -0.1896
v  -0.9098 19.5059 -0.1884
v  -0.9684 19.5016 -0.2644
v  -0.9296 19.4594 -0.2067
v  -0.9628 19.4563 -0.2626
v  -0.9178 19.4158 -0.2159
v  -0.9648 19.4083 -0.2574
v  -0.9575 19.3428 -0.2603
v  -0.9082 19.3481 -0.1961
v  -0.9792 19.2904 -0.2876
v  -0.9345 19.2679 -0.2450
v  -0.9291 19.2987 -0.2321
v  -0.8979 19.2936 -0.1873
v  -0.8909 19.2831 -0.1246
v  -0.8743 19.3008 -0.1359
v  -0.9062 19.2621 -0.1830
v  -0.9129 19.2337 -0.1803
v  -0.9017 19.2654 -0.1148
v  -0.8865 19.2408 -0.1046
v  -0.8885 19.2045 -0.1741
v  -0.9003 19.1827 -0.2428
v  -0.9350 19.2199 -0.2608
v  -0.8998 19.3241 -0.0787
v  -0.8924 19.3346 -0.0933
v  -0.8786 19.3445 -0.1107
v  -0.8882 19.3273 -0.1494
v  -0.8833 19.3745 -0.1685
v  -0.8782 19.4178 -0.1714
v  -0.8794 19.3574 -0.1366
v  -0.8723 19.3949 -0.1363
v  -0.9043 19.4391 -0.1513
v  -0.9900 19.2329 -0.3052
v  -0.9889 19.1632 -0.3142
v  -0.9470 19.1631 -0.2928
v  -1.0099 19.1602 -0.3472
v  -0.9905 19.0795 -0.3248
v  -0.9707 19.0917 -0.3030
v  -1.0051 19.0671 -0.3457
v  -1.0226 19.1523 -0.3777
v  -0.9609 19.0119 -0.2846
v  -0.9374 19.0309 -0.2691
v  -0.9753 18.9954 -0.3012
v  -1.0152 19.2393 -0.3491
v  -1.0116 19.3082 -0.3342
v  -1.0044 19.3202 -0.3801
v  -1.0152 19.2393 -0.3899
v  -0.9387 19.1058 -0.2877
v  -0.9155 19.1581 -0.2793
v  -0.9022 19.1216 -0.2729
v  -0.9147 19.0583 -0.2573
v  -0.8864 19.0833 -0.2545
v  -1.0018 19.3648 -0.3112
v  -0.9956 19.3877 -0.3541
v  -0.9929 19.4055 -0.2937
v  -0.9854 19.4346 -0.3148
v  -0.9981 19.4743 -0.3324
v  -1.0185 19.4148 -0.3810
v  -0.9235 19.4542 -0.1280
v  -0.9043 19.4670 -0.1108
v  -0.9042 19.3965 -0.0970
v  -0.9034 19.3979 -0.0750
v  -0.8761 19.4646 -0.1044
v  -0.8750 19.4949 -0.1883
v  -0.8467 19.5089 -0.1731
v  -0.8513 19.5755 -0.2201
v  -0.8460 19.5435 -0.1337
v  -0.8592 19.6316 -0.1681
v  -0.8509 19.5833 -0.0868
v  -0.8619 19.6896 -0.1147
v  -0.8524 19.6282 -0.0337
v  -0.8448 19.5174 -0.0138
v  -0.8456 19.5499 0.0419
v  -0.8429 19.4912 -0.0569
v  -0.8632 19.6088 -0.2924
v  -0.8589 19.5444 -0.3399
v  -0.8708 19.6754 -0.2438
v  -0.8503 19.4721 -0.0883
v  -0.8594 19.3924 -0.0418
v  -0.8420 19.4056 -0.0106
v  -0.8846 19.3939 -0.0584
v  -0.8905 19.3065 -0.0609
v  -0.8663 19.2828 -0.0431
v  -0.8483 19.2168 -0.1019
v  -0.8399 19.2106 -0.0497
v  -0.8123 19.1631 -0.0942
v  -0.8235 19.1244 -0.1026
v  -0.8456 19.1381 -0.1049
v  -0.8393 19.1596 -0.0940
v  -0.7826 19.1230 -0.0987
v  -0.7954 19.1055 -0.0922
v  -0.8061 19.1330 -0.1612
v  -0.7828 19.0936 -0.1321
v  -0.8449 19.1784 -0.1744
v  -0.8550 19.1685 -0.0704
v  -0.8584 19.3069 0.0014
v  -0.8481 19.2270 -0.0094
v  -0.8853 19.3974 -0.1159
v  -0.9983 19.4301 -0.4100
v  -1.0157 19.3424 -0.4375
v  -1.0286 19.3337 -0.4085
v  -1.0210 19.2438 -0.4466
v  -1.0325 19.2414 -0.4190
v  -1.0140 19.1428 -0.4324
v  -1.0306 19.1450 -0.4069
v  -0.9895 19.2451 -0.4562
v  -0.9831 19.1464 -0.4426
v  -0.9484 19.1521 -0.4434
v  -0.9261 19.0648 -0.4122
v  -0.9574 19.0600 -0.4019
v  -0.9852 19.0554 -0.3904
v  -0.9201 18.9851 -0.3525
v  -0.9488 18.9807 -0.3404
v  -0.8896 18.9848 -0.3702
v  -0.9084 19.1564 -0.4546
v  -0.9526 19.2461 -0.4511
v  -0.9107 19.2481 -0.4570
v  -0.8898 19.0672 -0.4333
v  -0.9807 19.3409 -0.4433
v  -0.9587 19.4227 -0.4132
v  -0.9423 19.3363 -0.4365
v  -0.9203 19.4133 -0.4083
v  -1.0042 19.0575 -0.3700
v  -0.9701 18.9833 -0.3226
v  -0.9434 18.9428 -0.2556
v  -0.9378 18.9238 -0.2733
v  -0.9135 18.9166 -0.2895
v  -0.8677 19.4812 -0.3860
v  -0.8850 19.4146 -0.4203
v  -0.9013 19.3363 -0.4446
v  -0.8679 19.2543 -0.4912
v  -0.8641 19.3450 -0.4800
v  -0.8295 19.2657 -0.5588
v  -0.8325 19.3626 -0.5471
v  -0.8604 19.4301 -0.4590
v  -0.8418 19.4552 -0.5277
v  -0.8616 19.5076 -0.4305
v  -0.8542 19.5418 -0.5012
v  -0.8663 19.5796 -0.3950
v  -0.8636 19.6239 -0.4687
v  -0.8730 19.6514 -0.3559
v  -0.8714 19.7046 -0.4323
v  -0.8444 19.6754 -0.5656
v  -0.8518 19.7645 -0.5279
v  -0.8765 19.7871 -0.3911
v  -0.8563 19.8532 -0.4840
v  -0.8789 19.7265 -0.3129
v  -0.8193 19.4876 -0.6223
v  -0.8340 19.5836 -0.5975
v  -0.7874 19.5222 -0.7299
v  -0.8020 19.6275 -0.7064
v  -0.7402 19.5549 -0.8400
v  -0.7532 19.6699 -0.8170
v  -0.8119 19.7288 -0.6742
v  -0.7618 19.7808 -0.7840
v  -0.8031 19.3869 -0.6389
v  -0.7692 19.4131 -0.7439
v  -0.7911 19.2822 -0.6473
v  -0.7367 19.1855 -0.7420
v  -0.7818 19.1749 -0.6455
v  -0.7517 19.3003 -0.7481
v  -0.8243 19.1661 -0.5583
v  -0.8640 19.1608 -0.4894
v  -0.8493 19.0675 -0.4741
v  -0.8113 19.0658 -0.5439
v  -0.8572 18.9814 -0.4002
v  -0.8231 18.9749 -0.4468
v  -0.7889 18.9662 -0.5167
v  -0.7686 19.0670 -0.6302
v  -0.7206 19.0705 -0.7235
v  -0.6660 19.0731 -0.8172
v  -0.6856 19.1939 -0.8412
v  -0.6000 19.0735 -0.9049
v  -0.6215 19.1988 -0.9348
v  -0.7041 19.3158 -0.8523
v  -0.6413 19.3270 -0.9511
v  -0.6994 18.9577 -0.6924
v  -0.7477 18.9605 -0.6017
v  -0.6432 18.9558 -0.7816
v  -0.8360 19.0934 -0.1024
v  -0.7989 19.0710 -0.1024
v  -0.8244 19.0469 -0.0937
v  -0.8473 19.0631 -0.0844
v  -0.8085 19.0371 -0.1198
v  -0.8397 19.0137 -0.1075
v  -0.8547 19.0188 -0.1560
v  -0.8143 19.0521 -0.1580
v  -0.8494 19.0133 -0.0643
v  -0.8609 18.9583 -0.1184
v  -0.8485 18.9342 -0.0880
v  -0.8763 18.9179 -0.1348
v  -0.8650 18.8875 -0.1189
v  -0.8958 18.9023 -0.1690
v  -0.8807 18.9398 -0.1562
v  -0.8957 18.9360 -0.1858
v  -0.8736 18.9735 -0.1590
v  -0.9000 18.9831 -0.2154
v  -0.8435 19.0841 -0.2130
v  -0.8790 19.0328 -0.2116
v  -0.8674 19.1429 -0.2345
v  -0.9133 18.9328 -0.2116
v  -0.9294 18.9635 -0.2416
v  -0.9178 18.9093 -0.2116
v  -0.9108 18.8823 -0.2202
v  -0.8831 18.8689 -0.2327
v  -0.8868 18.8694 -0.1649
v  -0.8579 18.8490 -0.1723
v  -0.8360 18.8563 -0.1174
v  -0.8226 18.8419 -0.1803
v  -0.8076 18.8289 -0.1325
v  -0.7756 18.7771 -0.1000
v  -0.8168 18.8835 -0.0601
v  -0.8052 18.8604 0.0305
v  -0.8302 18.9520 0.0574
v  -0.8410 18.9771 -0.0137
v  -0.8548 19.0591 0.0243
v  -0.8586 19.0830 -0.0245
v  -0.8456 19.0377 0.0904
v  -0.7998 18.8484 0.1159
v  -0.7742 18.7564 0.0223
v  -0.7755 18.7612 0.1197
v  -0.8173 18.9301 0.1387
v  -0.7928 18.8215 -0.1775
v  -0.7991 18.8286 -0.2467
v  -0.8440 18.8654 -0.2401
v  -0.7623 18.7215 -0.1873
v  -0.8448 18.9086 -0.3190
v  -0.8800 18.9184 -0.3007
v  -0.8605 19.1085 -0.0609
v  -0.8587 19.1270 -0.0918
v  -0.8567 19.1644 -0.0332
v  -0.8565 19.1528 0.0086
v  -0.8515 19.2280 0.0353
v  -0.8525 19.3169 0.0490
v  -0.8525 19.3244 0.1094
v  -0.8430 19.4433 0.0987
v  -0.8409 19.4226 0.0353
v  -0.8575 19.2240 0.0901
v  -0.8575 19.1389 0.0594
v  -0.8546 19.1235 0.1269
v  -0.8591 19.2163 0.1626
v  -0.8191 19.4142 0.3287
v  -0.7931 19.5158 0.3839
v  -0.8039 19.5878 0.2866
v  -0.8327 19.4748 0.2040
v  -0.8165 19.6747 0.1986
v  -0.7676 19.6821 0.3653
v  -0.7799 19.7620 0.2829
v  -0.7238 19.7680 0.4484
v  -0.7349 19.8493 0.3695
v  -0.7217 19.6898 0.5280
v  -0.6747 19.7590 0.6107
v  -0.6735 19.8445 0.5340
v  -0.6139 19.9090 0.6185
v  -0.6179 19.8152 0.6920
v  -0.6812 19.9312 0.4568
v  -0.6967 20.0157 0.3788
v  -0.7503 19.9297 0.2900
v  -0.7132 20.0964 0.2970
v  -0.7663 20.0077 0.2087
v  -0.7953 19.8421 0.2016
v  -0.8291 19.7575 0.1143
v  -0.8099 19.9194 0.1199
v  -0.8416 19.8338 0.0323
v  -0.7804 20.0825 0.1249
v  -0.8230 19.9935 0.0377
v  -0.8523 19.9057 -0.0478
v  -0.8390 19.5970 0.1164
v  -0.8483 19.6840 0.0325
v  -0.8574 19.7556 -0.0490
v  -0.7265 20.1725 0.2107
v  -0.7362 20.2442 0.1214
v  -0.7908 20.1543 0.0390
v  -0.6608 20.3935 0.0919
v  -0.7349 20.3089 0.0281
v  -0.6677 20.3336 0.1952
v  -0.6643 20.2629 0.2927
v  -0.7893 20.2212 -0.0499
v  -0.6525 20.1836 0.3834
v  -0.5722 20.2619 0.4589
v  -0.6352 20.0971 0.4667
v  -0.5598 20.1690 0.5480
v  -0.5781 20.3431 0.3590
v  -0.6204 20.0052 0.5443
v  -0.5475 20.0674 0.6265
v  -0.4536 20.1126 0.6910
v  -0.4632 20.2239 0.6121
v  -0.3565 20.2661 0.6600
v  -0.3497 20.1470 0.7400
v  -0.4703 20.3216 0.5151
v  -0.3595 20.3668 0.5549
v  -0.5406 19.9603 0.6960
v  -0.4483 19.9962 0.7569
v  -0.5418 19.8570 0.7620
v  -0.4503 19.8862 0.8183
v  -0.6861 19.6822 0.6828
v  -0.6269 19.7321 0.7576
v  -0.7269 19.6187 0.6048
v  -0.7614 19.6076 0.4507
v  -0.7576 19.5412 0.5359
v  -0.7811 19.4533 0.4798
v  -0.7396 19.4816 0.6106
v  -0.7534 19.3963 0.5711
v  -0.6981 19.4366 0.6677
v  -0.6947 19.3394 0.6675
v  -0.6537 19.4203 0.7016
v  -0.6348 19.3618 0.7124
v  -0.6387 19.2526 0.7570
v  -0.5930 19.3051 0.7631
v  -0.7365 19.2463 0.6389
v  -0.6791 19.1710 0.7405
v  -0.7764 19.3071 0.5357
v  -0.6936 19.5021 0.7058
v  -0.7197 19.5533 0.6660
v  -0.8028 19.3601 0.4346
v  -0.8184 19.2622 0.3930
v  -0.7934 19.2141 0.4957
v  -0.8381 19.3022 0.2905
v  -0.6824 19.6120 0.7348
v  -0.6258 19.6608 0.8017
v  -0.6646 19.5551 0.7644
v  -0.6162 19.6024 0.8267
v  -0.6345 19.5103 0.7781
v  -0.5939 19.5533 0.8340
v  -0.5640 19.5117 0.8293
v  -0.5976 19.4744 0.7812
v  -0.6552 19.4669 0.7306
v  -0.6141 19.4414 0.7422
v  -0.6203 19.4162 0.7179
v  -0.5524 19.4484 0.7668
v  -0.5249 19.4831 0.8091
v  -0.5082 19.4174 0.7465
v  -0.5717 19.4152 0.7409
v  -0.5365 19.3812 0.7607
v  -0.4875 19.4603 0.7785
v  -0.5080 19.5475 0.8775
v  -0.5321 19.5924 0.8894
v  -0.4783 19.5168 0.8483
v  -0.5511 19.6444 0.8886
v  -0.5515 19.7015 0.8614
v  -0.4534 19.6147 0.9350
v  -0.4679 19.6724 0.9424
v  -0.4337 19.5688 0.9116
v  -0.3685 19.6148 0.9709
v  -0.3715 19.6789 0.9808
v  -0.3721 19.5762 0.9375
v  -0.4611 19.7271 0.9104
v  -0.3616 19.7361 0.9510
v  -0.4548 19.7946 0.8701
v  -0.5481 19.7701 0.8202
v  -0.3558 19.8088 0.9153
v  -0.8491 19.3280 0.1914
v  -0.8481 19.1968 0.2522
v  -0.8251 19.1640 0.3493
v  -0.7967 19.1197 0.4464
v  -0.7609 19.0636 0.5394
v  -0.7904 19.0273 0.3908
v  -0.7531 18.9727 0.4709
v  -0.7793 18.9384 0.3317
v  -0.7416 18.8825 0.3977
v  -0.7005 18.8160 0.4574
v  -0.7091 18.9072 0.5421
v  -0.7345 18.7961 0.3204
v  -0.6959 18.7245 0.3716
v  -0.7701 18.8576 0.2695
v  -0.7700 18.7939 0.2021
v  -0.7381 18.7195 0.2382
v  -0.7909 18.8474 0.1784
v  -0.7981 18.9043 0.2129
v  -0.8090 18.9830 0.2565
v  -0.7441 18.6626 0.1488
v  -0.7033 18.5650 0.1953
v  -0.7000 18.6380 0.2843
v  -0.7404 18.6300 0.0547
v  -0.6943 18.5095 0.1062
v  -0.6592 18.7398 0.5160
v  -0.6564 18.6445 0.4263
v  -0.6169 18.6563 0.5776
v  -0.6143 18.5541 0.4858
v  -0.6584 18.5532 0.3380
v  -0.6113 18.4611 0.3960
v  -0.6618 18.8328 0.6074
v  -0.6554 18.9215 0.6992
v  -0.7134 18.9960 0.6245
v  -0.6327 19.0109 0.7779
v  -0.7051 19.0834 0.6953
v  -0.5971 19.1033 0.8237
v  -0.5514 18.9449 0.8471
v  -0.4995 19.0456 0.8936
v  -0.5924 18.8483 0.7661
v  -0.7591 19.1551 0.5981
v  -0.6127 18.7549 0.6715
v  -0.5609 18.6841 0.7374
v  -0.5279 18.7854 0.8300
v  -0.5703 18.5726 0.6438
v  -0.8198 19.0706 0.3027
v  -0.8422 19.1021 0.2115
v  -0.8309 19.0143 0.1724
v  -2.0928 15.6480 -0.0895
v  -2.0811 15.5756 -0.1906
v  -2.0445 15.5408 -0.1711
v  -2.0515 15.6249 -0.0598
v  -2.0844 15.5218 -0.3007
v  -2.1120 15.5854 -0.2010
v  -2.1037 15.5293 -0.3040
v  -2.1424 15.5771 -0.2057
v  -2.1244 15.5212 -0.3052
v  -2.1738 15.5537 -0.2066
v  -2.1473 15.4993 -0.3041
v  -2.2068 15.5175 -0.2050
v  -2.1727 15.4656 -0.3013
v  -2.1330 15.4557 -0.4071
v  -2.1169 15.4762 -0.4090
v  -2.1271 15.4230 -0.5129
v  -2.1160 15.4420 -0.5146
v  -2.1078 15.4497 -0.5153
v  -2.1037 15.4844 -0.4094
v  -2.0928 15.4790 -0.4089
v  -2.0843 15.4597 -0.4090
v  -2.1022 15.4452 -0.5152
v  -2.0668 15.4972 -0.2989
v  -2.1263 15.4018 -0.6195
v  -2.1414 15.3940 -0.5105
v  -2.1280 15.3927 -0.7255
v  -2.1588 15.3562 -0.5079
v  -2.1792 15.3106 -0.5054
v  -2.1741 15.3834 -0.4006
v  -2.1990 15.3342 -0.3970
v  -2.1521 15.4243 -0.4042
v  -2.2414 15.4704 -0.2018
v  -2.2005 15.4216 -0.2975
v  -2.2781 15.4139 -0.1975
v  -2.2310 15.3687 -0.2932
v  -2.3170 15.3493 -0.1924
v  -2.2642 15.3081 -0.2887
v  -2.3425 15.4688 -0.1143
v  -2.3872 15.4006 -0.1091
v  -2.4247 15.5317 -0.0491
v  -2.4746 15.4602 -0.0446
v  -2.3587 15.2778 -0.1866
v  -2.4341 15.3254 -0.1024
v  -2.5262 15.3821 -0.0373
v  -2.2994 15.5289 -0.1178
v  -2.3758 15.5954 -0.0505
v  -2.2574 15.5794 -0.1192
v  -2.3266 15.6500 -0.0485
v  -2.2271 15.2776 -0.3935
v  -2.2029 15.2580 -0.5032
v  -2.2306 15.1990 -0.5015
v  -2.2589 15.2144 -0.3903
v  -2.3008 15.2405 -0.2841
v  -2.2159 15.6186 -0.1183
v  -2.2759 15.6938 -0.0434
v  -2.2227 15.7236 -0.0348
v  -2.2880 15.8164 0.0293
v  -2.3554 15.7791 0.0137
v  -2.1746 15.6444 -0.1143
v  -2.1335 15.6547 -0.1057
v  -2.1681 15.7362 -0.0222
v  -2.1155 15.7314 -0.0032
v  -2.2141 15.8311 0.0477
v  -2.2672 15.9422 0.1030
v  -2.3730 15.9288 0.0748
v  -2.3172 16.0719 0.1435
v  -2.4893 16.0793 0.0960
v  -2.1735 15.9340 0.1296
v  -2.1920 16.0536 0.1763
v  -2.1447 15.8263 0.0696
v  -2.4569 15.8748 0.0478
v  -2.4153 15.7278 0.0018
v  -2.4702 15.6674 -0.0056
v  -2.5232 15.5998 -0.0079
v  -2.5767 15.5256 -0.0051
v  -2.6347 15.6692 0.0036
v  -2.6890 15.5930 0.0036
v  -2.5809 15.7413 0.0113
v  -2.5237 15.8102 0.0263
v  -2.6522 15.8921 0.0193
v  -2.7053 15.8122 -0.0045
v  -2.5856 15.9781 0.0514
v  -2.0666 15.7107 0.0263
v  -2.0094 15.5938 -0.0033
v  -2.0219 15.6773 0.0704
v  -1.9710 15.5548 0.0641
v  -1.9820 15.6325 0.1248
v  -1.9361 15.5051 0.1310
v  -1.9458 15.5775 0.1849
v  -1.9140 15.5926 0.3035
v  -1.9495 15.6594 0.2419
v  -1.9113 15.5156 0.2487
v  -1.8791 15.5229 0.3690
v  -1.8761 15.4505 0.3151
v  -1.8426 15.4535 0.4363
v  -1.8380 15.3858 0.3828
v  -1.8701 15.6027 0.4251
v  -1.9047 15.6776 0.3601
v  -1.8422 15.6866 0.4808
v  -1.8777 15.7673 0.4160
v  -1.7898 15.7667 0.5317
v  -1.8277 15.8541 0.4683
v  -1.7173 15.8357 0.5756
v  -1.7556 15.9282 0.5140
v  -1.9171 15.8457 0.3548
v  -1.8703 15.9401 0.4061
v  -1.8000 16.0210 0.4511
v  -1.8057 15.6073 0.5463
v  -1.7513 15.6816 0.5941
v  -1.8346 15.5285 0.4919
v  -1.9418 15.7498 0.2993
v  -1.7933 15.4576 0.5581
v  -1.8018 15.3867 0.5034
v  -1.7534 15.3240 0.5685
v  -1.7434 15.3906 0.6215
v  -1.7955 15.3235 0.4502
v  -1.7471 15.2649 0.5158
v  -1.8667 15.3864 0.2654
v  -1.8277 15.3254 0.3334
v  -1.8560 15.3295 0.2208
v  -1.8169 15.2710 0.2887
v  -1.8913 15.3877 0.1529
v  -1.9021 15.4475 0.1979
v  -1.9247 15.4414 0.0839
v  -1.9588 15.4852 0.0094
v  -1.8825 15.3343 0.1147
v  -1.8478 15.2777 0.1813
v  -1.9145 15.3857 0.0478
v  -1.8092 15.2201 0.2483
v  -1.7728 15.2147 0.3561
v  -1.7840 15.2669 0.4009
v  -1.7233 15.1617 0.4218
v  -1.7347 15.2119 0.4666
v  -1.7657 15.1642 0.3154
v  -1.7172 15.1112 0.3814
v  -1.9881 15.7192 0.1859
v  -1.9840 15.8149 0.2447
v  -2.0345 15.8689 0.1979
v  -2.0322 15.7685 0.1375
v  -2.0222 15.9770 0.2506
v  -2.0962 16.0226 0.2101
v  -2.0965 15.9090 0.1598
v  -2.0839 15.8047 0.0985
v  -2.0754 16.1396 0.2469
v  -2.1865 16.1785 0.2076
v  -2.0335 16.2496 0.2669
v  -2.1586 16.2961 0.2160
v  -2.1087 16.4076 0.2108
v  -2.2553 16.4562 0.1526
v  -2.3033 16.3357 0.1690
v  -1.9704 16.3542 0.2754
v  -2.3256 16.2085 0.1719
v  -1.9891 16.0872 0.2938
v  -1.9326 16.1883 0.3258
v  -1.8568 16.1095 0.3880
v  -1.9224 16.0194 0.3473
v  -1.8461 16.2853 0.3516
v  -1.7654 16.1894 0.4246
v  -1.9640 15.9171 0.2991
v  -1.9981 15.5128 -0.0843
v  -1.9759 15.4489 -0.0957
v  -1.9455 15.4261 -0.0216
v  -1.9659 15.3978 -0.1089
v  -1.9379 15.3751 -0.0446
v  -1.9089 15.3357 0.0183
v  -1.8781 15.2850 0.0812
v  -1.8443 15.2284 0.1453
v  -1.8066 15.1703 0.2110
v  -1.8463 15.1792 0.1107
v  -1.8095 15.1195 0.1746
v  -1.8791 15.2370 0.0496
v  -1.9086 15.2885 -0.0085
v  -1.9135 15.2423 -0.0361
v  -1.8853 15.1884 0.0170
v  -2.0090 15.4837 -0.1574
v  -0.6265 17.9911 -0.0360
v  -0.5792 18.0656 0.0466
v  -0.6422 18.2336 -0.0269
v  -0.6799 18.1572 -0.1663
v  -0.6966 18.4134 -0.0830
v  -0.6074 18.2968 0.0888
v  -0.6847 18.4567 0.0162
v  -0.6347 18.4002 0.1672
v  -0.6546 18.4728 0.2511
v  -0.5978 18.3841 0.3091
v  -0.5279 18.2870 0.3610
v  -0.5531 18.3583 0.4527
v  -0.5731 18.3211 0.2290
v  -0.5021 18.2258 0.2754
v  -0.5550 18.2644 0.1698
v  -0.4968 18.1675 0.1992
v  -0.5312 18.1263 0.1248
v  -0.4287 18.0517 0.2393
v  -0.4634 17.9862 0.1723
v  -0.4249 18.1215 0.3171
v  -0.3586 17.9379 0.2770
v  -0.3952 17.8610 0.2146
v  -0.5165 17.9222 0.1131
v  -0.4486 17.7933 0.1651
v  -0.4461 18.1875 0.4046
v  -0.4784 18.2529 0.5029
v  -0.3467 18.0187 0.3530
v  -0.3594 18.0926 0.4390
v  -0.2997 18.0740 0.5684
v  -0.3925 18.1513 0.5342
v  -0.2700 18.0107 0.4698
v  -0.4233 18.2045 0.6330
v  -0.4974 18.3441 0.6247
v  -0.5644 18.4528 0.5500
v  -0.3474 18.1183 0.6587
v  -0.2735 18.0672 0.7075
v  -0.1946 18.0234 0.6217
v  -0.1773 17.9499 0.4991
v  -0.2651 17.9250 0.3832
v  -0.2813 17.8324 0.3077
v  -0.1789 17.8496 0.4092
v  -0.1945 17.7432 0.3333
v  -0.3166 17.7456 0.2479
v  -0.2231 17.6438 0.2743
v  -0.7322 18.5754 -0.1346
v  -0.7335 18.6098 -0.0433
v  -0.7100 18.3841 -0.1911
v  -0.6916 18.2461 -0.3000
v  -0.7046 18.3997 -0.2985
v  -0.6754 18.2766 -0.4045
v  -0.6762 18.4080 -0.3963
v  -0.6976 18.1355 -0.3373
v  -0.6959 18.1000 -0.2613
v  -0.7226 18.0291 -0.3682
v  -0.7158 18.0013 -0.2846
v  -0.6898 18.1582 -0.4281
v  -0.7231 18.0494 -0.4567
v  -0.6740 18.1658 -0.5231
v  -0.7141 18.0583 -0.5504
v  -0.6487 18.2820 -0.5013
v  -0.6993 17.9756 -0.1941
v  -0.7424 17.8558 -0.2321
v  -0.7126 17.7911 -0.1452
v  -0.6653 17.8861 -0.0940
v  -0.5717 17.8569 0.0541
v  -0.6208 17.7837 -0.0048
v  -0.6427 18.5282 -0.4893
v  -0.6381 18.4051 -0.4890
v  -0.6857 18.5376 -0.4020
v  -0.5971 18.3965 -0.5782
v  -0.6148 18.2771 -0.5936
v  -0.5474 18.5057 -0.6577
v  -0.5512 18.3859 -0.6624
v  -0.5966 18.5171 -0.5754
v  -0.4973 18.3744 -0.7385
v  -0.5160 18.2554 -0.7577
v  -0.5712 18.2677 -0.6800
v  -0.4919 18.4946 -0.7322
v  -0.5600 18.6224 -0.6699
v  -0.6122 18.6333 -0.5882
v  -0.6597 18.6455 -0.5030
v  -0.7180 18.5442 -0.3138
v  -0.7019 18.6589 -0.4188
v  -0.7343 18.6732 -0.3389
v  -0.7528 18.6911 -0.2634
v  -0.7319 18.5519 -0.2242
v  -0.7263 18.7683 -0.4462
v  -0.7568 18.7852 -0.3722
v  -0.7788 18.8046 -0.3084
v  -0.3199 18.5803 0.9805
v  -0.3268 18.5287 0.9549
v  -0.3021 18.5640 0.9578
v  -0.2891 18.5855 0.9794
v  -0.2886 18.5456 0.9600
v  -0.2790 18.5627 0.9595
v  -0.2857 18.5739 0.9590
v  -0.2645 18.5296 0.9847
v  -0.2585 18.5582 0.9794
v  -0.2301 18.5121 1.0234
v  -0.2223 18.5490 1.0151
v  -0.1702 18.5406 1.0575
v  -0.1789 18.4986 1.0672
v  -0.2262 18.5776 1.0069
v  -0.2666 18.5793 0.9769
v  -0.1694 18.5728 1.0425
v  -0.0967 18.5385 1.0949
v  -0.1020 18.4936 1.1052
v  -0.2368 18.4644 1.0198
v  -0.1840 18.4478 1.0603
v  -0.2455 18.4077 1.0086
v  -0.1878 18.3895 1.0454
v  -0.1939 18.3203 1.0304
v  -0.2612 18.3401 0.9893
v  -0.3035 18.3918 0.9608
v  -0.2831 18.4418 0.9774
v  -0.2727 18.4900 0.9840
v  -0.1043 18.4430 1.0949
v  -0.1043 18.3886 1.0741
v  0.0000 18.5380 1.1073
v  0.0001 18.5761 1.0855
v  -0.0969 18.5733 1.0755
v  0.0000 18.5986 1.0966
v  -0.0445 18.5967 1.0908
v  0.0445 18.5967 1.0908
v  -0.0000 18.6073 1.1158
v  0.0597 18.6118 1.1139
v  0.1179 18.5995 1.0784
v  0.1397 18.6249 1.1050
v  0.0970 18.5732 1.0759
v  -0.1178 18.5995 1.0782
v  -0.0597 18.6118 1.1139
v  -0.1397 18.6247 1.1052
v  0.0968 18.5385 1.0952
v  0.0000 18.4929 1.1196
v  0.1020 18.4936 1.1054
v  -0.1895 18.5956 1.0472
v  -0.2491 18.5941 1.0123
v  -0.2203 18.6141 1.0620
v  -0.2818 18.6052 1.0193
v  -0.3188 18.6186 1.0191
v  -0.3559 18.5753 0.9741
v  -0.3925 18.5738 0.9555
v  -0.4019 18.4860 0.9090
v  -0.3653 18.5053 0.9405
v  -0.3576 18.4199 0.9236
v  -0.3254 18.4551 0.9486
v  -0.3935 18.3923 0.8788
v  -0.4288 18.5785 0.9208
v  -0.4386 18.4766 0.8598
v  -0.3558 18.6358 1.0097
v  -0.3908 18.6581 0.9873
v  -0.2999 18.5127 0.9606
v  -0.3043 18.4730 0.9598
v  -1.7108 12.2637 -0.1214
v  -1.6772 12.4223 -0.2202
v  -1.6479 12.2465 -0.2974
v  -1.6828 12.1426 -0.1948
v  -1.6584 12.0306 -0.2483
v  -1.6740 11.9395 -0.1489
v  -1.6967 12.0312 -0.1018
v  -1.6992 11.9229 -0.0122
v  -1.6784 11.8457 -0.0520
v  -1.6742 11.7576 0.0456
v  -1.6953 11.8246 0.0787
v  -1.6699 11.6837 0.1452
v  -1.6868 11.7431 0.1726
v  -1.6691 11.6934 0.0187
v  -1.6684 11.6254 0.1217
v  -1.6697 11.7717 -0.0835
v  -1.6665 11.8522 -0.1860
v  -1.6773 11.6934 -0.1117
v  -1.6797 11.6235 -0.0066
v  -1.6817 11.5605 0.0986
v  -1.7031 11.5425 -0.0318
v  -1.7069 11.4842 0.0745
v  -1.6469 11.9243 -0.2890
v  -1.6668 11.6277 0.2449
v  -1.6797 11.6832 0.2670
v  -1.7025 11.7423 0.2936
v  -1.7141 11.8094 0.2089
v  -1.7113 11.7543 0.3803
v  -1.7241 11.8034 0.3296
v  -1.6934 11.7031 0.3712
v  -1.6871 11.6986 0.4467
v  -1.7106 11.7752 0.4333
v  -1.6712 11.7101 0.5245
v  -1.6962 11.8066 0.5023
v  -1.6670 11.6276 0.4444
v  -1.6493 11.6231 0.5293
v  -1.6742 11.6453 0.3575
v  -1.7309 11.8580 0.3880
v  -1.7385 11.8822 0.2590
v  -1.7238 11.8998 0.1235
v  -1.7488 11.9827 0.1836
v  -1.7473 11.9553 0.3255
v  -1.7563 12.0662 0.2587
v  -1.7288 12.0081 0.0409
v  -1.7523 12.0988 0.1110
v  -1.6635 11.5882 0.3415
v  -1.6556 11.5618 0.4342
v  -1.6350 11.5449 0.5232
v  -1.5949 11.5336 0.6058
v  -1.6317 11.4717 0.5117
v  -1.5871 11.4514 0.5961
v  -1.6559 11.4973 0.4202
v  -1.6135 11.6242 0.6096
v  -1.6656 11.5298 0.3242
v  -1.6810 11.4650 0.3054
v  -1.6690 11.4283 0.4041
v  -1.6833 11.5081 0.2032
v  -1.6680 11.5714 0.2244
v  -1.7258 12.1297 -0.0390
v  -1.7473 12.2264 0.0433
v  -1.7328 12.3637 -0.0195
v  -1.7568 12.1873 0.1952
v  -1.7487 12.3158 0.1376
v  -1.7371 12.2646 0.2869
v  -1.7263 12.3919 0.2369
v  -1.7090 12.5230 0.1943
v  -1.7326 12.4504 0.0874
v  -1.7113 12.5911 0.0466
v  -1.6882 12.6577 0.1602
v  -1.7106 12.5137 -0.0753
v  -1.6831 12.4518 0.3362
v  -1.6659 12.5800 0.2990
v  -1.6953 12.3260 0.3802
v  -1.7399 12.1412 0.3429
v  -1.7335 12.0228 0.4025
v  -1.6969 12.0789 0.4832
v  -1.7005 12.2019 0.4300
v  -1.6834 11.9570 0.5345
v  -1.7178 11.9107 0.4591
v  -1.6011 12.4588 -0.3769
v  -1.5131 12.4785 -0.5145
v  -1.4188 12.4900 -0.6405
v  -1.3164 12.4944 -0.7544
v  -1.3162 12.3870 -0.7709
v  -1.3161 12.2816 -0.7955
v  -1.2105 12.3930 -0.8674
v  -1.0983 12.3892 -0.9479
v  -1.0903 12.4827 -0.9356
v  -1.2065 12.4920 -0.8536
v  -1.0843 12.5789 -0.9308
v  -1.2032 12.5926 -0.8481
v  -1.0806 12.6773 -0.9335
v  -1.2004 12.6937 -0.8511
v  -1.3156 12.6025 -0.7474
v  -1.3134 12.7092 -0.7501
v  -0.9603 12.5609 -0.9942
v  -0.9690 12.4660 -0.9991
v  -1.4204 12.6091 -0.6310
v  -1.5177 12.6139 -0.5019
v  -1.5148 12.7417 -0.5031
v  -1.4187 12.7247 -0.6329
v  -1.3106 12.8136 -0.7619
v  -1.4142 12.8351 -0.6457
v  -1.5071 12.8603 -0.5168
v  -1.6048 12.6183 -0.3640
v  -1.5981 12.7618 -0.3665
v  -1.5865 12.8904 -0.3816
v  -1.6381 12.9242 -0.2579
v  -1.6257 13.0495 -0.2856
v  -1.5749 13.0080 -0.4092
v  -1.6524 12.7860 -0.2405
v  -1.4992 12.9713 -0.5425
v  -1.6658 12.6267 -0.2298
v  -1.4094 12.9410 -0.6686
v  -1.3083 12.9158 -0.7819
v  -1.4070 13.0442 -0.7007
v  -1.3078 13.0174 -0.8091
v  -1.4944 13.0776 -0.5795
v  -1.5665 13.2243 -0.5042
v  -1.4945 13.1817 -0.6266
v  -1.5673 13.1180 -0.4506
v  -1.4083 13.1471 -0.7409
v  -1.3104 13.1199 -0.8429
v  -1.4138 13.2517 -0.7880
v  -1.3160 13.2250 -0.8826
v  -1.2029 13.0996 -0.9294
v  -1.1990 12.9964 -0.9014
v  -1.2092 13.2060 -0.9623
v  -1.1977 12.8951 -0.8788
v  -1.1984 12.7945 -0.8617
v  -1.6921 12.6765 -0.1021
v  -1.6747 12.8276 -0.1213
v  -1.6594 12.9669 -0.1430
v  -1.6722 12.8800 -0.0040
v  -1.6582 13.0178 -0.0287
v  -1.6509 12.9341 0.1110
v  -1.6393 13.0712 0.0854
v  -1.6483 13.0967 -0.1727
v  -1.6504 13.1499 -0.0607
v  -1.6509 13.2763 -0.1035
v  -1.6442 13.2190 -0.2140
v  -1.6488 13.3350 -0.2684
v  -1.6604 13.3969 -0.1586
v  -1.6414 13.3362 0.0079
v  -1.6576 13.4611 -0.0494
v  -1.6169 13.3962 0.1217
v  -1.6411 13.5269 0.0598
v  -1.6776 13.5121 -0.2240
v  -1.6807 13.5795 -0.1161
v  -1.7079 13.6922 -0.1891
v  -1.6998 13.6226 -0.2970
v  -1.6723 13.6488 -0.0112
v  -1.7065 13.7633 -0.0868
v  -1.6619 13.4461 -0.3343
v  -1.6354 13.2057 0.0522
v  -1.6057 13.2588 0.1665
v  -1.5576 13.1596 0.3118
v  -1.5593 13.3043 0.2844
v  -1.6059 13.1205 0.1987
v  -1.5744 13.4557 0.2431
v  -1.6123 13.5955 0.1694
v  -1.6543 13.7211 0.0898
v  -1.5736 13.6749 0.2778
v  -1.6304 13.8012 0.1843
v  -1.5028 13.5205 0.3889
v  -1.6187 13.1659 -0.3262
v  -1.6202 13.2759 -0.3805
v  -1.6302 13.3824 -0.4475
v  -1.5733 13.3299 -0.5665
v  -1.5004 13.2865 -0.6814
v  -1.5857 13.4380 -0.6347
v  -1.5108 13.3949 -0.7418
v  -1.6015 13.5512 -0.7059
v  -1.5241 13.5092 -0.8059
v  -1.6632 13.6023 -0.5992
v  -1.6448 13.4905 -0.5225
v  -1.4228 13.3606 -0.8404
v  -1.6146 12.9826 0.2234
v  -1.5642 13.0201 0.3328
v  -1.5095 12.9084 0.4528
v  -1.4994 13.0431 0.4374
v  -1.5760 12.8841 0.3520
v  -1.4209 13.0505 0.5338
v  -1.4129 13.1836 0.5266
v  -1.4929 13.1828 0.4230
v  -1.4302 12.9196 0.5453
v  -1.3410 12.9208 0.6272
v  -1.3318 13.0459 0.6181
v  -1.3225 13.1703 0.6152
v  -1.3119 13.2939 0.6205
v  -1.4059 13.3207 0.5251
v  -1.4923 13.3341 0.4075
v  -1.2272 13.1491 0.6872
v  -1.2376 13.0331 0.6887
v  -1.1446 13.0169 0.7481
v  -1.1331 13.1251 0.7458
v  -1.2468 12.9145 0.6973
v  -1.1539 12.9053 0.7573
v  -1.5220 12.7769 0.4714
v  -1.4411 12.7907 0.5615
v  -1.5910 12.7511 0.3733
v  -1.5360 12.6488 0.4949
v  -1.4529 12.6643 0.5828
v  -1.6075 12.6215 0.3997
v  -1.3506 12.7955 0.6421
v  -1.2550 12.7941 0.7119
v  -1.3602 12.6711 0.6619
v  -1.2618 12.6731 0.7312
v  -1.6289 12.8459 0.2453
v  -1.6469 12.7115 0.2692
v  -1.6678 12.7955 0.1340
v  -1.6905 12.7368 0.0187
v  -5.3573 10.9822 0.0813
v  -5.3818 11.0591 -0.0097
v  -5.4757 10.9186 -0.0408
v  -5.4452 10.8920 0.0427
v  -5.5504 10.7964 -0.0753
v  -5.5126 10.7831 -0.0044
v  -5.5974 10.6730 -0.0303
v  -5.5445 10.6555 0.0218
v  -5.4694 10.7570 0.0597
v  -5.5547 10.5331 0.0273
v  -5.4913 10.6288 0.0708
v  -5.6094 10.5444 -0.0060
v  -5.5967 10.4283 0.0102
v  -5.6433 10.4299 -0.0224
v  -5.6527 10.3194 -0.0071
v  -5.6109 10.3194 0.0201
v  -5.6550 10.2129 0.0214
v  -5.6631 10.1082 0.0591
v  -5.6607 9.9974 0.0917
v  -5.6815 9.9912 0.0515
v  -5.6856 10.1024 0.0201
v  -5.6943 10.0957 -0.0229
v  -5.6872 9.9852 0.0084
v  -5.6810 10.2081 -0.0143
v  -5.6786 10.1996 -0.0559
v  -5.6395 9.8810 0.1116
v  -5.6058 9.8859 0.1351
v  -5.6250 9.7638 0.1313
v  -5.5928 9.7684 0.1508
v  -5.6624 9.8752 0.0781
v  -5.6488 9.7579 0.1021
v  -5.5019 10.5119 0.0573
v  -5.4278 10.5942 0.0915
v  -5.3160 10.6644 0.1349
v  -5.4047 10.7137 0.1061
v  -5.3836 10.5595 0.0920
v  -5.2963 10.6102 0.1216
v  -5.6436 10.6827 -0.0956
v  -5.5087 10.9173 -0.1247
v  -5.5420 10.9123 -0.1998
v  -5.4404 11.0415 -0.1134
v  -5.4740 11.0269 -0.1977
v  -5.4242 11.1459 -0.2164
v  -5.3819 11.1648 -0.1391
v  -5.3291 11.1967 -0.0592
v  -5.5029 11.0133 -0.2791
v  -5.5004 11.1259 -0.3719
v  -5.4648 11.1345 -0.2928
v  -5.3906 10.8420 0.1017
v  -5.3307 10.7855 0.1576
v  -5.2700 10.8446 0.2141
v  -5.3209 10.9144 0.1536
v  -5.2514 10.9743 0.2085
v  -5.2137 10.8901 0.2727
v  -5.2173 10.7679 0.2688
v  -5.1672 10.7990 0.3198
v  -5.1328 10.9142 0.2941
v  -5.1015 10.8171 0.3462
v  -5.1361 10.7008 0.3724
v  -5.0787 10.7094 0.3927
v  -5.0981 10.5861 0.3834
v  -5.0568 10.5865 0.3954
v  -5.1333 10.5787 0.3560
v  -5.1830 10.6795 0.3291
v  -5.0320 10.8214 0.3567
v  -5.0211 10.7057 0.3902
v  -5.0488 10.9223 0.3010
v  -5.1613 11.0047 0.2369
v  -5.1777 11.0888 0.1712
v  -5.2727 11.0546 0.1370
v  -5.2768 11.1418 0.0683
v  -5.1820 11.1775 0.1109
v  -5.0674 11.0185 0.2493
v  -5.0812 11.1023 0.1847
v  -5.2549 10.7250 0.2008
v  -5.2124 10.6538 0.2761
v  -5.1579 10.5666 0.3196
v  -5.1277 10.4583 0.3538
v  -5.1083 10.4638 0.3852
v  -5.1390 10.4510 0.3197
v  -5.1754 10.5515 0.2818
v  -5.2288 10.6277 0.2247
v  -5.2541 11.2416 0.0074
v  -5.2836 11.3123 -0.1084
v  -5.2218 11.3413 -0.0533
v  -5.1553 11.3600 -0.0171
v  -5.1341 11.4532 -0.0827
v  -5.1913 11.4440 -0.1112
v  -5.2481 11.4286 -0.1549
v  -5.3374 11.2869 -0.1749
v  -5.3880 11.2715 -0.2435
v  -5.4073 11.4013 -0.3306
v  -5.4351 11.2625 -0.3126
v  -5.3598 11.4057 -0.2678
v  -5.3052 11.4148 -0.2082
v  -5.3192 11.5458 -0.2868
v  -5.2693 11.5481 -0.2317
v  -5.2140 11.6832 -0.2480
v  -5.2601 11.6891 -0.2983
v  -5.2965 11.6955 -0.3574
v  -5.3620 11.5494 -0.3449
v  -5.2355 11.8382 -0.3652
v  -5.2017 11.8319 -0.3002
v  -5.1544 11.8193 -0.2502
v  -5.2156 11.5532 -0.1848
v  -5.1633 11.6772 -0.2090
v  -5.1605 11.5569 -0.1503
v  -5.1139 11.6712 -0.1785
v  -5.3917 11.5557 -0.4078
v  -5.4450 11.4019 -0.3960
v  -5.3220 11.7022 -0.4219
v  -5.2539 11.8385 -0.4388
v  -5.3226 11.6963 -0.4950
v  -5.3978 11.5548 -0.4780
v  -5.2587 11.8319 -0.5186
v  -5.4611 11.4025 -0.4675
v  -5.4691 11.2553 -0.3871
v  -5.4972 11.2542 -0.4613
v  -5.1070 11.5556 -0.1307
v  -5.0748 11.4506 -0.0760
v  -5.0554 11.5464 -0.1292
v  -5.0146 11.4391 -0.0869
v  -5.0055 11.5309 -0.1429
v  -5.0109 11.3554 -0.0170
v  -5.0841 11.3624 -0.0080
v  -5.0886 11.2758 0.0609
v  -5.1720 11.2677 0.0484
v  -5.0886 11.1874 0.1225
v  -5.0055 11.2687 0.0482
v  -4.9977 11.1827 0.1115
v  -4.9855 11.1011 0.1791
v  -4.9564 11.4196 -0.1142
v  -4.9427 11.3352 -0.0486
v  -4.9050 11.3959 -0.1530
v  -4.8821 11.3115 -0.0885
v  -4.8385 11.2794 -0.1370
v  -4.8681 11.3655 -0.2026
v  -4.8655 11.2262 -0.0223
v  -4.8167 11.1946 -0.0661
v  -4.9294 11.2506 0.0169
v  -4.9165 11.4873 -0.2060
v  -4.9577 11.5111 -0.1680
v  -5.0660 11.6618 -0.1625
v  -5.0201 11.6481 -0.1615
v  -4.9756 11.6305 -0.1739
v  -4.9240 11.7318 -0.1769
v  -4.9664 11.7543 -0.1577
v  -5.0124 11.7746 -0.1610
v  -5.0581 11.7909 -0.1817
v  -4.9910 11.9058 -0.1927
v  -4.9469 11.8845 -0.1754
v  -5.1049 11.8049 -0.2127
v  -5.0367 11.9257 -0.2208
v  -4.9206 12.0164 -0.2060
v  -4.8770 11.9917 -0.1896
v  -4.9038 11.8605 -0.1740
v  -4.8349 11.9648 -0.1884
v  -4.8633 11.8343 -0.1919
v  -4.8871 11.7079 -0.2117
v  -4.8277 11.8062 -0.2277
v  -4.7951 11.9350 -0.2081
v  -4.6842 11.9973 -0.2578
v  -4.7233 12.0344 -0.2218
v  -4.7585 11.9023 -0.2440
v  -4.7646 12.0677 -0.2004
v  -4.8550 11.6807 -0.2567
v  -4.9339 11.6093 -0.1987
v  -4.8993 11.5847 -0.2382
v  -4.8788 11.5576 -0.2950
v  -4.8355 11.6528 -0.3183
v  -4.7968 11.7753 -0.2752
v  -4.7752 11.7438 -0.3377
v  -5.0364 10.4321 0.1745
v  -5.0623 10.5293 0.1074
v  -4.9812 10.5248 0.1211
v  -4.9872 10.4393 0.1802
v  -4.9219 10.5364 0.1385
v  -4.9408 10.4485 0.1908
v  -4.9003 10.4592 0.2064
v  -4.8804 10.5545 0.1659
v  -4.8512 10.5731 0.1994
v  -4.8726 10.4740 0.2342
v  -4.8569 10.4897 0.2672
v  -4.8310 10.5911 0.2360
v  -4.7974 10.6850 0.1994
v  -4.7974 10.7111 0.2422
v  -4.8322 10.6117 0.2744
v  -4.7722 10.7771 0.1514
v  -4.7709 10.8098 0.1953
v  -4.8218 10.6626 0.1590
v  -4.7984 10.7477 0.1101
v  -4.8559 10.6396 0.1231
v  -4.8348 10.7182 0.0732
v  -4.8192 10.7887 0.0106
v  -4.7851 10.8269 0.0482
v  -4.8573 10.7459 -0.0264
v  -4.8745 10.6833 0.0370
v  -4.8998 10.6158 0.0923
v  -4.7602 10.8643 0.0883
v  -4.7552 10.9044 0.1310
v  -4.7597 10.9444 0.0110
v  -4.7606 10.9898 0.0511
v  -4.7774 10.9434 0.1719
v  -4.7923 10.8432 0.2352
v  -4.7854 11.0313 0.0912
v  -4.7769 10.8988 -0.0279
v  -4.7679 11.0221 -0.0740
v  -4.7739 11.0703 -0.0328
v  -4.7796 10.9703 -0.1128
v  -4.8516 10.6347 0.3087
v  -4.8214 10.7395 0.2785
v  -4.8564 10.7679 0.3112
v  -4.8360 10.8741 0.2653
v  -4.8253 10.9758 0.2047
v  -4.8903 11.0022 0.2317
v  -4.8329 11.0646 0.1280
v  -4.8998 11.0895 0.1595
v  -4.8027 11.1113 0.0088
v  -4.8508 11.1437 0.0487
v  -4.9158 11.1687 0.0852
v  -4.9739 11.0166 0.2461
v  -4.9667 10.9185 0.3014
v  -4.8932 10.9012 0.2900
v  -4.9030 10.7944 0.3403
v  -4.9235 10.6781 0.3584
v  -4.8838 10.6577 0.3362
v  -4.9731 10.5725 0.3919
v  -4.9364 10.5589 0.3763
v  -4.9679 10.6956 0.3816
v  -4.9634 10.8144 0.3570
v  -4.9035 10.5428 0.3562
v  -4.8762 10.5249 0.3315
v  -4.8589 10.5067 0.3012
v  -4.8852 10.4095 0.3604
v  -4.8646 10.3931 0.3321
v  -4.8766 10.2963 0.4044
v  -4.8639 10.2773 0.3696
v  -4.9022 10.2015 0.4737
v  -4.8784 10.1843 0.4444
v  -4.8987 10.3139 0.4351
v  -4.9114 10.4247 0.3838
v  -4.8688 10.1649 0.4090
v  -4.8620 10.3759 0.2974
v  -4.8623 10.2583 0.3323
v  -4.8779 10.3598 0.2644
v  -4.9051 10.3450 0.2371
v  -4.9073 10.2262 0.2703
v  -4.9443 10.2156 0.2550
v  -4.9413 10.3330 0.2187
v  -4.9828 10.3249 0.2134
v  -4.9841 10.2099 0.2544
v  -5.0239 10.3213 0.2206
v  -5.0233 10.2072 0.2623
v  -4.9866 10.0909 0.2742
v  -5.0307 10.0878 0.2773
v  -4.9878 9.9861 0.3198
v  -5.0311 9.9840 0.3247
v  -4.9444 9.9934 0.3262
v  -4.9443 10.0987 0.2836
v  -5.0629 10.2048 0.2701
v  -5.0604 10.3201 0.2351
v  -5.0929 10.3213 0.2565
v  -5.1008 10.2051 0.2857
v  -5.0698 10.4314 0.1959
v  -5.0970 10.4347 0.2233
v  -5.0726 10.0885 0.2915
v  -5.1095 10.0927 0.3159
v  -5.0705 9.9871 0.3403
v  -5.1054 9.9933 0.3633
v  -4.9093 10.1114 0.3061
v  -4.8847 10.1274 0.3370
v  -4.8773 10.2405 0.2968
v  -4.8717 10.1456 0.3725
v  -4.8655 10.0427 0.4120
v  -4.8785 10.0224 0.3756
v  -4.8657 10.0639 0.4490
v  -4.9057 10.0052 0.3449
v  -4.8878 9.9358 0.4277
v  -4.9129 9.9182 0.4008
v  -4.9497 9.9088 0.3839
v  -4.9533 10.5830 0.0614
v  -4.9936 10.5950 -0.0255
v  -4.9242 10.6395 0.0024
v  -5.0228 10.5522 0.0328
v  -5.0808 10.5655 -0.0483
v  -5.1002 10.5318 -0.0001
v  -5.1786 10.5067 -0.0344
v  -5.1642 10.5263 -0.0850
v  -5.2459 10.4604 -0.0706
v  -5.2357 10.4755 -0.1292
v  -5.1966 10.4990 0.0125
v  -5.2665 10.4651 -0.0221
v  -5.2835 10.4671 0.0260
v  -5.2214 10.5167 0.0489
v  -5.3156 10.3964 -0.0491
v  -5.2977 10.3923 -0.1071
v  -5.3410 10.4117 -0.0007
v  -5.1306 10.5273 0.0495
v  -5.1579 10.5458 0.0848
v  -5.1070 10.5104 0.1387
v  -5.3126 10.4916 0.0609
v  -5.2473 10.5387 0.0805
v  -5.1820 10.5627 0.1158
v  -5.2739 10.5681 0.1069
v  -5.3471 10.5281 0.0787
v  -5.2064 10.5756 0.1501
v  -5.2892 10.4074 -0.1759
v  -4.9044 10.6962 -0.0604
v  -4.8963 10.7465 -0.1294
v  -4.8915 10.7924 -0.2053
v  -4.8472 10.8030 -0.0991
v  -4.8410 10.8568 -0.1804
v  -4.8997 10.8400 -0.2830
v  -4.8503 10.9146 -0.2672
v  -4.8702 10.9677 -0.3597
v  -4.8090 10.8527 -0.0643
v  -4.8057 10.9156 -0.1487
v  -4.8161 10.9841 -0.2397
v  -4.7915 11.0459 -0.2035
v  -0.5664 17.0315 0.3114
v  -0.3746 16.9983 0.3365
v  -0.3932 17.1001 0.2662
v  -0.5525 17.1027 0.2560
v  -0.4683 17.1649 0.2222
v  -0.5652 17.1663 0.2058
v  -0.4511 17.2385 0.1897
v  -0.5710 17.2370 0.1550
v  -0.6738 17.1707 0.1827
v  -0.6889 17.1133 0.2341
v  -0.7787 17.1775 0.1548
v  -0.8130 17.1249 0.2043
v  -0.8550 17.0654 0.2510
v  -0.7191 17.0506 0.2836
v  -0.7673 16.9810 0.3308
v  -0.6237 16.9595 0.3642
v  -0.8225 16.9043 0.3756
v  -0.9049 16.9968 0.2947
v  -0.9591 16.9182 0.3360
v  -0.9829 17.0769 0.2110
v  -1.0382 17.0082 0.2525
v  -1.1070 17.0872 0.1630
v  -1.1688 17.0184 0.2028
v  -1.0455 17.1459 0.1188
v  -0.9306 17.1354 0.1659
v  -1.0955 16.9291 0.2912
v  -1.0139 16.8310 0.3762
v  -1.1531 16.8406 0.3290
v  -0.8777 16.8195 0.4184
v  -1.2313 16.9389 0.2393
v  -1.2943 16.8498 0.2749
v  -1.2088 16.7442 0.3677
v  -1.0661 16.7364 0.4167
v  -1.3564 16.7525 0.3121
v  -0.6869 16.8833 0.4121
v  -0.6240 16.7761 0.4942
v  -0.5579 16.8518 0.4489
v  -0.7464 16.8016 0.4569
v  -0.5178 16.7417 0.5314
v  -0.4488 16.8055 0.4893
v  -0.5724 16.6705 0.5710
v  -0.6789 16.6944 0.5370
v  -0.7992 16.7138 0.5002
v  -0.4343 16.6987 0.5680
v  -0.3661 16.7467 0.5322
v  -0.4781 16.9231 0.3984
v  -0.3651 16.8611 0.4437
v  -0.2861 16.7866 0.4927
v  -0.8813 17.1863 0.1184
v  -0.8379 17.2315 0.0705
v  -0.7550 17.2289 0.1011
v  -0.8103 17.2675 0.0331
v  -0.7535 17.2817 0.0439
v  -0.9214 17.2448 0.0241
v  -0.9837 17.1973 0.0712
v  -1.0152 17.2607 -0.0345
v  -1.0881 17.2091 0.0145
v  -0.9424 17.3183 -0.0731
v  -1.0307 17.3482 -0.1349
v  -1.1122 17.2790 -0.0985
v  -0.8599 17.2908 -0.0131
v  -1.1916 17.2232 -0.0492
v  -1.1590 17.1569 0.0628
v  -0.7959 17.3341 -0.0209
v  -0.6828 17.3013 0.0634
v  -0.6678 17.2318 0.1275
v  -0.6076 17.3248 0.0899
v  -0.6027 17.4634 0.0493
v  -0.6651 17.4201 0.0137
v  -0.5284 17.3529 0.1237
v  -0.7305 17.3773 -0.0094
v  -0.3285 17.1674 0.2360
v  -0.2535 17.0780 0.2773
v  -0.1899 17.1313 0.2572
v  -0.1876 17.0173 0.3129
v  0.0000 17.0797 0.2855
v  0.0000 16.9380 0.3496
v  -0.1342 16.9231 0.3662
v  -0.2632 16.9041 0.3975
v  -0.1968 16.8141 0.4538
v  -0.0991 16.8272 0.4243
v  -0.1583 16.7171 0.5136
v  -0.0792 16.7247 0.4894
v  -0.0000 16.6169 0.5517
v  -0.0000 16.7270 0.4803
v  -0.0691 16.6160 0.5587
v  -0.0000 16.5039 0.6238
v  -0.0656 16.5037 0.6292
v  0.0691 16.6160 0.5587
v  0.0655 16.5037 0.6291
v  0.0791 16.7247 0.4895
v  -0.0663 16.3901 0.6986
v  -0.1323 16.5028 0.6437
v  -0.1339 16.3909 0.7094
v  -0.1388 16.6124 0.5776
v  -0.0000 16.3896 0.6945
v  -0.2363 16.7005 0.5458
v  -0.2104 16.6039 0.6030
v  -0.0000 16.8323 0.4124
v  0.0991 16.8273 0.4244
v  0.1342 16.9232 0.3663
v  0.0000 17.2786 0.2446
v  -0.1878 17.2305 0.2363
v  -0.1849 17.3813 0.2301
v  -0.2808 17.3281 0.2162
v  -0.3887 17.4390 0.1854
v  -0.4585 17.3953 0.1567
v  -0.3685 17.2910 0.2009
v  -0.5461 17.5100 0.0936
v  -0.6165 17.6174 0.0189
v  -0.6713 17.5609 -0.0284
v  -0.5643 17.6747 0.0724
v  -0.4885 17.5583 0.1372
v  -0.2917 17.2226 0.2266
v  -0.3185 17.4906 0.2076
v  -0.1411 17.4687 0.2518
v  -0.2634 17.5591 0.2325
v  -0.1161 17.5665 0.2922
v  0.0000 17.5338 0.2983
v  0.0000 17.4204 0.2588
v  -0.4260 17.6107 0.1717
v  -0.3660 17.6717 0.2036
v  0.1899 17.1313 0.2573
v  0.1878 17.2306 0.2365
v  0.3286 17.1674 0.2361
v  0.2535 17.0780 0.2774
v  0.3932 17.1001 0.2663
v  0.1876 17.0174 0.3130
v  0.3746 16.9984 0.3367
v  0.5663 17.0315 0.3115
v  0.4781 16.9233 0.3987
v  0.6237 16.9596 0.3643
v  0.5578 16.8521 0.4493
v  0.6868 16.8835 0.4123
v  0.3651 16.8614 0.4441
v  0.4488 16.8059 0.4897
v  0.2632 16.9043 0.3978
v  0.5524 17.1026 0.2559
v  0.6889 17.1131 0.2339
v  0.7191 17.0504 0.2835
v  0.7673 16.9809 0.3308
v  0.2917 17.2226 0.2268
v  0.4511 17.2385 0.1898
v  0.3685 17.2910 0.2012
v  0.4587 17.3954 0.1571
v  0.5285 17.3529 0.1239
v  0.5710 17.2368 0.1548
v  0.6075 17.3246 0.0897
v  0.5651 17.1661 0.2056
v  0.4683 17.1649 0.2222
v  0.2808 17.3282 0.2164
v  0.1849 17.3814 0.2302
v  0.6075 18.2968 0.0888
v  0.6348 18.4002 0.1673
v  0.5732 18.3210 0.2291
v  0.5551 18.2644 0.1698
v  0.5978 18.3841 0.3092
v  0.6546 18.4728 0.2512
v  0.6943 18.5095 0.1062
v  0.7033 18.5650 0.1953
v  0.7404 18.6300 0.0547
v  0.7441 18.6626 0.1489
v  0.7743 18.7564 0.0223
v  0.7755 18.7612 0.1197
v  0.7380 18.7195 0.2382
v  0.7700 18.7939 0.2021
v  0.7345 18.7961 0.3204
v  0.7701 18.8576 0.2695
v  0.7416 18.8825 0.3977
v  0.7793 18.9384 0.3317
v  0.6959 18.7245 0.3716
v  0.7000 18.6380 0.2843
v  0.6584 18.5532 0.3380
v  0.6113 18.4611 0.3960
v  0.6564 18.6445 0.4263
v  0.6143 18.5541 0.4858
v  0.7005 18.8160 0.4574
v  0.7091 18.9072 0.5421
v  0.7531 18.9727 0.4709
v  0.7904 19.0273 0.3908
v  0.7609 19.0636 0.5394
v  0.7134 18.9960 0.6245
v  0.7967 19.1197 0.4464
v  0.6618 18.8328 0.6074
v  0.6592 18.7398 0.5160
v  0.7981 18.9043 0.2129
v  0.8091 18.9830 0.2565
v  0.7909 18.8474 0.1784
v  0.7998 18.8484 0.1159
v  0.8173 18.9301 0.1387
v  0.8052 18.8604 0.0305
v  0.8302 18.9519 0.0574
v  0.8412 18.9771 -0.0137
v  0.8168 18.8835 -0.0602
v  0.8456 19.0377 0.0904
v  0.8309 19.0143 0.1724
v  0.8548 19.0591 0.0243
v  0.7755 18.7770 -0.1000
v  0.7333 18.6098 -0.0433
v  0.8198 19.0706 0.3027
v  0.8422 19.1021 0.2115
v  0.8251 19.1640 0.3493
v  0.8481 19.1968 0.2522
v  0.6845 18.4567 0.0162
v  0.7316 18.5755 -0.1346
v  0.6961 18.4135 -0.0830
v  0.7093 18.3842 -0.1911
v  0.7314 18.5520 -0.2242
v  0.7039 18.3997 -0.2986
v  0.7178 18.5442 -0.3138
v  0.6748 18.2766 -0.4046
v  0.6759 18.4080 -0.3964
v  0.6903 18.2460 -0.3000
v  0.6890 18.1581 -0.4282
v  0.6959 18.1352 -0.3374
v  0.6792 18.1571 -0.1663
v  0.6944 18.0996 -0.2614
v  0.7212 18.0288 -0.3685
v  0.7225 18.0493 -0.4568
v  0.7141 18.0007 -0.2849
v  0.6381 18.4051 -0.4890
v  0.6486 18.2820 -0.5013
v  0.6738 18.1657 -0.5231
v  0.6856 18.5376 -0.4020
v  0.7342 18.6733 -0.3390
v  0.7526 18.6912 -0.2634
v  0.7787 18.8046 -0.3084
v  0.7568 18.7852 -0.3722
v  0.7619 18.7215 -0.1873
v  0.7991 18.8286 -0.2468
v  0.7020 18.6589 -0.4188
v  0.6597 18.6455 -0.5030
v  0.6428 18.5282 -0.4893
v  0.6420 18.2336 -0.0269
v  0.6265 17.9910 -0.0358
v  0.5793 18.0657 0.0467
v  0.5168 17.9223 0.1134
v  0.5721 17.8569 0.0545
v  0.6984 17.9753 -0.1943
v  0.6651 17.8859 -0.0941
v  0.6210 17.7836 -0.0046
v  0.4488 17.7934 0.1653
v  0.5085 17.7331 0.1218
v  0.3951 17.8611 0.2146
v  0.4632 17.9864 0.1721
v  0.5311 18.1263 0.1247
v  0.5022 18.2258 0.2754
v  0.4968 18.1675 0.1991
v  0.4286 18.0517 0.2392
v  0.3586 17.9379 0.2769
v  0.2814 17.8324 0.3078
v  0.3166 17.7456 0.2479
v  0.1946 17.7431 0.3333
v  0.2231 17.6438 0.2743
v  0.1162 17.5665 0.2923
v  0.1411 17.4687 0.2518
v  0.2634 17.5591 0.2326
v  0.0998 17.6807 0.3514
v  0.0000 17.6569 0.3576
v  0.1789 17.8495 0.4093
v  0.2651 17.9250 0.3832
v  0.0899 17.8011 0.4264
v  -0.0000 17.7841 0.4324
v  -0.0000 17.9034 0.5116
v  -0.0854 17.9144 0.5088
v  -0.0899 17.8011 0.4264
v  0.0854 17.9144 0.5088
v  -0.0998 17.6808 0.3514
v  0.3186 17.4907 0.2078
v  0.4261 17.6107 0.1719
v  0.3661 17.6717 0.2037
v  0.4888 17.5584 0.1376
v  0.5647 17.6747 0.0728
v  0.5464 17.5100 0.0941
v  0.6166 17.6173 0.0191
v  0.3889 17.4391 0.1857
v  0.3467 18.0186 0.3530
v  0.2701 18.0107 0.4699
v  0.3594 18.0926 0.4391
v  0.2998 18.0739 0.5684
v  0.3926 18.1513 0.5342
v  0.4784 18.2529 0.5030
v  0.4974 18.3441 0.6247
v  0.4234 18.2044 0.6331
v  0.4246 18.2409 0.7248
v  0.3738 18.1565 0.7370
v  0.3475 18.1182 0.6588
v  0.3209 18.1040 0.7700
v  0.2736 18.0671 0.7076
v  0.3715 18.1904 0.8037
v  0.3400 18.1381 0.8109
v  0.4051 18.2730 0.8016
v  0.4627 18.3547 0.7374
v  0.5196 18.5033 0.7155
v  0.4768 18.4808 0.7943
v  0.5644 18.4528 0.5500
v  0.5703 18.5726 0.6438
v  0.5532 18.3583 0.4527
v  0.1946 18.0233 0.6217
v  0.1774 17.9498 0.4991
v  0.4461 18.1875 0.4046
v  0.4250 18.1215 0.3171
v  0.5280 18.2870 0.3610
v  -1.7061 16.3953 0.3758
v  -1.6408 16.2582 0.4617
v  -1.4877 16.2929 0.5110
v  -1.5961 16.1440 0.5297
v  -1.4671 16.1800 0.5707
v  -1.5612 16.0385 0.5908
v  -1.4456 16.0736 0.6275
v  -1.3377 16.3099 0.5576
v  -1.3342 16.2015 0.6116
v  -1.4984 16.4127 0.4484
v  -1.3299 16.4210 0.5034
v  -1.3018 16.5331 0.4540
v  -1.4650 16.5348 0.3971
v  -1.6428 16.5425 0.3293
v  -1.8122 16.5768 0.2471
v  -1.8864 16.4622 0.2745
v  -1.9663 16.6244 0.1710
v  -2.0414 16.5169 0.1966
v  -2.1090 16.6799 0.1001
v  -2.1887 16.5711 0.1294
v  -2.2355 16.7373 0.0220
v  -2.3230 16.6253 0.0550
v  -2.1376 16.8405 -0.0139
v  -2.0198 16.7816 0.0668
v  -1.8845 16.7265 0.1392
v  -1.7370 16.6830 0.2125
v  -1.7969 16.8218 0.1045
v  -1.6555 16.7847 0.1771
v  -1.5764 16.6593 0.2868
v  -1.5067 16.7643 0.2483
v  -1.4147 16.6478 0.3523
v  -1.2597 16.6414 0.4090
v  -1.1131 16.6359 0.4587
v  -1.0128 16.5275 0.5472
v  -0.9748 16.6292 0.5030
v  -1.1521 16.5312 0.5032
v  -0.9292 16.7271 0.4604
v  -1.1803 16.4242 0.5506
v  -1.0422 16.4237 0.5930
v  -0.9125 16.4197 0.6317
v  -0.8822 16.5210 0.5869
v  -0.8144 16.3113 0.7100
v  -0.7899 16.4121 0.6657
v  -0.9359 16.3172 0.6771
v  -0.8341 16.2104 0.7547
v  -0.9532 16.2152 0.7228
v  -1.0628 16.3194 0.6402
v  -1.0761 16.2163 0.6878
v  -0.7600 16.5110 0.6221
v  -0.6743 16.4036 0.6951
v  -0.6464 16.4999 0.6524
v  -0.6984 16.3040 0.7386
v  -1.1963 16.3174 0.6003
v  -1.2032 16.2126 0.6508
v  -1.2038 16.1097 0.7002
v  -1.0838 16.1153 0.7351
v  -1.3251 16.0965 0.6642
v  -1.5310 15.9388 0.6481
v  -1.4246 15.9729 0.6817
v  -1.6295 15.8931 0.6134
v  -1.6658 15.9898 0.5539
v  -1.7088 16.0893 0.4913
v  -1.5948 15.8008 0.6702
v  -1.5021 15.8445 0.7024
v  -1.5589 15.7141 0.7247
v  -1.4730 15.7565 0.7544
v  -1.5210 15.6334 0.7773
v  -1.4426 15.6749 0.8038
v  -1.4036 15.8778 0.7334
v  -1.3824 15.7891 0.7825
v  -1.3606 15.7071 0.8285
v  -1.5939 15.5832 0.7471
v  -1.5466 15.5093 0.8003
v  -1.4803 15.5587 0.8273
v  -1.6383 15.6622 0.6919
v  -1.4100 15.6006 0.8501
v  -1.6795 15.7466 0.6350
v  -1.7083 15.6010 0.6543
v  -1.3136 15.9962 0.7151
v  -1.2008 16.0103 0.7483
v  -1.3012 15.9012 0.7640
v  -1.1963 15.9154 0.7946
v  -0.3223 19.1043 0.9834
v  -0.2134 19.1503 1.0367
v  -0.2396 19.2262 0.9704
v  -0.3366 19.2037 0.9298
v  -0.2333 19.0245 1.0750
v  -0.1591 19.0691 1.1327
v  -0.0826 19.1148 1.1986
v  -0.1287 19.1263 1.1328
v  -0.0975 19.0387 1.2277
v  -0.0991 19.2313 1.1150
v  -0.1504 19.1971 1.0719
v  -0.0423 19.1513 1.2165
v  -0.0510 19.2671 1.1424
v  -0.1662 19.2734 1.0077
v  -0.1121 19.3260 1.0518
v  -0.1788 19.3328 0.9454
v  -0.2554 19.2826 0.9119
v  -0.1890 19.3803 0.8844
v  -0.2731 19.3334 0.8663
v  -0.2399 19.4428 0.8531
v  -0.3068 19.3885 0.8464
v  -0.1734 19.4985 0.9498
v  -0.1391 19.4472 0.9583
v  -0.1275 19.3964 0.9994
v  -0.3605 19.3234 0.8578
v  -0.3786 19.3773 0.8403
v  -0.3369 19.4257 0.8101
v  -0.3797 19.4105 0.8059
v  -0.2977 19.4479 0.8148
v  -0.3450 19.2651 0.8817
v  -0.4425 19.2205 0.8771
v  -0.4350 19.2803 0.8502
v  -0.4393 19.3353 0.8386
v  -0.0598 19.3695 1.0836
v  -0.0706 19.4479 1.0389
v  0.0000 19.1613 1.2274
v  -0.0000 19.2825 1.1543
v  0.0000 19.3877 1.0949
v  0.0000 19.4675 1.0511
v  -0.0794 19.5000 1.0173
v  0.0000 19.5185 1.0339
v  -0.0347 19.0716 1.2884
v  -0.0486 19.0382 1.2913
v  0.0000 19.0627 1.3049
v  -0.0000 19.0133 1.3184
v  0.0347 19.0716 1.2883
v  0.0423 19.1513 1.2165
v  0.0486 19.0382 1.2912
v  0.0826 19.1148 1.1985
v  -0.0000 18.9780 1.3075
v  0.0561 18.9951 1.2863
v  -0.0001 18.9374 1.2711
v  0.0638 18.9494 1.2463
v  0.0975 19.0388 1.2277
v  0.0984 18.9921 1.2398
v  -0.0562 18.9950 1.2864
v  0.0510 19.2670 1.1423
v  0.0598 19.3695 1.0837
v  0.0991 19.2313 1.1150
v  0.1121 19.3260 1.0518
v  -0.0985 18.9919 1.2399
v  -0.0639 18.9493 1.2463
v  -0.1399 19.0035 1.1912
v  -0.1134 18.9690 1.2113
v  -0.1238 18.9624 1.1709
v  -0.1784 18.9842 1.1403
v  -0.1286 18.9487 1.1288
v  -0.1918 18.9402 1.1010
v  -0.1654 18.8872 1.0974
v  -0.1220 18.9168 1.1103
v  -0.2391 18.8303 1.0774
v  -0.2867 18.9298 1.0398
v  -0.0663 18.9421 1.1786
v  -0.0804 18.9413 1.1401
v  -0.3921 18.9938 0.9628
v  -0.4684 18.8877 0.9102
v  -0.3943 18.8318 0.9707
v  -0.3488 18.7679 1.0173
v  -0.3225 18.7120 1.0463
v  -0.4250 18.6894 0.9465
v  -0.2938 18.6720 1.0613
v  -0.2228 18.6988 1.1067
v  -0.2597 18.6397 1.0672
v  -0.1923 18.6585 1.1125
v  -0.1559 18.7161 1.1427
v  -0.1344 18.6775 1.1507
v  -0.2401 18.7501 1.0942
v  -0.1684 18.7578 1.1299
v  -0.1520 18.8071 1.1197
v  -0.0727 18.6922 1.1741
v  -0.0838 18.7302 1.1643
v  -0.0566 18.7542 1.1564
v  -0.0000 18.7263 1.1709
v  -0.0000 18.7505 1.1556
v  -0.0000 18.6957 1.1818
v  -0.1144 18.7575 1.1483
v  -0.0788 18.7846 1.1406
v  -0.0990 18.6461 1.1475
v  -0.0557 18.6616 1.1714
v  -0.0511 18.6269 1.1444
v  -0.0376 18.6416 1.1642
v  -0.4662 18.5941 0.8683
v  -0.4768 18.4808 0.7943
v  -0.5097 18.6287 0.8043
v  -0.5196 18.5033 0.7155
v  -0.4687 18.7334 0.8917
v  -0.4627 18.3547 0.7374
v  -0.4288 18.3724 0.8172
v  -0.3724 18.3015 0.8690
v  -0.4051 18.2730 0.8016
v  -0.4246 18.2409 0.7248
v  -0.4583 19.1418 0.9026
v  -0.5618 19.1905 0.8325
v  -0.5289 19.2566 0.8195
v  -0.5065 19.3092 0.8071
v  -0.5588 19.3457 0.7628
v  -0.5944 19.3842 0.7265
v  -0.4976 19.3554 0.8029
v  -0.4863 19.3955 0.7913
v  -0.4422 19.3856 0.8213
v  -0.4187 19.4362 0.7920
v  -0.4633 19.4304 0.7764
v  -0.4461 19.4903 0.8078
v  -0.4075 19.5443 0.8768
v  -0.3819 19.5116 0.8351
v  -0.3631 19.4658 0.8045
v  0.1132 18.8558 1.1158
v  0.0582 18.8315 1.1301
v  0.0788 18.7846 1.1406
v  0.1520 18.8071 1.1197
v  -0.0000 18.8199 1.1290
v  -0.0000 18.7802 1.1389
v  0.0566 18.7542 1.1563
v  0.0838 18.7302 1.1643
v  0.1144 18.7575 1.1483
v  0.1684 18.7578 1.1299
v  0.2401 18.7501 1.0942
v  0.2391 18.8303 1.0774
v  0.3225 18.7120 1.0463
v  0.3488 18.7679 1.0173
v  0.3908 18.6581 0.9873
v  0.4250 18.6894 0.9465
v  0.4687 18.7334 0.8917
v  0.3942 18.8318 0.9707
v  0.3921 18.9938 0.9628
v  0.2867 18.9298 1.0398
v  0.4684 18.8877 0.9102
v  0.5279 18.7854 0.8299
v  0.4289 18.5784 0.9208
v  0.4663 18.5940 0.8683
v  0.5097 18.6287 0.8043
v  0.3558 18.6358 1.0096
v  0.2937 18.6720 1.0612
v  0.2596 18.6398 1.0670
v  0.3187 18.6187 1.0189
v  0.1922 18.6586 1.1122
v  0.2202 18.6144 1.0616
v  0.2228 18.6988 1.1066
v  0.2817 18.6055 1.0190
v  0.3925 18.5738 0.9556
v  0.3559 18.5753 0.9740
v  0.1558 18.7161 1.1426
v  0.1343 18.6775 1.1505
v  0.0990 18.6461 1.1475
v  0.0727 18.6922 1.1741
v  0.0557 18.6616 1.1714
v  0.0000 18.6659 1.1792
v  0.0511 18.6268 1.1444
v  0.0376 18.6416 1.1641
v  0.1654 18.8872 1.0974
v  0.0816 18.9015 1.1221
v  0.0427 18.8834 1.1523
v  0.0807 18.9411 1.1412
v  0.0677 18.9408 1.1802
v  0.1243 18.9623 1.1716
v  0.1286 18.9488 1.1292
v  0.1220 18.9168 1.1105
v  0.0000 18.8640 1.1511
v  -0.0001 18.8961 1.2123
v  -0.0347 18.9026 1.2070
v  -0.0425 18.8837 1.1520
v  0.0345 18.9027 1.2069
v  -0.0581 18.8315 1.1301
v  0.1917 18.9402 1.1011
v  0.1785 18.9842 1.1405
v  0.2333 19.0246 1.0750
v  -0.3350 19.5557 0.9238
v  -0.2946 19.5143 0.8708
v  -0.2695 19.6031 0.9990
v  -0.2627 19.6811 1.0077
v  -0.2546 19.7391 0.9838
v  -0.2521 19.8185 0.9515
v  -0.2470 19.9219 0.8977
v  -0.3507 19.9057 0.8635
v  -0.3466 20.0220 0.8027
v  -0.2404 20.0422 0.8364
v  -0.1317 19.9449 0.9087
v  -0.1253 20.0599 0.8508
v  -0.1223 20.1856 0.7875
v  -0.2396 20.1716 0.7736
v  -0.2413 20.2930 0.6887
v  -0.1217 20.3061 0.7014
v  0.0000 20.0667 0.8501
v  0.0000 20.1894 0.7886
v  0.1223 20.1857 0.7875
v  0.1253 20.0600 0.8509
v  0.0000 19.9570 0.9057
v  0.1317 19.9449 0.9087
v  -0.1355 19.8439 0.9621
v  -0.1347 19.7625 1.0035
v  0.0000 19.7292 1.0241
v  0.0000 19.7861 0.9980
v  -0.1356 19.7060 1.0258
v  0.0000 19.8623 0.9550
v  -0.1345 19.6500 1.0442
v  0.0000 19.6793 1.0379
v  0.1356 19.7061 1.0259
v  0.1345 19.6500 1.0442
v  0.2627 19.6811 1.0077
v  0.2695 19.6031 0.9989
v  0.3715 19.6789 0.9808
v  0.3686 19.6148 0.9709
v  0.2546 19.7391 0.9837
v  0.1347 19.7625 1.0035
v  0.2521 19.8185 0.9515
v  0.1355 19.8440 0.9621
v  0.2470 19.9219 0.8977
v  0.3559 19.8088 0.9154
v  0.3507 19.9057 0.8635
v  0.3616 19.7361 0.9510
v  0.4611 19.7271 0.9104
v  0.4679 19.6724 0.9423
v  0.4534 19.6147 0.9350
v  0.3349 19.5558 0.9237
v  0.3721 19.5761 0.9375
v  0.4337 19.5688 0.9116
v  0.4075 19.5441 0.8769
v  0.2173 19.5491 0.9720
v  0.2946 19.5141 0.8709
v  0.3817 19.5118 0.8346
v  0.5079 19.5476 0.8773
v  0.5321 19.5924 0.8894
v  0.5939 19.5533 0.8340
v  0.5639 19.5118 0.8292
v  0.4782 19.5169 0.8481
v  0.5249 19.4830 0.8092
v  0.1173 19.5961 1.0420
v  0.0974 19.5449 1.0258
v  0.1734 19.4985 0.9499
v  0.0794 19.5001 1.0174
v  0.1391 19.4472 0.9582
v  0.0706 19.4480 1.0391
v  0.1275 19.3964 0.9995
v  -0.0000 19.5672 1.0397
v  0.2398 19.4428 0.8530
v  0.1889 19.3803 0.8842
v  0.0000 19.6289 1.0429
v  -0.1173 19.5961 1.0420
v  -0.0974 19.5449 1.0258
v  -0.2173 19.5491 0.9720
v  -0.3184 19.4762 0.8188
v  -0.2593 18.1471 0.9353
v  -0.1893 18.1504 1.0040
v  -0.2006 18.2365 1.0184
v  -0.2851 18.2494 0.9511
v  -0.0887 18.0901 1.0199
v  -0.1004 18.1590 1.0486
v  -0.1661 18.0848 0.9762
v  -0.0742 18.0468 0.9724
v  -0.1369 18.0446 0.9384
v  -0.0000 18.0939 1.0332
v  -0.0000 18.1652 1.0615
v  -0.1054 18.2430 1.0566
v  -0.1044 18.3235 1.0578
v  0.0000 18.2508 1.0660
v  0.1003 18.1590 1.0486
v  0.1054 18.2430 1.0566
v  0.2006 18.2365 1.0184
v  0.1893 18.1505 1.0039
v  0.0887 18.0902 1.0198
v  -0.0000 18.0487 0.9826
v  0.0741 18.0469 0.9723
v  0.1660 18.0849 0.9761
v  0.1369 18.0448 0.9383
v  0.2258 18.0821 0.9084
v  0.2593 18.1471 0.9353
v  0.1820 18.0446 0.8730
v  0.1939 18.3203 1.0304
v  0.1044 18.3235 1.0578
v  0.1879 18.3895 1.0454
v  0.1043 18.3886 1.0741
v  0.2455 18.4077 1.0086
v  0.2612 18.3401 0.9893
v  0.2851 18.2495 0.9511
v  0.0000 18.3314 1.0648
v  -0.0000 18.3939 1.0840
v  0.1043 18.4430 1.0949
v  0.0000 18.4444 1.1085
v  -0.0639 18.0296 0.9094
v  -0.1116 18.0295 0.9015
v  -0.1820 18.0444 0.8731
v  -0.1294 18.0300 0.8389
v  -0.0670 18.0290 0.8250
v  -0.0000 18.0303 0.8210
v  -0.0000 18.0307 0.9123
v  -0.0753 18.0239 0.7206
v  -0.0000 18.0235 0.7140
v  -0.1541 18.0302 0.7422
v  -0.2229 18.0494 0.7894
v  -0.2742 18.0849 0.8330
v  -0.2259 18.0820 0.9084
v  -0.3208 18.1041 0.7700
v  -0.0858 17.9938 0.6092
v  -0.0000 17.9875 0.6056
v  0.0638 18.0298 0.9094
v  0.0670 18.0291 0.8250
v  0.1116 18.0297 0.9015
v  0.1293 18.0301 0.8388
v  0.0753 18.0240 0.7206
v  0.1541 18.0303 0.7422
v  0.2229 18.0494 0.7894
v  0.2742 18.0849 0.8330
v  0.0858 17.9939 0.6092
v  -0.3093 18.1386 0.8631
v  -0.3403 18.2143 0.8717
v  -0.3337 18.3380 0.9269
v  -0.3400 18.1381 0.8109
v  -0.3715 18.1903 0.8038
v  -0.3737 18.1566 0.7369
v  0.2885 18.5456 0.9600
v  0.2999 18.5127 0.9607
v  0.3268 18.5287 0.9550
v  0.3020 18.5641 0.9578
v  0.2890 18.5857 0.9792
v  0.2665 18.5796 0.9766
v  0.2856 18.5741 0.9587
v  0.2789 18.5628 0.9593
v  0.2645 18.5297 0.9846
v  0.2726 18.4900 0.9840
v  0.2831 18.4418 0.9774
v  0.3043 18.4730 0.9599
v  0.3255 18.4550 0.9487
v  0.3035 18.3918 0.9608
v  0.3337 18.3380 0.9269
v  0.3576 18.4198 0.9236
v  0.3653 18.5052 0.9406
v  0.3935 18.3923 0.8788
v  0.4020 18.4859 0.9091
v  0.3723 18.3015 0.8690
v  0.3403 18.2143 0.8717
v  0.3093 18.1387 0.8631
v  0.2368 18.4645 1.0198
v  0.2301 18.5121 1.0234
v  0.2223 18.5490 1.0151
v  0.2583 18.5583 0.9791