v -0.971200 -9.626300 9.862500
v -0.982600 -9.556900 9.990100
v -0.989600 -9.496000 10.128800
v -0.994000 -9.444700 10.280700
v -1.117300 -9.583200 10.281500
v -1.242500 -9.740600 10.283300
v -0.792500 -9.809000 9.541100
v -0.919700 -9.881100 9.532700
v -0.803800 -9.700500 9.648800
v -0.934800 -9.787600 9.633500
v -1.057300 -9.889000 9.629200
v -1.036100 -9.964700 9.535300
v -0.820600 -9.603100 9.764600
v -0.953600 -9.702900 9.743500
v -1.080800 -9.819500 9.734500
v -1.201500 -9.942300 9.724500
v -1.170400 -9.994100 9.621600
v -1.139500 -10.046700 9.533700
v -0.424900 -9.506400 10.004300
v -0.547700 -9.495200 9.889300
v -0.529800 -9.611300 9.756800
v -0.406500 -9.628400 9.850700
v -0.682500 -9.530700 9.811300
v -0.665500 -9.638600 9.689700
v -0.656900 -9.761600 9.575600
v -0.523600 -9.746400 9.635300
v -0.403100 -9.770500 9.719700
v -1.241800 -10.028700 11.387600
v -1.135200 -9.816200 11.384300
v -1.119400 -9.891400 11.536000
v -1.217400 -10.119500 11.533800
v -1.015700 -9.631200 11.378900
v -0.887700 -9.489300 11.373200
v -0.875100 -9.550300 11.526200
v -1.002000 -9.696900 11.532000
v -0.981800 -9.764500 11.677300
v -1.095200 -9.969500 11.679400
v -0.857400 -9.613300 11.670900
v -0.833300 -9.681800 11.809200
v -0.953900 -9.836700 11.817100
v -1.062800 -10.050300 11.818800
v -1.183400 -10.212800 11.671000
v -1.143300 -10.305000 11.806700
v -1.100300 -10.392800 11.948100
v -1.022600 -10.133400 11.958300
v -0.974500 -10.209900 12.092000
v -1.051400 -10.469800 12.090600
v -0.917300 -9.916100 11.954000
v -0.801400 -9.759700 11.943100
v -0.769500 -9.843100 12.065300
v -0.876200 -9.995300 12.080700
v -0.834800 -10.066800 12.190100
v -0.918700 -10.270500 12.214000
v -0.745300 -9.928200 12.168800
v -0.728300 -10.001400 12.233700
v -0.780500 -10.110500 12.274900
v -0.848600 -10.297300 12.316200
v -0.993900 -10.529900 12.229800
v -0.918200 -10.543700 12.351600
v -0.951700 -11.744800 12.653300
v -0.904600 -11.778900 12.721400
v -0.916100 -11.602100 12.665000
v -0.867800 -11.647700 12.728300
v -0.814500 -11.695400 12.787400
v -0.850300 -11.821800 12.788500
v -0.871700 -11.466400 12.687000
v -0.824600 -11.524300 12.745500
v -0.813600 -11.331100 12.718300
v -0.770300 -11.402200 12.772400
v -0.724900 -11.466300 12.818800
v -0.774200 -11.578700 12.797700
v -0.719200 -11.630800 12.842000
v -0.754900 -11.745700 12.839600
v -0.676300 -11.525000 12.857200
v -0.623100 -11.580000 12.887800
v -0.659300 -11.681400 12.878400
v -0.689000 -11.796500 12.884300
v -0.787800 -11.874900 12.852400
v -0.716600 -11.929500 12.909700
v -0.636000 -11.977200 12.957000
v -0.617300 -11.845300 12.920700
v -0.543100 -11.891400 12.943100
v -0.551400 -12.020500 12.988700
v -0.594000 -11.731500 12.907200
v -0.563500 -11.633300 12.910700
v -0.501200 -11.683800 12.919200
v -0.526500 -11.779500 12.922000
v -0.460100 -11.824100 12.916200
v -0.469900 -11.934100 12.945600
v -0.439700 -11.730700 12.906600
v -0.384500 -11.772300 12.868400
v -0.401100 -11.863400 12.882000
v -0.405300 -11.971100 12.916300
v -0.468200 -12.061800 12.999400
v -0.395500 -12.097500 12.973700
v -0.940500 -11.034000 12.503500
v -1.003300 -11.239500 12.464300
v -0.897500 -11.155100 12.585300
v -0.960200 -11.330300 12.551000
v -1.001800 -11.510200 12.527500
v -1.038900 -11.454300 12.438800
v -0.855600 -11.251400 12.656300
v -0.916600 -11.403800 12.623700
v -0.960800 -11.557800 12.600500
v -0.992600 -11.718300 12.586100
v -1.027600 -11.692700 12.511500
v -1.057200 -11.661300 12.421200
v -0.002500 -13.312700 13.247700
v -0.073200 -13.302700 13.255700
v -0.067200 -13.256500 13.144600
v -0.002500 -13.269200 13.135800
v -0.146400 -13.270200 13.267900
v -0.132900 -13.219400 13.157100
v -0.119500 -13.189800 13.032200
v -0.061200 -13.228000 13.022500
v -0.002400 -13.241800 13.014400
v -0.224700 -13.211500 13.273200
v -0.201100 -13.157100 13.159800
v -0.177200 -13.128800 13.030100
v -0.165800 -13.118400 12.885600
v -0.112800 -13.179600 12.891300
v -0.160300 -13.114400 12.728700
v -0.109300 -13.176700 12.736200
v -0.058100 -13.215700 12.886100
v -0.002500 -13.227600 12.880500
v -0.056400 -13.210300 12.734900
v -0.002700 -13.219800 12.732100
v -0.002500 -13.194300 12.039000
v -0.052100 -13.182700 12.040700
v -0.051900 -13.178400 11.877300
v -0.002500 -13.190600 11.875100
v -0.099100 -13.144100 12.043000
v -0.098200 -13.138700 11.880900
v -0.097100 -13.132600 11.727400
v -0.051400 -13.172600 11.722500
v -0.002500 -13.185100 11.719800
v -0.141300 -13.074600 12.042800
v -0.138900 -13.068300 11.882900
v -0.136500 -13.062100 11.731300
v -0.133500 -13.053500 11.585600
v -0.095200 -13.123100 11.580100
v -0.128400 -13.039200 11.443400
v -0.090600 -13.105600 11.436500
v -0.050500 -13.162800 11.574000
v -0.002500 -13.175300 11.570800
v -0.047800 -13.143000 11.429400
v -0.002500 -13.154500 11.425700
v -0.184700 -13.024900 9.598000
v -0.177200 -13.157300 9.678300
v -0.172000 -13.119300 9.760500
v -0.189000 -13.078500 9.536000
v -0.180400 -13.197000 9.611700
v -0.150500 -13.309600 9.674900
v -0.148600 -13.283200 9.739500
v -0.143700 -13.255200 9.815600
v -0.192200 -13.109300 9.471100
v -0.181700 -13.226300 9.548000
v -0.196500 -13.136200 9.402600
v -0.182600 -13.256400 9.481500
v -0.147800 -13.361700 9.547800
v -0.149900 -13.333900 9.613900
v -0.084600 -13.414200 9.659500
v -0.085400 -13.395100 9.719400
v -0.082800 -13.436500 9.590400
v -0.002700 -13.466100 9.605700
v -0.002800 -13.447400 9.677100
v -0.002800 -13.430900 9.736800
v -0.084500 -13.375100 9.781900
v -0.081600 -13.350000 9.853400
v -0.003000 -13.412300 9.798200
v -0.003000 -13.386600 9.867700
v -0.193400 -13.000900 9.392700
v -0.199100 -13.017000 9.322100
v -0.190100 -12.975400 9.454200
v -0.187600 -12.899900 9.391100
v -0.189100 -12.893700 9.329200
v -0.195000 -12.893700 9.253400
v -0.185200 -12.913100 9.498600
v -0.183200 -12.829200 9.393700
v -0.183000 -12.780500 9.297300
v -0.188500 -12.761100 9.209600
v -0.203600 -12.765400 9.130800
v -0.234700 -12.777500 9.058600
v -0.239200 -12.941700 9.110200
v -0.209300 -12.914800 9.180500
v -0.288300 -12.781800 8.990400
v -0.291400 -12.959000 9.041700
v -0.284400 -13.116800 9.105300
v -0.236900 -13.089300 9.178400
v -0.265400 -13.256600 9.174300
v -0.224200 -13.222400 9.253500
v -0.211100 -13.051300 9.250700
v -0.204300 -13.178100 9.329900
v -0.717600 -9.603300 11.802500
v -0.692000 -9.682800 11.933500
v -0.607700 -9.599600 11.789500
v -0.588600 -9.679100 11.918400
v -0.570300 -9.765300 12.040400
v -0.667700 -9.769900 12.054500
v -0.504400 -9.669400 11.762400
v -0.491000 -9.742200 11.891100
v -0.405500 -9.771400 11.733500
v -0.396500 -9.833200 11.862800
v -0.386100 -9.895200 11.989300
v -0.477300 -9.818300 12.015300
v -0.469300 -9.898100 12.134900
v -0.560300 -9.859400 12.153400
v -0.378900 -9.955700 12.113900
v -0.380200 -10.019700 12.234100
v -0.474500 -9.985000 12.248900
v -0.568300 -9.965300 12.257600
v -0.653000 -9.864300 12.160600
v -0.660000 -9.973800 12.251800
v -0.408300 -9.711400 11.600500
v -0.310100 -9.814700 11.582300
v -0.308900 -9.863900 11.714800
v -0.404600 -9.648500 11.462400
v -0.305800 -9.760600 11.446100
v -0.208700 -9.855700 11.437600
v -0.211900 -9.900200 11.571900
v -0.211000 -9.939500 11.703700
v -0.394300 -9.577900 11.317700
v -0.295500 -9.696600 11.305300
v -0.281800 -9.637100 11.153200
v -0.191400 -9.757200 11.151900
v -0.201000 -9.802100 11.299600
v -0.102700 -9.876700 11.297900
v -0.106800 -9.921100 11.434000
v -0.097800 -9.844500 11.153500
v -0.002800 -9.878900 11.155200
v -0.003000 -9.903900 11.298700
v -0.003100 -9.943300 11.434300
v -0.108500 -9.958200 11.566900
v -0.108000 -9.990400 11.698000
v -0.002900 -9.978200 11.566400
v -0.002700 -10.008600 11.696900
v -0.505300 -9.463600 11.339200
v -0.511500 -9.532000 11.489000
v -0.626200 -9.456200 11.513400
v -0.626500 -9.393000 11.359700
v -0.511200 -9.600000 11.629200
v -0.620100 -9.525100 11.655600
v -0.736200 -9.531500 11.666600
v -0.748700 -9.466200 11.522900
v -0.756000 -9.405700 11.368900
v -0.138900 -11.361200 9.709500
v -0.109600 -11.261000 9.680800
v -0.174500 -11.264900 9.642700
v -0.205100 -11.387700 9.667200
v -0.084700 -11.149100 9.675200
v -0.147100 -11.126500 9.641900
v -0.222200 -11.113800 9.580300
v -0.246100 -11.282500 9.570900
v -0.270200 -11.432300 9.587200
v -0.055800 -11.035200 9.694800
v -0.121300 -10.983600 9.670600
v -0.203800 -10.945400 9.617900
v -0.286100 -10.912900 9.530200
v -0.298400 -11.107200 9.482900
v -0.311600 -11.313900 9.452500
v -0.319400 -11.496100 9.455900
v -0.279600 -11.949600 9.901400
v -0.284400 -11.886300 9.778600
v -0.278400 -11.996400 10.036100
v -0.301400 -11.885400 10.077200
v -0.301300 -11.838600 9.955700
v -0.301500 -11.781900 9.846800
v -0.279800 -12.031900 10.171900
v -0.280600 -12.060700 10.307700
v -0.298800 -11.959900 10.332800
v -0.301200 -11.925000 10.204100
v -0.303000 -11.842500 10.236200
v -0.306000 -11.797700 10.117600
v -0.296400 -11.883800 10.357300
v -0.269900 -11.832000 10.375800
v -0.279300 -11.785400 10.260800
v -0.284500 -11.735200 10.148600
v -0.304000 -11.749000 10.005600
v -0.298000 -11.694600 9.907100
v -0.281200 -11.683600 10.043100
v -0.270100 -11.628900 9.951300
v -0.267300 -12.162700 10.983600
v -0.269400 -12.149700 10.847000
v -0.265600 -12.171900 11.121700
v -0.269300 -12.089000 11.114800
v -0.271700 -12.079900 10.977900
v -0.275000 -12.065800 10.844400
v -0.264300 -12.177300 11.261600
v -0.263800 -12.179100 11.403500
v -0.266900 -12.094000 11.398800
v -0.267700 -12.093600 11.255100
v -0.259300 -12.030700 11.252600
v -0.261200 -12.026500 11.111500
v -0.257800 -12.030300 11.398300
v -0.233400 -11.982900 11.403000
v -0.235500 -11.983400 11.255000
v -0.237600 -11.979400 11.112500
v -0.264000 -12.017400 10.975300
v -0.267600 -12.002600 10.844200
v -0.240200 -11.970300 10.976000
v -0.243400 -11.955500 10.846000
v -0.278100 -12.156800 12.515000
v -0.273300 -12.159300 12.380800
v -0.289700 -12.046400 12.492700
v -0.281200 -12.054100 12.367800
v -0.275500 -12.060300 12.242600
v -0.271000 -12.160600 12.247900
v -0.284800 -11.956600 12.486200
v -0.271700 -11.971100 12.369200
v -0.261800 -11.883500 12.497800
v -0.244100 -11.905900 12.386300
v -0.230800 -11.926200 12.269300
v -0.261900 -11.983800 12.249700
v -0.256000 -11.994500 12.124100
v -0.271500 -12.065900 12.114300
v -0.223900 -11.942600 12.143400
v -0.222200 -11.955300 12.007900
v -0.253600 -12.003700 11.990900
v -0.269000 -12.071700 11.980500
v -0.269000 -12.162000 12.114100
v -0.267300 -12.164400 11.977500
v -0.256800 -12.026000 11.548400
v -0.231100 -11.978700 11.556000
v -0.267000 -12.090600 11.545800
v -0.267400 -12.084800 11.693600
v -0.255700 -12.019400 11.699400
v -0.228200 -11.972200 11.710200
v -0.264100 -12.177200 11.547800
v -0.264900 -12.173300 11.692700
v -0.266000 -12.168600 11.836500
v -0.267900 -12.078300 11.839400
v -0.254000 -12.012000 11.848100
v -0.224400 -11.964800 11.862200
v -0.278100 -12.087700 10.442400
v -0.274300 -12.112000 10.576800
v -0.284700 -12.022000 10.586300
v -0.292300 -11.992700 10.459600
v -0.271600 -12.132700 10.711500
v -0.279200 -12.046500 10.714200
v -0.272300 -11.981800 10.718400
v -0.278700 -11.954800 10.596400
v -0.247400 -11.934700 10.722800
v -0.253000 -11.907400 10.604700
v -0.287500 -11.921700 10.476700
v -0.260800 -11.872900 10.489700
v -0.240500 -11.483700 9.709500
v -0.181500 -11.440100 9.759200
v -0.288900 -11.544500 9.626900
v -0.300400 -11.633200 9.685300
v -0.271600 -11.562200 9.764900
v -0.223800 -11.506500 9.819500
v -0.315700 -11.616500 9.510300
v -0.322600 -11.694800 9.408200
v -0.298700 -11.774000 9.508600
v -0.305600 -11.707600 9.592200
v -0.294100 -11.801600 9.678600
v -0.302900 -11.712900 9.757600
v -0.278200 -11.874800 9.599700
v -0.289000 -11.632400 9.828900
v -0.252100 -11.569700 9.880200
v -0.209000 -11.844600 10.494700
v -0.215600 -11.804000 10.382600
v -0.204200 -11.876900 10.608500
v -0.141300 -11.860500 10.609200
v -0.143100 -11.831400 10.494500
v -0.146400 -11.792600 10.382200
v -0.201000 -11.901500 10.726000
v -0.198800 -11.919800 10.849200
v -0.140100 -11.896400 10.852700
v -0.140500 -11.881300 10.727900
v -0.073400 -11.873600 10.728400
v -0.073300 -11.855400 10.608100
v -0.073800 -11.886300 10.855100
v -0.003800 -11.885000 10.855900
v -0.003300 -11.873500 10.728100
v -0.003000 -11.856200 10.606900
v -0.073700 -11.828200 10.492200
v -0.075000 -11.790300 10.379000
v -0.002900 -11.829600 10.490300
v -0.002900 -11.792100 10.376500
v -0.175700 -11.921500 12.031300
v -0.178900 -11.931800 11.881500
v -0.120400 -11.900000 12.055200
v -0.123700 -11.911000 11.901200
v -0.128200 -11.916700 11.742900
v -0.183700 -11.938400 11.726100
v -0.062700 -11.888700 12.074000
v -0.065100 -11.900400 11.916800
v -0.003700 -11.885900 12.082300
v -0.004600 -11.897800 11.923600
v -0.005700 -11.902700 11.762300
v -0.068200 -11.905500 11.756400
v -0.070900 -11.908300 11.595700
v -0.132100 -11.920300 11.583600
v -0.006500 -11.905200 11.601000
v -0.007000 -11.905600 11.441700
v -0.072900 -11.908900 11.436800
v -0.135200 -11.921800 11.426200
v -0.187600 -11.943600 11.569100
v -0.190600 -11.946600 11.413600
v -0.006600 -11.904600 11.286300
v -0.073800 -11.907800 11.282200
v -0.005800 -11.901100 11.136000
v -0.074000 -11.904000 11.132900
v -0.138300 -11.916800 11.126200
v -0.137000 -11.920900 11.273300
v -0.004800 -11.894400 10.992200
v -0.074000 -11.896600 10.990300
v -0.139300 -11.908500 10.985700
v -0.196700 -11.933500 10.980200
v -0.194700 -11.942400 11.118400
v -0.192800 -11.946500 11.263100
v -0.225900 -11.645100 10.060100
v -0.214000 -11.589600 9.970800
v -0.229000 -11.700400 10.161700
v -0.155400 -11.685400 10.163200
v -0.153400 -11.626800 10.063400
v -0.143700 -11.569900 9.974500
v -0.223900 -11.754600 10.270400
v -0.151800 -11.742200 10.270600
v -0.077700 -11.740200 10.266800
v -0.079500 -11.682400 10.159300
v -0.003000 -11.742500 10.263600
v -0.003000 -11.684700 10.155600
v -0.078600 -11.621700 10.059800
v -0.073200 -11.562900 9.971200
v -0.003000 -11.623100 10.056000
v -0.003000 -11.563000 9.967600
v -0.086600 -11.352000 9.727300
v -0.064300 -11.270500 9.697700
v -0.047300 -11.349000 9.731500
v -0.033900 -11.278200 9.703000
v -0.030800 -11.218700 9.693700
v -0.046600 -11.185700 9.687700
v -0.020500 -11.341400 9.732400
v -0.013900 -11.269100 9.706400
v 0.000100 -11.336500 9.732100
v 0.001100 -11.260200 9.707700
v 0.001300 -11.172000 9.699700
v -0.014500 -11.190200 9.695500
v -0.024300 -11.108200 9.697400
v 0.000500 -11.071300 9.707200
v -0.341100 -11.807100 12.799900
v -0.355900 -11.895300 12.811600
v -0.307700 -11.836300 12.710000
v -0.322900 -11.920700 12.715500
v -0.322400 -12.021600 12.740800
v -0.356500 -12.000100 12.843800
v -0.282100 -11.861000 12.607500
v -0.300600 -11.940500 12.604400
v -0.301800 -12.036300 12.620400
v -0.287600 -12.152000 12.652900
v -0.307300 -12.141900 12.783600
v -0.342600 -12.124000 12.896100
v -0.002600 -10.115300 12.206000
v -0.002600 -10.158600 12.317400
v -0.098600 -10.152000 12.319000
v -0.098100 -10.107300 12.207500
v -0.002600 -10.213200 12.420400
v -0.100500 -10.207900 12.421700
v -0.200800 -10.196400 12.427100
v -0.195500 -10.136200 12.324300
v -0.192900 -10.087000 12.212100
v -0.002600 -10.278400 12.516100
v -0.102800 -10.274600 12.516700
v -0.002600 -10.355000 12.605600
v -0.104800 -10.352300 12.605300
v -0.211300 -10.350400 12.607200
v -0.206600 -10.268000 12.520700
v -0.317700 -10.262900 12.530900
v -0.305700 -10.181500 12.438700
v -0.326600 -10.355100 12.614200
v -0.450800 -10.383700 12.615100
v -0.436900 -10.275200 12.537500
v -0.416600 -10.176300 12.449400
v -0.293900 -10.113200 12.335000
v -0.286600 -10.055700 12.221300
v -0.395200 -10.092200 12.347100
v -0.357000 -11.696400 12.873000
v -0.312600 -11.733100 12.808900
v -0.323700 -11.636200 12.890400
v -0.277700 -11.672600 12.834000
v -0.234800 -11.704800 12.762200
v -0.275500 -11.765100 12.726600
v -0.289800 -11.592800 12.915200
v -0.243700 -11.624700 12.870400
v -0.265000 -11.565800 12.935000
v -0.222700 -11.579300 12.917000
v -0.164500 -11.600900 12.879300
v -0.193700 -11.652900 12.813500
v -0.139100 -11.685800 12.740400
v -0.194500 -11.737200 12.677700
v -0.096100 -11.630300 12.822800
v -0.002800 -11.675300 12.736500
v -0.094000 -11.726900 12.643800
v -0.161100 -11.772300 12.579200
v -0.244500 -11.794400 12.632700
v -0.218800 -11.823300 12.529700
v -0.062100 -11.866400 12.225500
v -0.003200 -11.862600 12.236000
v -0.120300 -11.880300 12.201600
v -0.125600 -11.851500 12.338900
v -0.064900 -11.831000 12.372500
v -0.003000 -11.823900 12.388600
v -0.176400 -11.905100 12.171800
v -0.183100 -11.882700 12.301800
v -0.197800 -11.854100 12.420200
v -0.138700 -11.813000 12.465500
v -0.072400 -11.779900 12.516500
v -0.003000 -11.765900 12.543900
v -0.576100 -11.488100 12.908300
v -0.523400 -11.548000 12.925500
v -0.518900 -11.408500 12.936400
v -0.473800 -11.477600 12.949100
v -0.424100 -11.538700 12.948200
v -0.466900 -11.603000 12.928800
v -0.451700 -11.344400 12.968700
v -0.414800 -11.423900 12.979200
v -0.375300 -11.298700 13.002100
v -0.346400 -11.388700 13.010500
v -0.314000 -11.465000 13.001200
v -0.373400 -11.492100 12.975000
v -0.332400 -11.548400 12.951800
v -0.373300 -11.591600 12.928600
v -0.284300 -11.525700 12.970300
v -0.410000 -11.652700 12.912100
v -0.700500 -10.106600 12.327600
v -0.604000 -10.086700 12.353200
v -0.651300 -10.227500 12.435900
v -0.757700 -10.272600 12.390400
v -0.500400 -10.082600 12.356400
v -0.534700 -10.193500 12.452000
v -0.565200 -10.320500 12.530500
v -0.694000 -10.391700 12.501500
v -0.584600 -10.453300 12.598500
v -0.720200 -10.557600 12.560000
v -0.815000 -10.481900 12.442000
v -0.850100 -10.690600 12.495200
v -0.736700 -11.189900 12.758000
v -0.700300 -11.275400 12.808200
v -0.643800 -11.054700 12.799100
v -0.616300 -11.154000 12.846200
v -0.587700 -11.246400 12.884900
v -0.662500 -11.352900 12.849900
v -0.537900 -10.937400 12.834100
v -0.520000 -11.048600 12.879600
v -0.426600 -10.848300 12.861700
v -0.417300 -10.967900 12.907800
v -0.407400 -11.085100 12.947200
v -0.501400 -11.154800 12.917600
v -0.479600 -11.254100 12.947700
v -0.556100 -11.331300 12.915000
v -0.394500 -11.196400 12.979800
v -0.621800 -11.423400 12.883200
v -0.557600 -10.823400 12.781400
v -0.437800 -10.729700 12.809100
v -0.672400 -10.948900 12.743700
v -0.698400 -10.833100 12.683500
v -0.574900 -10.705300 12.723500
v -0.447700 -10.612400 12.750400
v -0.773000 -11.095700 12.699200
v -0.808100 -10.986200 12.633400
v -0.840800 -10.855000 12.562100
v -0.718000 -10.703700 12.621500
v -0.585900 -10.581700 12.662700
v -0.453300 -10.496600 12.685900
v -0.270700 -11.908800 9.528600
v -0.290900 -11.821200 9.457200
v -0.283000 -11.864200 9.429700
v -0.268700 -11.923300 9.460700
v -0.310800 -11.774200 9.369400
v -0.290000 -11.855100 9.371200
v -0.269400 -11.937700 9.391100
v -0.850900 -13.253500 16.823400
v -0.576800 -13.269200 16.890800
v -0.647100 -13.274900 17.173000
v -0.942400 -13.264200 17.097400
v -0.292300 -13.278600 16.939200
v -0.002500 -13.282300 16.958600
v -0.002600 -13.278900 17.260400
v -0.330300 -13.278600 17.233700
v -0.389600 -13.281600 17.582000
v -0.753000 -13.278100 17.481200
v -0.002600 -13.281900 17.633500
v -1.069100 -13.268200 17.385300
v -0.002600 -7.726600 26.083300
v -0.389600 -7.730900 26.076500
v -0.002600 -6.941300 26.482400
v -0.388300 -6.947000 26.475000
v -0.798700 -6.951000 26.458500
v -0.801200 -7.731500 26.061400
v -0.002600 -6.078100 26.846700
v -0.389000 -6.085100 26.838200
v -0.799800 -6.091500 26.818200
v -1.259300 -6.082900 26.792400
v -1.258800 -6.940000 26.438000
v -1.261900 -7.716600 26.042900
v -0.002600 5.457200 26.673800
v -0.002600 6.168300 26.411300
v -0.521800 6.162300 26.401700
v -0.520000 5.449300 26.664000
v -0.002600 6.877200 26.121000
v -0.515100 6.871800 26.112200
v -1.026900 6.857600 26.084700
v -1.039300 6.147200 26.371800
v -1.035600 5.430200 26.632900
v -0.002600 7.590900 25.802000
v -0.502200 7.585300 25.794500
v -0.002600 8.309300 25.436800
v -0.484800 8.303400 25.430400
v -0.969100 8.287800 25.409000
v -1.002600 7.570700 25.770000
v -1.504500 7.549000 25.726900
v -1.537300 6.836900 26.037500
v -1.457700 8.264500 25.369900
v -1.553500 6.125500 26.320400
v -1.547900 5.404700 26.578700
v -0.002600 3.245000 27.275400
v -0.466100 3.223800 27.267800
v -0.002600 4.001000 27.112100
v -0.487900 3.984300 27.103800
v -0.975400 3.947900 27.075100
v -0.934600 3.178700 27.241200
v -0.002600 4.736600 26.909500
v -0.507300 4.724700 26.900200
v -1.011700 4.697800 26.869800
v -1.515700 4.664400 26.815400
v -1.467300 3.905300 27.022400
v -1.413200 3.128100 27.191400
v -0.002600 9.032300 25.007700
v -0.464300 9.026400 25.002300
v -0.002600 9.725300 24.521400
v -0.441700 9.719500 24.516800
v -0.884300 9.703700 24.500200
v -0.929000 9.010500 24.983300
v -0.002600 10.353900 23.984200
v -0.417800 10.348200 23.980600
v -0.002600 10.906300 23.430600
v -0.394900 10.900500 23.428400
v -0.792200 10.884000 23.417900
v -0.837200 10.332400 23.966700
v -1.264900 10.307400 23.938900
v -1.334300 9.679300 24.468300
v -1.199400 10.857800 23.395100
v -1.399700 8.986500 24.947800
v -0.002600 11.370800 22.895100
v -0.375400 11.364200 22.894700
v -0.002600 11.767400 22.363300
v -0.360700 11.760200 22.365300
v -0.726300 11.740500 22.364900
v -0.754300 11.345900 22.888800
v -0.002600 12.115900 21.820700
v -0.352700 12.109200 21.825500
v -0.711300 12.090300 21.831700
v -1.087100 12.060100 21.830800
v -1.106700 11.710000 22.355800
v -1.145400 11.317300 22.872300
v -0.002600 -15.185100 7.998000
v -0.002600 -15.115100 8.227400
v -0.194500 -15.107200 8.225400
v -0.205500 -15.190400 7.999800
v -0.002600 -15.052900 8.498600
v -0.183500 -15.030500 8.489700
v -0.367000 -14.986500 8.477100
v -0.388400 -15.087700 8.224200
v -0.409800 -15.192800 8.004700
v -0.002600 -15.014800 8.804900
v -0.176500 -14.982000 8.786100
v -0.353200 -14.919200 8.756400
v -0.535600 -14.861900 8.741900
v -0.555900 -14.944400 8.474800
v -0.586400 -15.061500 8.228600
v -0.616800 -15.179000 8.012000
v -0.614500 -15.183200 7.496400
v -0.633000 -15.258400 7.582400
v -0.409900 -15.201900 7.485200
v -0.422200 -15.271900 7.571900
v -0.428500 -15.304700 7.682400
v -0.643100 -15.295500 7.692000
v -0.206100 -15.195800 7.481900
v -0.212200 -15.259500 7.568300
v -0.002700 -15.186300 7.482500
v -0.002600 -15.246700 7.568300
v -0.002600 -15.275500 7.676100
v -0.215200 -15.289200 7.677500
v -0.212700 -15.258600 7.819200
v -0.423800 -15.271700 7.825400
v -0.002600 -15.246800 7.816800
v -0.636700 -15.263000 7.834200
v -0.559700 -14.939900 7.309500
v -0.372900 -14.965600 7.295300
v -0.384300 -15.042100 7.352100
v -0.576700 -15.018300 7.364200
v -0.187400 -14.978500 7.284400
v -0.002600 -14.981600 7.279900
v -0.002600 -15.050900 7.341900
v -0.193200 -15.050600 7.344500
v -0.199600 -15.124600 7.408900
v -0.397000 -15.123000 7.413700
v -0.002600 -15.120100 7.408200
v -0.595400 -15.101300 7.425100
v -1.144200 -3.137000 8.903800
v -1.062600 -3.482200 9.033900
v -0.850200 -3.107000 8.833100
v -0.752200 -3.463500 8.961500
v -0.715700 -3.788700 9.057900
v -1.030600 -3.797000 9.122300
v -0.496300 -3.047900 8.793900
v -0.390300 -3.427400 8.917100
v -0.002600 -3.405200 8.901500
v -0.002600 -3.768400 9.004300
v -0.367500 -3.775900 9.018200
v -0.364500 -4.107200 9.075400
v -0.712500 -4.109700 9.118400
v -0.002600 -4.106000 9.057200
v -1.032800 -4.111700 9.174800
v -0.002600 1.817700 11.490200
v -0.269800 1.825600 11.488200
v -0.002600 1.600400 11.360200
v -0.262600 1.612200 11.361900
v -0.517600 1.629800 11.356700
v -0.534700 1.834700 11.473400
v -0.002600 1.386100 11.220700
v -0.258700 1.401300 11.226400
v -0.504500 1.428200 11.232500
v -0.729800 1.448200 11.227700
v -0.762700 1.635200 11.334300
v -0.794800 1.830400 11.437200
v -1.383500 -1.765800 8.235000
v -1.070800 -2.185300 8.499600
v -1.284900 -2.256300 8.482700
v -1.559100 -1.838700 8.241000
v -0.749100 -2.623300 8.670300
v -1.038100 -2.691800 8.676700
v -1.290600 -2.731200 8.726200
v -1.488900 -2.301800 8.516200
v -1.726000 -1.885700 8.288900
v -0.002600 -14.942600 14.494000
v -0.002600 -14.973100 14.533900
v -0.129400 -14.978300 14.528000
v -0.124600 -14.948100 14.487600
v -0.002600 -14.990100 14.577700
v -0.132900 -14.994200 14.572300
v -0.262700 -15.001600 14.549800
v -0.255500 -14.990400 14.504600
v -0.245500 -14.961500 14.462700
v -0.002700 -14.999000 14.630300
v -0.136100 -15.001200 14.625300
v -0.268100 -15.000000 14.602600
v -0.397200 -14.988100 14.555300
v -0.391500 -15.005800 14.504400
v -0.380400 -15.003800 14.458200
v -0.364100 -14.977800 14.414600
v -0.287400 -14.647800 14.241000
v -0.300800 -14.752600 14.286200
v -0.193500 -14.648100 14.287300
v -0.202900 -14.748800 14.334300
v -0.216100 -14.838100 14.377100
v -0.319800 -14.846700 14.328300
v -0.098400 -14.645500 14.314400
v -0.103200 -14.743300 14.361700
v -0.002700 -14.643600 14.322900
v -0.002700 -14.740400 14.370000
v -0.002600 -14.825600 14.411500
v -0.110000 -14.829600 14.403800
v -0.117600 -14.898200 14.446000
v -0.231300 -14.909800 14.420100
v -0.002600 -14.893200 14.453000
v -0.342400 -14.923600 14.371200
v -0.002600 -14.320500 14.110500
v -0.094700 -14.319900 14.104500
v -0.002700 -14.433400 14.194400
v -0.095500 -14.433400 14.187300
v -0.188100 -14.431500 14.164700
v -0.186400 -14.316400 14.085000
v -0.002700 -14.541200 14.264800
v -0.096300 -14.542000 14.256800
v -0.189500 -14.542200 14.231400
v -0.281800 -14.538600 14.188500
v -0.279900 -14.425300 14.126100
v -0.277400 -14.308200 14.050900
v -0.526200 -14.099400 9.274200
v -0.350700 -14.106700 9.339000
v -0.359100 -13.973500 9.273600
v -0.536200 -13.972400 9.215600
v -0.176400 -14.113000 9.392700
v -0.002600 -14.116000 9.417000
v -0.002600 -13.976600 9.344600
v -0.181100 -13.975400 9.322100
v -0.188900 -13.847800 9.267500
v -0.372600 -13.848600 9.215200
v -0.002600 -13.847200 9.292900
v -0.550900 -13.848900 9.157200
v -0.002600 -13.375100 13.353400
v -0.076700 -13.368000 13.359100
v -0.002600 -13.456500 13.452900
v -0.078500 -13.451800 13.455900
v -0.156400 -13.436600 13.457800
v -0.153400 -13.344100 13.367000
v -0.002600 -13.556800 13.546300
v -0.079500 -13.553700 13.547000
v -0.158100 -13.543200 13.544000
v -0.240400 -13.523400 13.533700
v -0.238600 -13.408700 13.453200
v -0.235300 -13.300000 13.368700
v -0.002700 -9.970800 10.686300
v -0.089800 -9.916800 10.675400
v -0.002300 -9.920500 10.840300
v -0.090900 -9.869200 10.833400
v -0.176500 -9.747800 10.818200
v -0.174500 -9.785000 10.647400
v -0.002500 -9.887100 10.999500
v -0.093700 -9.843500 10.995700
v -0.182700 -9.738800 10.988900
v -0.267500 -9.596500 10.983100
v -0.256800 -9.582900 10.799800
v -0.254400 -9.604400 10.608100
v -0.003000 -13.348800 9.952100
v -0.076200 -13.315300 9.940500
v -0.002900 -13.303900 10.051000
v -0.069700 -13.275200 10.042400
v -0.124900 -13.196500 10.022600
v -0.135100 -13.226300 9.911300
v -0.002900 -13.257300 10.164300
v -0.063600 -13.233600 10.158500
v -0.002900 -13.206100 10.288600
v -0.056700 -13.187800 10.285400
v -0.104200 -13.131800 10.278200
v -0.115100 -13.166000 10.145700
v -0.147500 -13.059200 10.131200
v -0.155900 -13.077200 9.998400
v -0.138100 -13.038300 10.270000
v -0.164500 -13.094900 9.871000
v -0.108300 -12.969800 10.868700
v -0.108200 -12.976000 11.015900
v -0.072200 -13.027100 10.860700
v -0.071300 -13.030400 11.007100
v -0.073500 -13.046000 11.151400
v -0.111500 -12.991600 11.159900
v -0.037200 -13.056600 10.853100
v -0.036400 -13.057600 10.998800
v -0.002500 -13.064600 10.849500
v -0.002400 -13.064800 10.994700
v -0.002400 -13.079800 11.138900
v -0.037600 -13.072900 11.143000
v -0.042400 -13.107200 11.286100
v -0.081700 -13.075500 11.294100
v -0.002400 -13.116200 11.282200
v -0.119700 -13.015600 11.301900
v -0.144200 -13.083200 12.213600
v -0.100400 -13.151200 12.216300
v -0.102400 -13.159700 12.393900
v -0.148400 -13.093600 12.388800
v -0.052500 -13.188000 12.215300
v -0.002600 -13.198600 12.213900
v -0.002600 -13.204200 12.392400
v -0.053300 -13.194600 12.393800
v -0.054700 -13.202600 12.568900
v -0.105600 -13.169100 12.568800
v -0.002700 -13.211600 12.567300
v -0.154100 -13.105000 12.561800
v -0.126200 -13.012200 10.415500
v -0.090500 -13.091100 10.417700
v -0.078800 -13.054900 10.562700
v -0.115700 -12.988300 10.565400
v -0.048200 -13.134900 10.419600
v -0.003000 -13.147700 10.420400
v -0.002900 -13.098000 10.558900
v -0.041000 -13.089300 10.560200
v -0.038000 -13.065100 10.705800
v -0.073700 -13.034400 10.711500
v -0.002700 -13.073000 10.703000
v -0.110200 -12.974000 10.717600
v -0.232800 -13.379300 9.242000
v -0.179400 -13.482000 9.296300
v -0.151800 -13.440700 9.381700
v -0.197400 -13.342800 9.326000
v -0.098000 -13.561700 9.325200
v -0.002700 -13.595700 9.333200
v -0.002800 -13.531000 9.410600
v -0.083000 -13.506400 9.406400
v -0.080100 -13.465900 9.500400
v -0.144900 -13.399000 9.468000
v -0.002800 -13.490900 9.509100
v -0.184200 -13.298500 9.406700
v -0.002700 -10.034700 11.827600
v -0.105800 -10.019700 11.828700
v -0.002600 -10.059000 11.957300
v -0.102600 -10.047300 11.958200
v -0.200600 -10.013800 11.962900
v -0.206500 -9.977400 11.834100
v -0.002600 -10.084000 12.084700
v -0.099700 -10.074500 12.085900
v -0.195400 -10.048200 12.090300
v -0.288000 -10.007200 12.099300
v -0.294500 -9.961700 11.972600
v -0.302600 -9.913400 11.844600
v -0.003000 -11.509900 9.892700
v -0.061800 -11.510800 9.896000
v -0.002500 -11.457900 9.829000
v -0.047200 -11.459700 9.831700
v -0.098200 -11.466400 9.835700
v -0.123900 -11.517900 9.899900
v -0.001300 -11.401200 9.774000
v -0.032500 -11.404100 9.775700
v -0.070700 -11.410900 9.777600
v -0.122700 -11.419300 9.777000
v -0.161500 -11.478300 9.837400
v -0.192200 -11.534600 9.899300
v -0.002600 -10.443700 12.689500
v -0.105800 -10.441600 12.688800
v -0.002700 -10.543400 12.767300
v -0.106100 -10.541500 12.766200
v -0.213100 -10.545400 12.763500
v -0.213200 -10.443200 12.688400
v -0.002700 -10.652600 12.838400
v -0.106000 -10.651000 12.836700
v -0.002600 -10.769700 12.902300
v -0.105900 -10.768500 12.899900
v -0.210400 -10.774600 12.892400
v -0.211800 -10.656400 12.831600
v -0.322500 -10.678300 12.824100
v -0.327000 -10.564100 12.761000
v -0.317300 -10.797600 12.880400
v -0.329000 -10.455900 12.691000
v -0.002600 -10.893500 12.958900
v -0.106100 -10.892600 12.955600
v -0.002600 -11.019800 13.009100
v -0.106100 -11.019100 13.004800
v -0.208700 -11.024700 12.992800
v -0.209800 -10.898800 12.945900
v -0.002600 -11.145000 13.054000
v -0.105100 -11.144100 13.048600
v -0.002600 -11.266000 13.078600
v -0.101700 -11.264200 13.073400
v -0.198400 -11.265000 13.058800
v -0.205800 -11.147900 13.033800
v -0.302700 -11.163200 13.009700
v -0.309500 -11.044200 12.973000
v -0.290200 -11.274300 13.033600
v -0.313700 -10.921000 12.929900
v -0.002600 -11.379900 13.067900
v -0.094400 -11.376500 13.066000
v -0.002600 -11.483400 13.013700
v -0.087000 -11.476800 13.019600
v -0.168700 -11.465800 13.025800
v -0.183900 -11.372500 13.057700
v -0.002600 -11.573200 12.908100
v -0.083100 -11.561000 12.927200
v -0.159200 -11.540300 12.958200
v -0.226400 -11.525700 12.972500
v -0.245100 -11.459100 13.018900
v -0.268600 -11.374100 13.037900
v 0.424200 -12.792700 20.287100
v 0.413600 -12.616800 20.833900
v 0.444200 -12.943400 19.720300
v 0.897300 -12.860700 19.863200
v 0.862400 -12.720100 20.361200
v 0.843500 -12.554200 20.868600
v 0.482100 -13.078300 19.137900
v 0.602500 -13.177600 18.640200
v 1.083500 -13.078300 18.981100
v 0.962200 -12.983900 19.390800
v 1.433000 -12.842000 19.622100
v 1.363000 -12.730600 20.020700
v 1.544700 -12.932800 19.266800
v 2.010000 -12.752100 19.488600
v 1.916400 -12.663400 19.812600
v 1.855800 -12.562300 20.164500
v 1.323400 -12.604700 20.455600
v 1.300800 -12.455100 20.915700
v 1.820700 -12.451300 20.548700
v 1.800300 -12.318200 20.964900
v 4.088000 -11.490400 20.991700
v 3.528200 -11.716500 21.027700
v 3.509500 -11.836600 20.669200
v 4.054100 -11.618700 20.638800
v 2.942100 -11.938400 21.030000
v 2.938900 -12.055900 20.660800
v 2.945300 -12.152000 20.326200
v 3.497500 -11.934500 20.342800
v 4.024700 -11.723800 20.315000
v 2.356800 -12.142500 21.006000
v 2.367600 -12.264600 20.618900
v 2.390700 -12.365400 20.266600
v 2.434100 -12.458800 19.942900
v 2.967100 -12.241600 20.016900
v 2.503100 -12.547500 19.637700
v 3.008000 -12.332600 19.721000
v 3.496400 -12.025400 20.038600
v 4.002500 -11.820400 20.011000
v 3.509100 -12.121300 19.745600
v 3.990300 -11.923200 19.717800
v 5.593100 -11.188400 19.240500
v 5.645300 -11.043200 19.531200
v 5.282000 -11.263000 19.687100
v 5.233900 -11.396700 19.395900
v 5.709600 -10.902300 19.837000
v 5.339900 -11.132500 19.992500
v 4.940700 -11.338700 20.131100
v 4.890800 -11.456800 19.826200
v 4.849000 -11.578400 19.533800
v 5.784300 -10.752800 20.160800
v 5.405100 -10.991700 20.316500
v 5.868400 -10.582500 20.506300
v 5.476400 -10.828900 20.664400
v 5.054500 -11.056700 20.803100
v 4.995800 -11.209400 20.454500
v 4.547500 -11.414000 20.564600
v 4.504000 -11.530500 20.241500
v 4.594200 -11.273800 20.914600
v 4.465800 -11.636700 19.937200
v 4.435700 -11.748100 19.644200
v 6.741400 -10.112600 18.598200
v 6.504600 -10.381900 18.750000
v 6.449800 -10.574000 18.458100
v 6.682900 -10.306400 18.298300
v 6.235300 -10.665000 18.912400
v 6.187300 -10.851000 18.627900
v 6.157800 -11.055300 18.363700
v 6.417800 -10.790000 18.186800
v 6.651100 -10.528400 18.018500
v 5.929200 -10.939200 19.077600
v 5.886700 -11.114500 18.797800
v 5.554700 -11.351000 18.962000
v 5.531300 -11.526500 18.703100
v 5.860300 -11.304200 18.538000
v 5.851000 -11.501200 18.306100
v 6.149800 -11.269500 18.129000
v 5.523700 -11.710200 18.471500
v 5.521300 -11.882800 18.267100
v 5.847200 -11.684800 18.102300
v 6.149000 -11.469100 17.924400
v 6.416200 -11.021800 17.947900
v 6.657400 -10.771500 17.773400
v 6.424300 -11.239100 17.741400
v 6.675900 -11.001400 17.562500
v 6.142000 -10.484400 19.997600
v 6.239300 -10.309600 20.336800
v 6.057700 -10.638400 19.676100
v 6.376700 -10.357000 19.514800
v 6.469400 -10.201900 19.832600
v 6.578000 -10.025000 20.162500
v 5.986500 -10.785200 19.369900
v 6.298600 -10.505900 19.208000
v 6.574400 -10.221700 19.050400
v 6.658900 -10.074300 19.358100
v 6.815100 -9.954300 18.903800
v 6.903100 -9.810500 19.212300
v 6.757800 -9.920700 19.671300
v 6.873800 -9.743500 19.990100
v 7.004600 -9.660500 19.521000
v 7.123100 -9.485700 19.828600
v 7.667000 -8.447800 20.943300
v 7.401300 -8.707000 21.200300
v 7.282200 -8.995600 20.930100
v 7.542800 -8.736400 20.699900
v 7.063000 -9.009400 21.467800
v 6.954400 -9.292400 21.171000
v 6.833900 -9.564800 20.846500
v 7.150500 -9.274000 20.631800
v 7.406700 -9.015400 20.427800
v 6.661000 -9.322400 21.725600
v 6.566800 -9.597400 21.405200
v 6.219700 -9.625100 21.959700
v 6.140900 -9.891900 21.620500
v 6.054700 -10.147800 21.254800
v 6.462600 -9.861600 21.057500
v 6.349800 -10.100500 20.695700
v 6.704000 -9.810800 20.505400
v 5.961200 -10.379500 20.877200
v 7.009500 -9.525600 20.314400
v 7.261900 -9.268000 20.134200
v 5.763500 -9.896700 22.156100
v 5.698100 -10.157300 21.804900
v 5.285000 -10.149200 22.319300
v 5.231400 -10.405400 21.960300
v 5.175600 -10.649500 21.576400
v 5.628200 -10.406900 21.428200
v 4.776800 -10.394800 22.454000
v 4.733400 -10.647700 22.088500
v 4.225000 -10.638100 22.559600
v 4.191200 -10.889000 22.187300
v 4.158600 -11.122600 21.789400
v 4.689600 -10.886200 21.698200
v 4.642400 -11.096400 21.299600
v 5.115600 -10.868300 21.183900
v 4.123500 -11.324000 21.383000
v 5.552500 -10.632400 21.041500
v 3.615800 -10.883500 22.635800
v 3.592200 -11.133900 22.254200
v 2.980200 -11.110800 22.683400
v 2.966500 -11.362700 22.292400
v 2.957800 -11.593200 21.873100
v 3.571600 -11.364400 21.845800
v 2.349300 -11.299700 22.703400
v 2.344600 -11.555700 22.305400
v 1.760000 -11.444700 22.707200
v 1.762000 -11.706000 22.304400
v 1.771500 -11.947500 21.868000
v 2.346600 -11.790400 21.876800
v 2.350200 -11.985200 21.434500
v 2.949000 -11.784600 21.443200
v 1.784100 -12.150900 21.413100
v 3.549600 -11.558900 21.428500
v 1.249400 -11.540600 22.705900
v 1.254200 -11.806600 22.300600
v 0.798500 -11.598700 22.703200
v 0.803100 -11.868700 22.297000
v 0.813300 -12.125700 21.850000
v 1.266100 -12.056000 21.858100
v 0.387800 -11.630600 22.702900
v 0.390600 -11.903400 22.296300
v 0.396400 -12.166200 21.846300
v 0.404200 -12.406000 21.356200
v 0.827000 -12.355200 21.369400
v 1.281700 -12.272200 21.389900
v 0.397700 -10.783400 23.728600
v 0.400700 -10.445300 24.073400
v 0.393100 -11.082200 23.396900
v 0.809600 -11.052900 23.394400
v 0.818800 -10.755800 23.724100
v 0.825100 -10.420400 24.066600
v 0.389300 -11.360800 23.062400
v 0.801700 -11.330400 23.061600
v 1.255400 -11.274500 23.062500
v 1.267500 -10.998900 23.393100
v 1.770000 -11.181800 23.061300
v 1.787100 -10.908700 23.389200
v 1.281500 -10.704200 23.720300
v 1.291400 -10.372400 24.059700
v 1.806400 -10.617000 23.713200
v 1.820600 -10.289500 24.048800
v 4.387100 -9.521200 23.794900
v 3.751100 -9.763800 23.907100
v 3.719500 -10.081100 23.592100
v 4.348200 -9.837400 23.491200
v 3.090100 -9.984300 23.988100
v 3.064600 -10.303800 23.663300
v 3.033400 -10.588800 23.347900
v 3.682500 -10.364700 23.285200
v 4.305200 -10.120400 23.193400
v 2.433400 -10.159900 24.030200
v 2.413800 -10.483000 23.698900
v 2.388700 -10.771100 23.378300
v 2.365500 -11.040700 23.053800
v 3.003900 -10.855300 23.028300
v 3.646900 -10.629600 22.972900
v 4.263500 -10.384600 22.889000
v 6.508500 -8.478100 23.038100
v 6.019000 -8.767100 23.289500
v 5.952000 -9.085700 23.020400
v 6.432600 -8.799900 22.785200
v 5.508200 -9.030600 23.493200
v 5.450900 -9.347000 23.211000
v 5.393500 -9.630000 22.929400
v 5.887300 -9.371300 22.749700
v 6.360600 -9.089600 22.528800
v 4.968500 -9.279400 23.659300
v 4.920800 -9.595200 23.366000
v 4.870900 -9.877600 23.076100
v 4.822700 -10.141100 22.777600
v 5.338700 -9.894100 22.637300
v 5.825500 -9.638100 22.466300
v 6.291300 -9.361200 22.258000
v 8.088300 -7.249700 21.660300
v 7.795400 -7.507900 22.017700
v 7.695800 -7.837600 21.831900
v 7.981300 -7.580100 21.499800
v 7.422300 -7.820000 22.382000
v 7.331200 -8.148600 22.172100
v 7.243800 -8.447700 21.956600
v 7.599800 -8.138500 21.640100
v 7.877900 -7.880600 21.332800
v 6.984800 -8.152900 22.728800
v 6.901200 -8.478400 22.496100
v 6.821800 -8.773200 22.258600
v 6.743800 -9.051100 22.005900
v 7.156900 -8.731200 21.725800
v 7.504400 -8.424800 21.433300
v 7.775900 -8.166100 21.150800
v 6.595500 -11.480000 16.977700
v 6.835200 -11.268400 16.795400
v 6.882800 -11.199800 16.921600
v 6.640200 -11.418800 17.100300
v 7.046200 -11.054300 16.615000
v 7.097200 -10.978200 16.746000
v 7.126600 -10.867300 16.888100
v 6.911100 -11.095500 17.059000
v 6.669100 -11.322000 17.234200
v 7.219600 -10.838500 16.439200
v 7.275600 -10.757000 16.572700
v 7.351100 -10.628600 16.269200
v 7.414100 -10.544100 16.401300
v 7.455900 -10.428900 16.547700
v 7.309500 -10.642400 16.718500
v 7.318400 -10.494500 16.884300
v 7.131300 -10.718000 17.048800
v 7.473200 -10.286400 16.715700
v 7.467500 -10.122800 16.914300
v 7.306400 -10.317000 17.079900
v 7.116700 -10.532000 17.238200
v 6.917800 -10.950300 17.214300
v 6.680400 -11.183900 17.385500
v 6.906600 -10.762900 17.396900
v 5.513700 -12.025000 18.089800
v 5.837500 -11.834500 17.927300
v 5.500000 -12.136100 17.933000
v 5.820500 -11.950300 17.773500
v 6.123500 -11.751900 17.599000
v 6.140800 -11.629500 17.750300
v 5.479300 -12.215100 17.789600
v 5.795200 -12.032100 17.633900
v 5.451300 -12.261700 17.654400
v 5.761800 -12.081100 17.502700
v 6.057800 -11.889800 17.335900
v 6.095600 -11.837700 17.462800
v 6.377600 -11.632400 17.282800
v 6.406500 -11.541700 17.416700
v 6.336000 -11.688300 17.159300
v 6.421600 -11.411500 17.566900
v 8.222100 -8.808500 12.691200
v 8.168800 -8.843500 12.955600
v 8.104900 -9.005900 12.903500
v 8.142200 -8.991000 12.636800
v 8.113900 -8.876600 13.219400
v 8.063900 -9.021000 13.170300
v 7.999000 -9.153600 13.126000
v 8.025400 -9.154000 12.859800
v 8.046700 -9.157500 12.595300
v 8.060900 -8.908700 13.485700
v 8.022000 -9.037300 13.440200
v 8.012400 -8.940500 13.757000
v 7.981500 -9.055400 13.715800
v 7.939100 -9.165400 13.674300
v 7.969800 -9.157500 13.396800
v 7.904500 -9.262600 13.359200
v 7.920800 -9.266500 13.089300
v 7.884200 -9.265000 13.637100
v 7.818100 -9.349100 13.609100
v 7.830200 -9.348400 13.332000
v 7.836400 -9.355900 13.063800
v 7.934000 -9.279300 12.826000
v 7.941600 -9.299500 12.567000
v 7.839100 -9.377500 12.804500
v 7.836000 -9.410800 12.552500
v 7.971200 -8.972800 14.035900
v 7.945000 -9.076000 13.999600
v 7.932900 -9.007200 14.319500
v 7.906500 -9.100400 14.287400
v 7.870100 -9.192300 14.250800
v 7.908000 -9.176600 13.960800
v 7.893000 -9.045500 14.605100
v 7.860100 -9.130400 14.574900
v 7.862600 -9.094200 14.890400
v 7.822400 -9.177900 14.857800
v 7.774600 -9.257600 14.818300
v 7.818700 -9.213000 14.538900
v 7.770600 -9.291900 14.502100
v 7.823400 -9.279900 14.214700
v 7.721900 -9.331900 14.777200
v 7.662600 -9.392300 14.741500
v 7.713200 -9.358600 14.470600
v 7.764600 -9.355700 14.184500
v 7.859200 -9.270800 13.924300
v 7.797900 -9.352000 13.895300
v 7.808100 -9.418300 16.177800
v 7.748400 -9.620400 16.386000
v 7.737900 -9.753200 16.164600
v 7.778500 -9.595200 15.949500
v 7.683700 -9.792600 16.553200
v 7.675700 -9.925800 16.353700
v 7.636500 -10.056100 16.192000
v 7.689100 -9.889900 16.003300
v 7.723300 -9.735100 15.799800
v 7.591700 -9.954000 16.734000
v 7.589900 -10.100200 16.538200
v 7.561900 -10.234600 16.372800
v 7.508700 -10.347500 16.231100
v 7.572100 -10.167300 16.057600
v 7.436300 -10.432400 16.106600
v 7.491100 -10.251700 15.944300
v 7.617300 -10.003600 15.876200
v 7.648500 -9.848800 15.685000
v 7.531400 -10.088400 15.775100
v 7.562000 -9.932600 15.597200
v 7.665800 -8.770100 19.326700
v 7.590000 -8.927400 19.440900
v 7.490700 -9.077200 19.161700
v 7.575600 -8.909400 19.059600
v 7.476400 -9.090700 19.559500
v 7.368100 -9.250700 19.270300
v 7.274900 -9.388300 18.967400
v 7.406000 -9.206400 18.857500
v 7.499300 -9.029300 18.758100
v 7.322300 -9.272500 19.686900
v 7.207100 -9.441100 19.388700
v 7.107800 -9.585800 19.083900
v 7.021700 -9.725000 18.774700
v 7.195500 -9.521400 18.651600
v 6.950400 -9.879700 18.465000
v 7.132300 -9.672000 18.333000
v 7.337800 -9.331200 18.522900
v 7.441300 -9.143100 18.411100
v 7.288000 -9.478600 18.185200
v 7.425800 -9.277600 17.972200
v 8.063400 -7.946800 20.134400
v 8.035500 -8.035200 20.321100
v 7.929900 -8.285500 20.145100
v 7.968100 -8.178900 19.977800
v 7.969300 -8.133800 20.512700
v 7.853600 -8.400800 20.316000
v 7.730300 -8.657600 20.088200
v 7.818400 -8.524400 19.937000
v 7.868500 -8.398800 19.789000
v 7.851400 -8.264000 20.717100
v 7.728900 -8.544700 20.498000
v 7.596500 -8.815700 20.249200
v 7.456500 -9.061100 19.976300
v 7.600800 -8.890300 19.834100
v 7.702200 -8.740800 19.700800
v 7.765600 -8.597900 19.570900
v 8.455400 -6.848600 20.494100
v 8.447500 -6.900000 20.754300
v 8.336200 -7.232000 20.669000
v 8.344600 -7.176800 20.426700
v 8.400000 -6.970400 21.033500
v 8.287800 -7.303100 20.925400
v 8.179700 -7.597800 20.808100
v 8.232000 -7.521700 20.574000
v 8.244600 -7.459200 20.350000
v 8.285000 -7.078800 21.333900
v 8.174100 -7.410500 21.200000
v 8.066400 -7.708900 21.058200
v 7.961400 -7.989400 20.900500
v 8.075700 -7.870400 20.673600
v 8.134000 -7.785100 20.461000
v 8.153200 -7.711400 20.255500
v 7.440300 -9.944100 17.152000
v 7.277400 -10.113600 17.315100
v 7.412900 -9.748800 17.410200
v 7.254100 -9.895900 17.581800
v 7.069600 -10.079300 17.729000
v 7.087700 -10.310900 17.466400
v 7.406700 -9.535200 17.670300
v 7.258900 -9.675500 17.871700
v 7.087400 -9.862200 18.021700
v 6.895400 -10.070800 18.158400
v 6.868500 -10.290800 17.870300
v 6.881200 -10.532300 17.616000
v 7.729400 -9.350100 16.640400
v 7.705300 -9.518200 16.693700
v 7.632600 -9.297600 17.069800
v 7.625900 -9.461600 17.040600
v 7.607800 -9.592500 17.012000
v 7.654500 -9.672700 16.800600
v 7.531500 -9.274200 17.498500
v 7.527700 -9.465600 17.379700
v 7.536800 -9.646300 17.195900
v 7.566000 -9.805900 16.966900
v 7.852600 -9.159900 15.173300
v 7.810100 -9.255100 15.131800
v 7.849500 -9.237700 15.467400
v 7.807700 -9.353400 15.405400
v 7.753400 -9.460200 15.333000
v 7.758300 -9.344500 15.082000
v 7.840000 -9.322700 15.786500
v 7.799400 -9.464400 15.687200
v 7.743300 -9.591200 15.574300
v 7.670400 -9.695900 15.481900
v 7.686100 -9.552000 15.264500
v 7.587700 -9.774600 15.408700
v 7.610400 -9.623400 15.205900
v 7.698500 -9.424600 15.030500
v 7.631800 -9.488200 14.985000
v 7.988200 -8.493600 13.851100
v 8.034900 -8.597400 13.846300
v 8.093500 -8.522000 13.600000
v 8.046700 -8.409200 13.611800
v 8.040800 -8.711400 13.823900
v 8.098000 -8.648800 13.568600
v 8.164200 -8.581200 13.319100
v 8.163000 -8.439400 13.361100
v 8.117700 -8.315600 13.381900
v 8.032700 -8.825800 13.793600
v 8.086700 -8.778400 13.529500
v 8.147600 -8.728500 13.270500
v 8.213500 -8.675400 13.014400
v 8.239000 -8.508200 13.074000
v 8.280300 -8.618400 12.757900
v 8.317600 -8.429600 12.829900
v 8.245200 -8.348600 13.129000
v 8.204100 -8.211700 13.161000
v 8.334400 -8.250700 12.899900
v 8.300900 -8.099000 12.945500
v 7.858000 -8.733100 14.915200
v 7.902600 -8.824500 14.922600
v 7.918000 -8.780800 14.638300
v 7.871100 -8.692100 14.631400
v 7.907000 -8.918400 14.920900
v 7.925100 -8.872300 14.635300
v 7.954400 -8.822900 14.357200
v 7.946400 -8.727700 14.364600
v 7.900300 -8.636600 14.360100
v 7.892200 -9.008000 14.910800
v 7.915800 -8.960000 14.624700
v 7.949400 -8.915400 14.342500
v 7.987600 -8.871000 14.065000
v 7.992900 -8.769300 14.086800
v 7.985600 -8.666200 14.100900
v 7.939400 -8.569900 14.100300
v 7.760100 -8.759100 16.227800
v 7.808300 -8.886100 16.236200
v 7.871200 -8.891700 15.867700
v 7.834700 -8.770400 15.863300
v 7.826700 -9.033200 16.231000
v 7.877000 -9.026700 15.859700
v 7.896100 -8.999200 15.523700
v 7.898400 -8.880000 15.530900
v 7.869100 -8.766800 15.527000
v 7.825400 -9.201000 16.211600
v 7.866200 -9.173600 15.838400
v 7.879400 -9.119000 15.504700
v 7.884100 -9.062400 15.199800
v 7.901700 -8.961900 15.213900
v 7.902500 -8.857600 15.217900
v 7.867100 -8.756200 15.212400
v 7.460300 -8.511600 17.818200
v 7.485100 -8.658800 17.878800
v 7.510400 -8.736900 17.488400
v 7.470100 -8.595000 17.445100
v 7.501200 -8.830500 17.924600
v 7.539100 -8.900000 17.517000
v 7.619300 -8.959700 17.083000
v 7.582300 -8.806000 17.068800
v 7.528700 -8.669700 17.040600
v 7.487000 -9.027000 17.958300
v 7.540700 -9.082400 17.532300
v 7.633200 -9.126900 17.083600
v 7.737900 -9.176000 16.635000
v 7.728000 -9.007500 16.646500
v 7.696800 -8.856600 16.644000
v 7.641800 -8.725000 16.627600
v 7.698200 -8.141300 18.833500
v 7.712700 -8.285500 18.970100
v 7.636200 -8.400200 18.755500
v 7.622500 -8.250900 18.638200
v 7.719800 -8.442800 19.094800
v 7.641700 -8.564400 18.860900
v 7.573300 -8.666000 18.592300
v 7.567600 -8.497100 18.506100
v 7.553600 -8.345800 18.408100
v 7.706600 -8.606400 19.212500
v 7.623700 -8.736300 18.960800
v 7.552800 -8.846200 18.673000
v 7.499100 -8.945700 18.338700
v 7.519500 -8.753600 18.281600
v 7.510700 -8.581100 18.216000
v 7.493800 -8.430600 18.137000
v 8.030100 -7.537000 19.350900
v 8.043100 -7.637600 19.553600
v 7.959600 -7.820400 19.447200
v 7.945100 -7.707700 19.256800
v 8.055500 -7.741600 19.751400
v 7.971900 -7.939500 19.629900
v 7.887300 -8.125800 19.479700
v 7.875900 -7.992000 19.315000
v 7.860700 -7.867100 19.140600
v 8.066100 -7.846800 19.944700
v 7.978400 -8.061300 19.806500
v 7.888200 -8.263700 19.637100
v 7.796200 -8.447200 19.438500
v 7.802500 -8.295100 19.301100
v 7.793100 -8.148300 19.156300
v 7.778000 -8.012500 19.000200
v 8.426600 -6.630100 19.587000
v 8.434100 -6.689500 19.800500
v 8.315700 -6.988300 19.751600
v 8.306900 -6.918400 19.537300
v 8.442000 -6.744100 20.020900
v 8.325600 -7.053800 19.970300
v 8.225200 -7.313000 19.913800
v 8.214200 -7.235800 19.699000
v 8.204500 -7.156100 19.485400
v 8.451300 -6.796800 20.250900
v 8.338100 -7.117000 20.194600
v 8.238800 -7.388500 20.130400
v 8.150600 -7.627200 20.049900
v 8.137600 -7.537500 19.843400
v 8.125700 -7.447500 19.635300
v 8.114400 -7.357700 19.425200
v 4.017300 -12.522400 18.635600
v 4.430700 -12.371200 18.606100
v 4.411500 -12.205900 18.828200
v 4.013600 -12.347400 18.884600
v 4.808900 -12.220500 18.526000
v 4.800000 -12.051600 18.739000
v 4.801000 -11.875800 18.980200
v 4.408600 -12.032200 19.080100
v 4.000100 -12.189000 19.145500
v 5.173800 -12.059500 18.410600
v 5.172100 -11.890000 18.617900
v 5.176700 -11.712100 18.852500
v 5.198000 -11.547000 19.114800
v 4.818200 -11.718000 19.248500
v 4.416600 -11.879700 19.355300
v 3.990900 -12.046800 19.426300
v 4.168600 -12.613300 18.451000
v 4.471500 -12.498400 18.420400
v 4.233900 -12.698400 18.303900
v 4.510300 -12.595400 18.260100
v 4.829100 -12.463500 18.180300
v 4.820900 -12.357300 18.342300
v 4.260700 -12.770300 18.167400
v 4.523600 -12.670100 18.114600
v 4.261300 -12.817300 18.038200
v 4.517700 -12.715000 17.979100
v 4.812600 -12.583800 17.894500
v 4.826300 -12.540200 18.032500
v 5.150600 -12.386500 17.923300
v 5.164300 -12.308700 18.069900
v 5.129400 -12.430900 17.785600
v 5.171600 -12.199400 18.230200
v 1.504600 -13.230900 17.558300
v 1.723900 -13.197300 17.815000
v 1.480000 -13.222600 17.962600
v 1.240100 -13.257400 17.677000
v 1.985300 -13.132200 18.047600
v 1.772900 -13.153600 18.228600
v 1.531800 -13.154900 18.430500
v 1.193100 -13.229400 18.126100
v 0.921000 -13.267000 17.803100
v 2.282000 -13.027800 18.247700
v 2.108000 -13.039500 18.461600
v 2.641500 -12.890300 18.408300
v 2.468700 -12.897200 18.653300
v 2.302900 -12.877400 18.910200
v 1.904400 -13.032500 18.696400
v 1.709200 -12.996600 18.961500
v 1.287700 -13.132500 18.671200
v 2.144400 -12.826200 19.188200
v 0.870100 -13.221200 18.327500
v 0.540900 -13.268900 17.955900
v 2.957600 -12.753900 18.581800
v 2.838200 -12.743800 18.795500
v 3.281800 -12.643200 18.664600
v 3.218900 -12.596000 18.882100
v 3.146000 -12.525800 19.143600
v 2.719100 -12.704400 19.058200
v 3.627000 -12.569000 18.688000
v 3.613400 -12.470600 18.907200
v 3.576100 -12.353800 19.169700
v 3.538500 -12.234000 19.452600
v 3.071700 -12.432700 19.426600
v 2.602800 -12.634200 19.340800
v 3.822300 -12.640000 18.506300
v 3.957200 -12.693000 18.421000
v 3.709200 -12.689600 18.414600
v 3.813900 -12.739700 18.362000
v 3.873100 -12.804700 18.282600
v 4.025900 -12.766500 18.306300
v 3.634900 -12.706900 18.340800
v 3.714900 -12.756000 18.305600
v 3.586600 -12.698700 18.278700
v 3.647400 -12.746900 18.252700
v 3.683600 -12.808600 18.208600
v 3.762600 -12.818400 18.247700
v 3.783800 -12.877200 18.170100
v 3.900100 -12.868800 18.187200
v 3.697300 -12.861800 18.145300
v 3.695800 -12.899000 18.068500
v 3.786500 -12.920400 18.079700
v 3.904700 -12.916900 18.082200
v 4.056000 -12.834900 18.189000
v 4.060000 -12.883600 18.070500
v 2.887100 -12.804500 18.338400
v 3.074900 -12.736600 18.446400
v 3.035000 -12.751500 18.282000
v 3.177100 -12.713100 18.360300
v 3.357300 -12.679300 18.409900
v 3.326000 -12.667300 18.513500
v 3.144300 -12.723700 18.231800
v 3.250900 -12.704900 18.294600
v 3.227000 -12.705700 18.185800
v 3.305400 -12.698900 18.241200
v 3.400300 -12.691900 18.276400
v 3.381400 -12.690100 18.334600
v 3.516600 -12.687800 18.350200
v 3.545800 -12.670500 18.429300
v 3.499100 -12.686100 18.287800
v 3.593500 -12.633300 18.535300
v 3.295200 -12.682200 18.142100
v 3.349400 -12.681900 18.192400
v 3.356600 -12.656700 18.104900
v 3.393100 -12.658400 18.153500
v 3.426600 -12.659200 18.186100
v 3.415500 -12.677000 18.224300
v 3.418800 -12.633000 18.078500
v 3.446600 -12.633000 18.130000
v 3.475600 -12.640300 18.060300
v 3.498900 -12.634300 18.115700
v 3.524400 -12.644300 18.168300
v 3.471900 -12.643000 18.179400
v 3.486800 -12.666000 18.231400
v 3.551700 -12.671700 18.221900
v 3.598300 -12.717200 18.203900
v 3.563700 -12.690800 18.155700
v 3.589400 -12.745000 18.144100
v 3.625200 -12.776700 18.171900
v 3.539400 -12.691300 18.104700
v 3.520600 -12.708000 18.048000
v 3.565800 -12.794400 18.044800
v 3.579500 -12.767000 18.103900
v 3.630600 -12.824500 18.120400
v 3.623200 -12.857500 18.054300
v 0.217100 -13.668200 15.968600
v 0.225400 -13.561200 16.118000
v 0.431700 -13.608800 15.923700
v 0.448200 -13.513300 16.074100
v 0.468500 -13.425900 16.239800
v 0.235700 -13.461900 16.284700
v 0.636200 -13.523500 15.867500
v 0.660600 -13.436400 16.017000
v 0.826800 -13.413100 15.809100
v 0.859600 -13.333000 15.957400
v 0.899000 -13.268900 16.116700
v 0.690700 -13.360900 16.179700
v 0.729700 -13.299100 16.363100
v 0.493400 -13.345400 16.426100
v 0.950000 -13.225800 16.296300
v 1.015300 -13.207000 16.503500
v 0.780600 -13.260800 16.575100
v 0.526600 -13.288600 16.640600
v 0.247700 -13.370900 16.472900
v 0.264100 -13.304900 16.689100
v 0.210900 -13.782500 15.832000
v 0.205100 -13.901600 15.703400
v 0.406300 -13.827100 15.649600
v 0.418500 -13.713600 15.783200
v 0.198200 -14.022900 15.577800
v 0.188700 -14.149300 15.453300
v 0.373600 -14.081300 15.394100
v 0.392700 -13.948900 15.519500
v 0.574800 -13.851500 15.440700
v 0.594300 -13.728400 15.582900
v 0.546000 -13.991800 15.308300
v 0.718900 -13.890400 15.185300
v 0.741800 -13.733000 15.361200
v 0.766600 -13.609600 15.514600
v 0.614400 -13.619900 15.724000
v 0.795300 -13.504100 15.662700
v 1.399900 -12.786800 14.721100
v 1.370700 -12.899500 14.755900
v 1.412000 -12.932700 14.586000
v 1.452800 -12.812500 14.537000
v 1.334300 -13.029800 14.809100
v 1.365100 -13.076000 14.652500
v 1.412000 -13.116100 14.493200
v 1.470400 -12.963000 14.418500
v 1.523000 -12.837000 14.361500
v 1.274600 -13.158900 14.881500
v 1.293000 -13.223400 14.727900
v 1.197400 -13.290400 14.959300
v 1.204600 -13.373100 14.804100
v 1.226000 -13.441100 14.646200
v 1.326400 -13.276700 14.570700
v 1.373200 -13.324100 14.410700
v 1.471600 -13.153800 14.331900
v 1.260000 -13.500000 14.485500
v 1.301600 -13.553100 14.320800
v 1.427200 -13.368400 14.247000
v 1.537500 -13.191400 14.168200
v 1.538400 -12.992100 14.252000
v 1.598400 -12.859800 14.190200
v 1.612100 -13.022900 14.085700
v 1.678300 -12.884700 14.021900
v 1.273000 -13.077900 15.030800
v 1.205900 -13.187400 15.112200
v 1.322900 -12.973600 14.962200
v 1.320300 -12.931800 15.075400
v 1.291400 -12.981400 15.162500
v 1.236300 -13.070100 15.259700
v 1.353800 -12.861900 14.929500
v 1.376400 -12.760500 14.917900
v 1.372500 -12.748000 15.122000
v 1.346200 -12.844100 15.100800
v 1.332700 -12.870200 15.263300
v 1.294700 -12.944500 15.398900
v 1.378400 -12.763500 15.327400
v 1.380700 -12.806800 15.552400
v 2.498800 -13.556400 11.066400
v 2.635000 -13.447000 11.261400
v 2.548700 -13.471800 11.417500
v 2.399500 -13.586800 11.301600
v 2.762900 -13.368900 11.392400
v 2.700600 -13.382700 11.530700
v 2.645500 -13.387800 11.690500
v 2.474800 -13.484800 11.595900
v 2.317500 -13.606000 11.497200
v 2.896400 -13.312300 11.483100
v 2.859000 -13.319700 11.612600
v 3.031000 -13.270900 11.535100
v 3.017500 -13.275900 11.658000
v 3.011600 -13.267900 11.803300
v 2.827500 -13.316600 11.765100
v 2.796000 -13.303900 11.940800
v 2.591900 -13.390900 11.865400
v 3.007300 -13.244300 11.973900
v 2.992500 -13.189600 12.190600
v 2.740600 -13.289000 12.131100
v 2.530000 -13.394900 12.053000
v 2.406900 -13.498900 11.777100
v 2.244500 -13.628400 11.685600
v 2.340800 -13.515400 11.965600
v 2.177900 -13.653800 11.875600
v 3.162100 -13.238200 11.550200
v 3.169700 -13.244300 11.661300
v 3.281300 -13.210000 11.538600
v 3.306000 -13.217700 11.632600
v 3.348000 -13.215400 11.735600
v 3.188500 -13.238700 11.789000
v 3.380300 -13.182200 11.510500
v 3.417000 -13.188700 11.581900
v 3.445700 -13.159500 11.482600
v 3.496200 -13.155900 11.513600
v 3.574800 -13.144900 11.559400
v 3.479700 -13.184600 11.656500
v 3.565700 -13.170200 11.740000
v 3.404100 -13.201700 11.848800
v 3.681800 -13.124300 11.614300
v 3.840800 -13.077000 11.683300
v 3.654700 -13.140300 11.838900
v 3.467700 -13.169500 11.965800
v 3.214000 -13.218300 11.935000
v 3.254500 -13.176600 12.076900
v 2.892700 -13.079300 8.711200
v 2.867000 -13.027400 8.963100
v 2.740000 -13.217600 9.015300
v 2.758200 -13.273900 8.756500
v 2.855300 -12.989300 9.223700
v 2.735800 -13.178800 9.280800
v 2.631100 -13.355900 9.326800
v 2.626800 -13.400700 9.062900
v 2.635700 -13.465200 8.801000
v 2.855800 -12.964400 9.498900
v 2.741300 -13.155300 9.557800
v 2.865200 -12.950700 9.828200
v 2.752800 -13.156500 9.839300
v 2.659700 -13.316500 9.866900
v 2.642200 -13.326500 9.594800
v 2.544600 -13.489100 9.631900
v 2.527300 -13.525700 9.370100
v 2.565300 -13.469900 9.898100
v 2.458200 -13.622900 9.929500
v 2.435800 -13.650300 9.670000
v 2.412600 -13.694100 9.414300
v 2.513700 -13.577900 9.108900
v 2.510000 -13.649300 8.845700
v 2.390900 -13.753300 9.157400
v 2.375400 -13.829700 8.894700
v 3.808200 -12.764100 11.102000
v 3.838500 -12.666800 11.035800
v 3.952300 -12.628000 11.048300
v 3.968900 -12.693500 11.111000
v 3.852900 -12.596500 10.989200
v 3.949400 -12.568300 11.003900
v 4.029500 -12.539600 11.013500
v 4.072300 -12.565100 11.047000
v 4.121500 -12.611200 11.105400
v 3.863900 -12.532000 10.947100
v 3.960000 -12.507500 10.963700
v 3.859800 -12.468800 10.903800
v 3.960600 -12.443000 10.918400
v 4.083600 -12.413000 10.940600
v 4.066400 -12.485600 10.987900
v 4.174300 -12.484500 11.021900
v 4.270000 -12.509600 11.079300
v 4.228400 -12.390900 10.969000
v 4.426400 -12.370600 11.017100
v 3.874000 -13.009200 11.491600
v 4.044400 -12.915500 11.476800
v 4.062100 -12.948900 11.630700
v 3.873200 -12.934300 11.340900
v 4.029200 -12.849800 11.330000
v 4.203800 -12.746100 11.313100
v 4.230300 -12.795400 11.447700
v 4.254000 -12.816100 11.586900
v 3.850800 -12.852400 11.213600
v 3.999300 -12.771600 11.206600
v 4.166400 -12.678100 11.196500
v 4.339300 -12.566600 11.173600
v 4.386500 -12.626600 11.291300
v 4.525600 -12.447200 11.143700
v 4.579300 -12.501400 11.265600
v 4.415400 -12.660800 11.418700
v 4.435300 -12.668500 11.545200
v 4.607000 -12.525600 11.389200
v 4.621200 -12.524700 11.507200
v 3.457800 -13.138600 11.424300
v 3.537000 -13.117900 11.432000
v 3.466400 -13.108200 11.349900
v 3.551300 -13.077200 11.344800
v 3.641300 -13.041600 11.344100
v 3.624600 -13.095500 11.452200
v 3.467600 -13.075000 11.275500
v 3.550700 -13.036300 11.259800
v 3.458500 -13.034900 11.216400
v 3.536400 -12.991300 11.193600
v 3.616000 -12.936000 11.169100
v 3.637100 -12.988400 11.244500
v 3.733600 -12.925900 11.227700
v 3.746300 -12.996100 11.344200
v 3.701800 -12.863400 11.142000
v 3.735500 -13.064200 11.477700
v 3.148900 -13.160200 11.221900
v 3.220100 -13.134500 11.247900
v 3.206400 -13.170900 11.302600
v 3.124000 -13.198900 11.276600
v 3.297200 -13.105000 11.251400
v 3.292900 -13.141300 11.305900
v 3.283900 -13.170700 11.374100
v 3.187400 -13.200700 11.371500
v 3.091300 -13.231400 11.346200
v 3.377700 -13.072300 11.238200
v 3.380800 -13.109600 11.293900
v 3.377100 -13.139600 11.363300
v 3.371900 -13.164900 11.436600
v 3.277000 -13.194000 11.452000
v 3.170300 -13.223400 11.453800
v 3.057900 -13.255700 11.431800
v 2.665800 -13.446700 10.962400
v 2.740200 -13.397200 11.147000
v 2.786200 -13.355400 10.889600
v 2.843900 -13.331900 11.064300
v 2.915600 -13.298600 11.196000
v 2.838600 -13.339900 11.282200
v 2.875800 -13.263300 10.837000
v 2.925700 -13.260300 11.003500
v 2.943700 -13.167600 10.801200
v 2.984800 -13.191500 10.967700
v 3.031800 -13.193300 11.083600
v 2.981900 -13.247700 11.130000
v 3.048600 -13.225900 11.220000
v 2.999400 -13.264500 11.288800
v 3.086300 -13.181300 11.167800
v 2.946000 -13.293600 11.375800
v 2.832400 -13.081400 10.126300
v 2.766700 -13.192000 10.118000
v 2.845600 -13.139300 10.368500
v 2.789600 -13.234500 10.383900
v 2.711700 -13.350000 10.413800
v 2.683200 -13.329900 10.143400
v 2.883000 -13.166400 10.590800
v 2.828200 -13.256500 10.627000
v 2.744000 -13.359900 10.667600
v 2.630200 -13.469600 10.720700
v 2.611900 -13.474400 10.448400
v 2.493500 -13.590500 10.755400
v 2.490700 -13.606600 10.473700
v 2.589000 -13.469800 10.172200
v 2.477800 -13.612900 10.197900
v 2.957900 -12.914000 10.473400
v 2.947600 -12.974100 10.537700
v 2.926100 -12.985000 10.427500
v 2.938200 -12.924500 10.360000
v 2.943900 -13.031100 10.613500
v 2.918500 -13.039400 10.498900
v 2.898700 -13.038600 10.395400
v 2.900800 -12.998000 10.307800
v 2.915700 -12.931700 10.223200
v 2.944600 -13.092000 10.691000
v 2.908600 -13.097000 10.550700
v 2.879800 -13.075700 10.377200
v 2.873400 -13.023400 10.198500
v 2.892500 -12.939300 10.068000
v 3.080900 -12.580300 10.397800
v 3.038500 -12.676600 10.396000
v 3.037200 -12.659100 10.301300
v 3.088500 -12.551100 10.311600
v 3.004400 -12.765000 10.405800
v 2.995500 -12.759500 10.302300
v 2.991700 -12.739200 10.185600
v 3.040800 -12.629800 10.199000
v 3.098600 -12.515600 10.219900
v 2.977200 -12.844300 10.430500
v 2.961900 -12.848700 10.320000
v 2.948000 -12.842600 10.188100
v 2.940300 -12.822700 10.039000
v 2.999600 -12.697200 10.065500
v 2.967900 -12.749300 9.890200
v 3.034400 -12.614700 9.954900
v 3.053200 -12.586400 10.101300
v 3.110400 -12.478500 10.133900
v 3.086600 -12.512900 10.019800
v 3.124100 -12.448400 10.070600
v 3.781500 -12.478200 10.897800
v 3.756400 -12.415500 10.858600
v 3.828900 -12.402300 10.853600
v 3.711400 -12.466800 10.901000
v 3.692900 -12.405700 10.868500
v 3.674900 -12.359300 10.844000
v 3.711600 -12.352400 10.824300
v 3.775400 -12.333400 10.804100
v 3.635000 -12.430200 10.914100
v 3.621400 -12.367300 10.878400
v 3.532600 -12.375300 10.933200
v 3.539100 -12.315000 10.876000
v 3.544800 -12.266600 10.828000
v 3.620300 -12.318100 10.840600
v 3.647100 -12.288400 10.801100
v 3.703200 -12.262900 10.762800
v 3.570900 -12.232400 10.775800
v 3.622200 -12.201900 10.721400
v 3.716700 -12.746500 11.063100
v 3.755000 -12.675100 11.019800
v 3.652700 -12.722800 11.051000
v 3.688700 -12.661500 11.010500
v 3.710000 -12.597600 10.970700
v 3.776200 -12.606000 10.975700
v 3.593200 -12.690600 11.056400
v 3.626400 -12.634600 11.018500
v 3.525600 -12.642300 11.082700
v 3.556900 -12.590900 11.047300
v 3.573300 -12.532300 11.011400
v 3.645100 -12.572200 10.981500
v 3.645400 -12.501300 10.947600
v 3.717300 -12.531700 10.934700
v 3.565200 -12.462100 10.977400
v 3.786600 -12.541000 10.935900
v 3.436100 -12.983800 11.187500
v 3.509300 -12.938300 11.163000
v 3.403900 -12.925300 11.180000
v 3.473200 -12.881900 11.155800
v 3.540300 -12.834700 11.124600
v 3.582100 -12.884400 11.133800
v 3.364800 -12.863200 11.184900
v 3.432000 -12.826800 11.159500
v 3.316600 -12.790900 11.200700
v 3.382000 -12.763200 11.176000
v 3.442200 -12.732900 11.146000
v 3.495300 -12.787900 11.127500
v 3.549200 -12.742100 11.092900
v 3.601700 -12.781100 11.089400
v 3.488700 -12.691100 11.115300
v 3.655200 -12.818400 11.100800
v 3.159400 -13.117000 11.181200
v 3.221500 -13.092200 11.207800
v 3.151600 -13.061900 11.159800
v 3.207600 -13.037900 11.187200
v 3.269700 -13.006500 11.197500
v 3.289800 -13.061200 11.214600
v 3.122200 -12.987700 11.162900
v 3.175500 -12.965200 11.191200
v 3.091200 -12.904200 11.169700
v 3.139500 -12.882500 11.202000
v 3.196100 -12.858000 11.217000
v 3.236200 -12.937300 11.202300
v 3.299400 -12.901600 11.199600
v 3.335600 -12.967900 11.194500
v 3.254900 -12.825000 11.215500
v 3.362200 -13.024900 11.206300
v 2.991000 -13.110400 10.859100
v 3.020800 -13.134400 10.960200
v 3.009400 -13.058900 10.888800
v 3.034300 -13.079000 10.969300
v 3.065600 -13.085000 11.046200
v 3.059600 -13.141100 11.056300
v 3.008300 -12.999100 10.913200
v 3.026400 -13.015100 10.983200
v 3.006500 -12.931700 10.932600
v 3.017600 -12.945100 10.995900
v 3.033700 -12.946200 11.059100
v 3.050000 -13.018300 11.051400
v 3.081100 -13.007300 11.113800
v 3.104500 -13.078400 11.111200
v 3.057100 -12.929000 11.119500
v 3.105600 -13.134300 11.130400
v 2.972500 -12.896500 10.558700
v 2.963900 -12.954600 10.618700
v 2.984000 -12.871300 10.623800
v 2.976200 -12.926100 10.678800
v 2.977300 -12.977100 10.743100
v 2.963600 -13.009800 10.690800
v 2.994100 -12.838000 10.676800
v 2.985900 -12.888300 10.725900
v 3.007900 -12.797100 10.724900
v 2.998800 -12.842500 10.767000
v 2.994700 -12.883200 10.815300
v 2.984800 -12.934100 10.782700
v 2.993300 -12.971600 10.845700
v 2.989400 -13.023100 10.813200
v 2.998100 -12.912000 10.871400
v 2.972300 -13.065300 10.770100
v 3.076300 -12.598700 10.467200
v 3.040600 -12.684300 10.471200
v 3.074600 -12.607400 10.526100
v 3.043800 -12.683100 10.533300
v 3.018700 -12.751700 10.551400
v 3.011900 -12.762300 10.486600
v 3.075600 -12.607500 10.580400
v 3.048200 -12.673800 10.588700
v 3.079700 -12.600200 10.636600
v 3.055400 -12.657800 10.643500
v 3.035000 -12.709600 10.658900
v 3.025500 -12.733700 10.606700
v 3.007400 -12.787500 10.636500
v 2.998400 -12.813800 10.581400
v 3.019600 -12.754400 10.687400
v 2.988900 -12.832700 10.515200
v 3.328900 -12.215200 10.498700
v 3.288300 -12.255800 10.560100
v 3.228500 -12.327300 10.517400
v 3.260000 -12.287400 10.456900
v 3.255700 -12.289700 10.614200
v 3.203500 -12.359700 10.569700
v 3.155600 -12.439600 10.542000
v 3.171700 -12.412600 10.489100
v 3.193500 -12.377100 10.427300
v 3.230100 -12.320000 10.664900
v 3.184300 -12.386500 10.618500
v 3.209400 -12.348900 10.716100
v 3.169700 -12.409500 10.668900
v 3.136600 -12.473400 10.641200
v 3.144100 -12.459400 10.590900
v 3.107700 -12.534500 10.579700
v 3.112200 -12.524200 10.528200
v 3.106700 -12.537900 10.633100
v 3.120500 -12.505600 10.472800
v 3.133100 -12.477600 10.407900
v 3.418200 -12.300600 10.898300
v 3.443100 -12.264100 10.849400
v 3.326600 -12.270300 10.849700
v 3.351800 -12.239000 10.800800
v 3.377800 -12.208900 10.745100
v 3.459700 -12.224800 10.795500
v 3.259300 -12.294400 10.782700
v 3.283400 -12.264200 10.732500
v 3.311800 -12.235000 10.678700
v 3.348600 -12.204100 10.619700
v 3.414500 -12.180500 10.682700
v 3.396100 -12.167200 10.554300
v 3.465800 -12.147900 10.614800
v 3.491000 -12.193200 10.735500
v 3.542100 -12.161500 10.671300
v 3.078800 -12.821400 11.159200
v 3.113900 -12.798000 11.201900
v 3.083800 -12.738500 11.130400
v 3.107100 -12.715500 11.189300
v 3.137300 -12.715600 11.221500
v 3.156400 -12.772800 11.230100
v 3.105100 -12.655000 11.082500
v 3.127500 -12.638200 11.162700
v 3.145200 -12.543600 10.998000
v 3.173300 -12.578600 11.148400
v 3.203000 -12.622800 11.222200
v 3.156500 -12.665100 11.229300
v 3.203100 -12.736700 11.236200
v 3.256700 -12.702200 11.226400
v 3.191400 -12.378600 10.771800
v 3.158300 -12.430300 10.725700
v 3.176800 -12.414700 10.833400
v 3.147300 -12.457900 10.783200
v 3.131500 -12.488100 10.746300
v 3.132200 -12.482900 10.698000
v 3.166400 -12.462700 10.902200
v 3.133500 -12.501000 10.835500
v 3.115000 -12.554300 10.861700
v 3.098800 -12.570700 10.774900
v 3.116700 -12.524200 10.761900
v 3.108700 -12.535400 10.694100
v 3.087200 -12.587000 10.700600
v 3.437400 -12.570600 11.133700
v 3.468800 -12.526800 11.100600
v 3.342300 -12.512100 11.161000
v 3.378500 -12.470500 11.131500
v 3.414300 -12.451600 11.094800
v 3.486200 -12.480700 11.063900
v 3.253900 -12.503400 11.116300
v 3.302300 -12.450200 11.093000
v 3.247800 -12.438100 11.020400
v 3.332900 -12.384900 11.021800
v 3.378000 -12.415800 11.073100
v 3.470800 -12.426700 11.026900
v 3.427700 -12.372000 10.987400
v 3.222600 -12.406100 10.949000
v 3.220500 -12.365700 10.884000
v 3.266100 -12.336100 10.916000
v 3.291400 -12.352700 10.966000
v 3.235500 -12.328400 10.830900
v 3.292000 -12.302500 10.891700
v 3.362100 -12.323800 10.943100
v 3.319600 -12.681300 11.207100
v 3.266200 -12.602700 11.217700
v 3.322100 -12.603500 11.203200
v 3.376200 -12.658500 11.183300
v 3.243100 -12.548800 11.172600
v 3.325900 -12.558700 11.191200
v 3.411000 -12.618100 11.160100
v 3.023100 -12.857500 10.947200
v 3.028700 -12.871000 11.001600
v 3.051600 -12.774200 10.960700
v 3.051600 -12.793800 11.011000
v 3.050100 -12.816400 11.050100
v 3.037700 -12.873400 11.056100
v 3.085300 -12.679200 10.976400
v 3.078400 -12.714300 11.035000
v 3.063700 -12.778900 11.082100
v 3.053900 -12.851600 11.109600
v 3.029900 -12.749300 10.775300
v 3.021000 -12.790200 10.808600
v 3.058000 -12.694500 10.831100
v 3.047100 -12.738500 10.856000
v 3.035400 -12.780100 10.870200
v 3.015600 -12.826300 10.846400
v 3.089900 -12.633000 10.895500
v 3.071700 -12.694300 10.914400
v 3.044500 -12.773000 10.909700
v 3.017500 -12.845700 10.894000
v 3.066800 -12.636500 10.704100
v 3.079300 -12.618600 10.769900
v 3.063500 -12.656300 10.758200
v 3.049800 -12.680500 10.714200
v 3.089700 -12.612600 10.840500
v 3.062500 -12.668700 10.793200
v 3.038500 -12.715400 10.740900
v 8.457000 -8.588700 11.543900
v 8.599800 -8.236500 11.707700
v 8.491500 -8.388700 11.965600
v 8.378800 -8.665800 11.867800
v 8.679600 -7.958500 11.855400
v 8.569100 -8.123100 12.091600
v 8.477100 -8.246300 12.336400
v 8.412000 -8.482900 12.234000
v 8.320500 -8.724400 12.149200
v 8.722700 -7.728800 11.990500
v 8.615600 -7.893300 12.212700
v 8.711100 -7.547800 12.091900
v 8.607600 -7.707300 12.304600
v 8.507100 -7.849300 12.519200
v 8.518600 -8.029800 12.440700
v 8.425200 -8.146700 12.670100
v 8.395100 -8.345400 12.583300
v 8.403400 -7.979000 12.732200
v 8.344000 -8.556900 12.498000
v 8.270400 -8.770400 12.423000
v 7.697200 -9.670900 11.586200
v 7.874700 -9.421600 11.602300
v 7.904500 -9.399000 11.819300
v 7.764100 -9.577900 11.833900
v 8.042800 -9.186300 11.606400
v 8.060300 -9.176600 11.824700
v 8.065200 -9.169600 12.070700
v 7.929800 -9.357800 12.059200
v 7.802100 -9.508600 12.066800
v 8.229200 -8.932200 11.588200
v 8.226700 -8.930400 11.830800
v 8.200100 -8.955900 12.097700
v 8.172900 -8.975200 12.367300
v 8.060300 -9.163000 12.329900
v 7.941200 -9.325200 12.309900
v 7.824800 -9.453800 12.306500
v 9.465700 -1.641100 13.687400
v 9.302800 -2.124700 13.265300
v 9.359700 -1.842600 12.990700
v 9.480500 -1.363900 13.228000
v 9.165000 -2.493700 12.958300
v 9.229000 -2.252900 12.735000
v 9.261200 -2.097100 12.448400
v 9.370900 -1.681100 12.640400
v 9.470500 -1.213500 12.820500
v 9.038200 -2.797800 12.702500
v 9.100500 -2.592900 12.511500
v 8.921900 -3.035800 12.486200
v 8.978600 -2.859700 12.318900
v 9.024600 -2.737900 12.101800
v 9.143300 -2.453100 12.264600
v 9.188900 -2.376100 11.988100
v 9.282900 -1.998200 12.143700
v 9.086100 -2.684200 11.854200
v 9.192600 -2.722500 11.581100
v 9.263800 -2.327500 11.725600
v 9.323600 -1.931000 11.856400
v 9.367600 -1.575700 12.297100
v 9.449100 -1.112600 12.443900
v 9.379400 -1.502300 11.984100
v 9.441700 -1.039200 12.110100
v 7.930300 -7.261400 18.495200
v 7.970700 -7.296300 18.714200
v 7.887100 -7.454500 18.642300
v 7.848000 -7.422100 18.431000
v 7.999700 -7.359500 18.930200
v 7.915000 -7.518200 18.851700
v 7.833500 -7.664100 18.760700
v 7.809700 -7.597700 18.566500
v 7.775400 -7.566200 18.371500
v 8.017500 -7.442000 19.142700
v 7.932300 -7.604800 19.057400
v 7.848500 -7.755900 18.953900
v 7.767100 -7.893600 18.829100
v 7.756100 -7.796200 18.654800
v 7.689200 -8.016700 18.679900
v 7.683200 -7.913400 18.526200
v 7.740700 -7.724800 18.488900
v 7.715100 -7.692100 18.324000
v 7.677800 -7.833200 18.389700
v 7.675600 -7.782800 18.293800
v 7.482100 -8.054400 17.520500
v 7.534000 -7.968800 17.777600
v 7.510100 -8.083800 17.846300
v 7.459200 -8.170600 17.579300
v 7.585100 -7.890000 17.991800
v 7.563100 -7.999900 18.067200
v 7.552600 -8.105600 18.173000
v 7.496300 -8.192500 17.938500
v 7.448300 -8.278800 17.656800
v 7.635400 -7.825000 18.169800
v 7.618800 -7.920600 18.248800
v 7.615100 -8.014500 18.367200
v 7.615900 -8.123400 18.502900
v 7.549000 -8.218100 18.291800
v 7.489900 -8.304600 18.039900
v 7.448300 -8.388700 17.740300
v 7.288400 -8.355200 16.162600
v 7.328300 -8.294500 16.518400
v 7.378800 -8.411200 16.533500
v 7.397100 -8.463900 16.164600
v 7.376800 -8.221100 16.874400
v 7.377700 -8.341200 16.905000
v 7.408800 -8.449700 16.949700
v 7.467700 -8.513700 16.562800
v 7.549700 -8.556200 16.182000
v 7.428900 -8.139800 17.213900
v 7.409800 -8.258700 17.259600
v 7.410700 -8.367900 17.320800
v 7.433800 -8.476000 17.385900
v 7.465000 -8.555100 16.997900
v 7.560400 -8.614500 16.597400
v 7.672300 -8.651900 16.206400
v 7.175400 -8.438400 14.871100
v 7.198100 -8.442300 15.180300
v 7.379100 -8.525900 15.170000
v 7.345200 -8.522700 14.862800
v 7.236000 -8.426300 15.497300
v 7.417300 -8.512100 15.488000
v 7.646600 -8.578700 15.497400
v 7.618000 -8.586300 15.180800
v 7.582100 -8.580200 14.878100
v 7.261800 -8.398200 15.823500
v 7.416600 -8.494500 15.817800
v 7.616600 -8.573200 15.829000
v 7.752800 -8.664700 15.847200
v 7.791200 -8.664900 15.513100
v 7.776500 -8.664400 15.197500
v 7.752100 -8.651100 14.897900
v 7.319400 -8.215400 13.723000
v 7.274500 -8.291700 13.990500
v 7.435300 -8.369900 14.002200
v 7.480200 -8.292900 13.741000
v 7.235200 -8.355400 14.273900
v 7.396900 -8.435300 14.278300
v 7.622000 -8.488900 14.309500
v 7.657600 -8.422000 14.042400
v 7.701500 -8.343800 13.788800
v 7.195000 -8.406800 14.568200
v 7.359000 -8.489300 14.565400
v 7.590100 -8.544700 14.587900
v 7.761300 -8.612900 14.612200
v 7.790900 -8.556500 14.339300
v 7.827800 -8.488600 14.077900
v 7.874000 -8.409900 13.828800
v 7.612900 -7.802900 12.811200
v 7.525100 -7.917000 13.027300
v 7.691700 -7.993000 13.054800
v 7.788000 -7.873800 12.845400
v 7.444700 -8.026100 13.246700
v 7.607700 -8.103400 13.271200
v 7.828200 -8.153500 13.326700
v 7.911900 -8.042200 13.112500
v 8.010500 -7.919700 12.907400
v 7.376100 -8.126200 13.476800
v 7.537400 -8.203700 13.498600
v 7.758200 -8.254200 13.551200
v 7.931500 -8.321300 13.592300
v 8.002100 -8.222300 13.367000
v 8.087800 -8.112300 13.151700
v 8.187200 -7.991700 12.944400
v 7.939900 -7.356900 11.890300
v 7.856900 -7.472600 12.119400
v 8.094500 -7.492700 12.209800
v 8.194400 -7.355700 11.995700
v 7.787900 -7.576500 12.361300
v 8.001000 -7.619000 12.428800
v 8.242900 -7.644300 12.514600
v 8.352200 -7.499300 12.315200
v 8.458300 -7.346800 12.112800
v 7.703600 -7.688100 12.590500
v 7.895000 -7.747600 12.638700
v 8.124900 -7.785800 12.710100
v 8.298800 -7.860800 12.743400
v 8.413400 -7.720900 12.544300
v 8.521500 -7.573400 12.342800
v 8.626700 -7.415600 12.138800
v 7.693600 -6.746800 12.175300
v 7.690700 -6.815200 12.403200
v 7.692600 -7.006500 12.302100
v 7.700200 -6.937800 12.066900
v 7.683100 -6.894600 12.645800
v 7.680900 -7.087000 12.549200
v 7.688200 -7.272800 12.463400
v 7.711200 -7.188700 12.213900
v 7.733200 -7.113500 11.974300
v 7.667500 -6.984000 12.892400
v 7.659300 -7.177500 12.796800
v 7.646800 -7.082700 13.134900
v 7.631000 -7.277300 13.038100
v 7.609400 -7.468600 12.946000
v 7.652800 -7.366500 12.708800
v 7.645200 -7.548900 12.627000
v 7.703800 -7.448500 12.386800
v 7.578300 -7.655800 12.857500
v 7.747500 -7.357600 12.136900
v 7.799700 -7.264700 11.899300
v 7.623700 -7.190300 13.364900
v 7.599100 -7.386000 13.266100
v 7.599800 -7.300100 13.590500
v 7.564600 -7.496900 13.489500
v 7.513100 -7.687700 13.392500
v 7.562500 -7.577600 13.171000
v 7.576700 -7.405500 13.819700
v 7.528300 -7.603500 13.717000
v 7.555900 -7.499800 14.060300
v 7.495400 -7.698900 13.957600
v 7.417300 -7.887100 13.860700
v 7.462400 -7.792800 13.619300
v 7.381400 -7.978200 13.528200
v 7.443200 -7.875800 13.299300
v 7.328500 -8.069700 13.772700
v 7.509900 -7.766600 13.078700
v 7.538600 -7.576200 14.320500
v 7.471000 -7.776500 14.220400
v 7.524800 -7.635200 14.594900
v 7.453000 -7.836700 14.499300
v 7.361700 -8.026100 14.407600
v 7.385300 -7.964700 14.125600
v 7.514400 -7.677200 14.878400
v 7.439000 -7.880200 14.788100
v 7.506500 -7.702200 15.166000
v 7.428200 -7.906900 15.081500
v 7.327800 -8.100200 14.998000
v 7.341800 -8.071700 14.700000
v 7.224800 -8.257400 14.619900
v 7.256300 -8.209000 14.324700
v 7.206600 -8.287400 14.922000
v 7.288800 -8.146500 14.040300
v 7.500000 -7.710400 15.452700
v 7.419200 -7.916800 15.374000
v 7.498900 -7.702800 15.741000
v 7.416700 -7.910300 15.668700
v 7.325700 -8.102400 15.598500
v 7.322100 -8.110000 15.296500
v 7.506900 -7.680300 16.033500
v 7.425300 -7.887900 15.968500
v 7.525500 -7.644000 16.332500
v 7.446800 -7.850700 16.275800
v 7.368100 -8.038900 16.224300
v 7.340000 -8.078400 15.906900
v 7.260900 -8.254000 15.855900
v 7.235500 -8.282100 15.537800
v 7.297000 -8.210300 16.184600
v 7.213800 -8.294400 15.227200
v 7.556400 -7.594900 16.640400
v 7.483100 -7.799600 16.593200
v 7.596900 -7.536700 16.949000
v 7.527800 -7.737900 16.910900
v 7.466000 -7.919200 16.882000
v 7.413500 -7.984700 16.553300
v 7.644200 -7.473100 17.250500
v 7.574700 -7.669100 17.219000
v 7.697800 -7.408100 17.536500
v 7.625600 -7.597400 17.507200
v 7.565900 -7.768200 17.490500
v 7.515700 -7.845700 17.198700
v 7.465600 -8.002300 17.195300
v 7.410900 -8.080300 16.868300
v 7.517800 -7.920400 17.492900
v 7.350900 -8.151000 16.526700
v 7.570600 -7.838100 17.746400
v 7.619800 -7.690900 17.744900
v 7.675000 -7.624300 17.970500
v 7.622700 -7.765000 17.963600
v 7.682000 -7.526900 17.765100
v 7.757200 -7.345500 17.798900
v 7.818500 -7.294300 18.042800
v 7.740500 -7.467600 18.000000
v 7.797500 -7.429600 18.219400
v 7.728700 -7.578900 18.176100
v 7.877800 -7.263500 18.273100
v 7.673400 -7.710900 18.152600
v 8.362700 -6.394500 18.725500
v 8.389800 -6.437000 18.951900
v 8.263900 -6.703600 18.897300
v 8.232200 -6.659300 18.672100
v 8.407600 -6.495900 19.167600
v 8.285100 -6.767500 19.113900
v 8.179800 -6.994900 19.058400
v 8.155200 -6.929800 18.840400
v 8.119100 -6.887200 18.615900
v 8.418800 -6.562900 19.377700
v 8.298100 -6.842000 19.326000
v 8.194700 -7.073100 19.272600
v 8.103000 -7.268900 19.213000
v 8.086300 -7.188600 18.998100
v 8.058800 -7.124400 18.779800
v 8.019600 -7.085500 18.556800
v 8.144000 -6.443000 17.678200
v 8.213400 -6.403400 17.957800
v 8.071000 -6.679700 17.921000
v 8.003900 -6.720700 17.646600
v 8.273400 -6.380200 18.226700
v 8.133000 -6.652300 18.183700
v 8.012000 -6.891800 18.137100
v 7.949100 -6.925900 17.880100
v 7.884400 -6.972300 17.610000
v 8.323600 -6.376400 18.483200
v 8.187600 -6.643900 18.434100
v 8.070000 -6.876700 18.381900
v 7.967700 -7.081300 18.327700
v 7.908000 -7.104100 18.089300
v 7.845300 -7.146500 17.838400
v 7.783300 -7.200600 17.572000
v 9.052000 -4.730200 18.906800
v 9.055500 -4.737600 19.156200
v 8.876300 -5.286000 19.108400
v 8.864800 -5.270300 18.866900
v 9.055100 -4.746200 19.391100
v 8.882600 -5.305600 19.334800
v 8.713500 -5.776500 19.278400
v 8.701700 -5.742600 19.057900
v 8.683200 -5.716500 18.823100
v 9.051100 -4.756500 19.617100
v 8.884700 -5.328000 19.552000
v 9.043400 -4.769300 19.840200
v 8.883100 -5.351600 19.765800
v 8.723500 -5.852700 19.699700
v 8.720300 -5.814500 19.490400
v 8.562300 -6.223300 19.432400
v 8.552800 -6.169400 19.222500
v 8.568400 -6.276900 19.640600
v 8.537700 -6.121500 19.005600
v 8.514500 -6.085700 18.775900
v 7.715900 -6.289600 13.547900
v 7.690700 -6.487700 13.447300
v 7.716300 -6.394900 13.216900
v 7.743900 -6.199600 13.323400
v 7.673700 -6.686900 13.342700
v 7.696300 -6.591700 13.106700
v 7.716300 -6.501700 12.871100
v 7.741000 -6.304300 12.988800
v 7.772600 -6.108900 13.102400
v 7.660000 -6.885600 13.237500
v 7.679900 -6.788400 12.997200
v 7.695900 -6.699000 12.754900
v 7.704300 -6.618800 12.518600
v 7.728700 -6.419500 12.642400
v 7.706400 -6.549500 12.297500
v 7.733300 -6.348100 12.428000
v 7.759200 -6.219500 12.768400
v 7.796300 -6.021900 12.889500
v 7.768900 -6.144800 12.561500
v 7.811300 -5.944000 12.689300
v 7.667100 -6.597800 14.455900
v 7.638400 -6.827500 14.368300
v 7.644100 -6.751100 14.132300
v 7.671000 -6.528500 14.223200
v 7.615600 -7.058500 14.269800
v 7.624300 -6.974800 14.031400
v 7.636600 -6.882200 13.800500
v 7.654100 -6.667500 13.902100
v 7.679600 -6.453900 13.995700
v 7.592000 -7.284500 14.165800
v 7.605300 -7.194500 13.925900
v 7.621200 -7.094200 13.695400
v 7.639900 -6.989400 13.468100
v 7.653400 -6.785000 13.572400
v 7.669800 -6.579200 13.674700
v 7.694500 -6.374300 13.771300
v 7.687000 -6.777600 15.449200
v 7.643600 -7.011900 15.386400
v 7.637400 -6.989700 15.123400
v 7.675000 -6.755600 15.193600
v 7.604100 -7.248500 15.318200
v 7.603300 -7.225800 15.046800
v 7.605200 -7.185600 14.779900
v 7.635200 -6.949800 14.865200
v 7.668800 -6.715700 14.942200
v 7.561800 -7.480700 15.244800
v 7.565700 -7.457000 14.964800
v 7.572000 -7.416100 14.689100
v 7.580800 -7.358500 14.421500
v 7.609300 -7.129300 14.520100
v 7.635500 -6.894800 14.613000
v 7.666300 -6.661700 14.695900
v 7.836000 -6.678000 16.517500
v 7.747000 -6.927800 16.483200
v 7.705000 -6.968700 16.200100
v 7.779700 -6.725300 16.240100
v 7.667900 -7.176100 16.439100
v 7.637800 -7.213700 16.151100
v 7.618500 -7.239900 15.869100
v 7.674700 -6.998300 15.923600
v 7.736800 -6.759400 15.970800
v 7.596600 -7.417000 16.387900
v 7.574700 -7.453200 16.095000
v 7.563000 -7.477000 15.808000
v 7.559800 -7.486800 15.525200
v 7.608200 -7.252400 15.591900
v 7.655200 -7.013700 15.652800
v 7.706700 -6.777800 15.707700
v 7.906200 -6.620000 16.804700
v 7.801700 -6.878100 16.774300
v 7.984700 -6.557400 17.097000
v 7.865200 -6.824200 17.068500
v 7.762300 -7.077600 17.031700
v 7.710300 -7.129500 16.734500
v 8.065800 -6.496300 17.389700
v 7.934000 -6.770300 17.360800
v 7.821300 -7.024100 17.325300
v 7.725500 -7.258200 17.287200
v 7.673900 -7.315900 16.990600
v 7.630300 -7.370000 16.688700
v 7.739000 -9.485600 12.552600
v 7.720400 -9.540900 12.318800
v 7.648100 -9.524900 12.560700
v 7.624300 -9.587500 12.338700
v 7.588600 -9.664600 12.135500
v 7.689800 -9.610200 12.096900
v 7.561000 -9.530100 12.570000
v 7.533200 -9.594700 12.358500
v 7.477500 -9.493000 12.570700
v 7.446600 -9.557500 12.367100
v 7.403900 -9.637600 12.187300
v 7.493600 -9.673900 12.169000
v 7.440000 -9.763900 12.003300
v 7.537700 -9.753500 11.953700
v 7.348400 -9.728100 12.030700
v 7.278200 -9.826700 11.897100
v 7.369400 -9.863200 11.863000
v 7.466400 -9.855500 11.800300
v 7.643800 -9.693800 11.888000
v 7.571200 -9.799100 11.711500
v 7.742500 -9.412500 13.595200
v 7.751500 -9.410900 13.319500
v 7.661000 -9.447100 13.590200
v 7.669900 -9.445500 13.315700
v 7.670200 -9.452300 13.051000
v 7.753100 -9.418200 13.053100
v 7.577500 -9.444500 13.588800
v 7.586700 -9.447800 13.314600
v 7.496300 -9.407200 13.585200
v 7.505600 -9.414100 13.309500
v 7.506900 -9.424100 13.046300
v 7.587400 -9.457100 13.051400
v 7.578900 -9.484400 12.802100
v 7.663200 -9.479300 12.798800
v 7.497600 -9.449400 12.798600
v 7.749400 -9.443900 12.797500
v 7.594500 -9.430200 14.718000
v 7.643600 -9.404500 14.450500
v 7.524200 -9.446700 14.704200
v 7.569600 -9.424600 14.439900
v 7.612300 -9.438300 14.156700
v 7.691700 -9.412000 14.165800
v 7.458100 -9.442800 14.697300
v 7.498700 -9.414100 14.437100
v 7.395300 -9.414600 14.696200
v 7.432900 -9.375600 14.438900
v 7.461200 -9.377400 14.157100
v 7.533900 -9.424000 14.155400
v 7.560000 -9.435400 13.870900
v 7.642200 -9.445200 13.872000
v 7.481900 -9.391500 13.870100
v 7.723600 -9.413800 13.879000
v 7.471900 -9.982900 15.528700
v 7.502000 -9.823400 15.353500
v 7.380800 -10.002200 15.475400
v 7.415800 -9.844900 15.312000
v 7.451000 -9.690700 15.131600
v 7.531100 -9.668800 15.162900
v 7.291500 -9.993100 15.433500
v 7.331300 -9.842000 15.279800
v 7.203000 -9.952700 15.402300
v 7.247100 -9.810400 15.256000
v 7.294900 -9.666700 15.091700
v 7.372900 -9.691800 15.108100
v 7.415700 -9.547000 14.917500
v 7.485900 -9.546700 14.931900
v 7.346800 -9.523200 14.909400
v 7.559500 -9.528000 14.953300
v 7.270400 -10.679100 16.143900
v 7.350800 -10.482600 15.992700
v 7.176600 -10.690600 16.032000
v 7.255800 -10.495700 15.893500
v 7.307500 -10.315900 15.762500
v 7.401900 -10.301200 15.845700
v 7.073900 -10.658300 15.940500
v 7.155000 -10.469200 15.813000
v 6.970800 -10.581400 15.874300
v 7.054500 -10.402100 15.755200
v 7.114900 -10.238800 15.646000
v 7.210800 -10.295800 15.695000
v 7.253800 -10.140800 15.570200
v 7.347000 -10.155300 15.624300
v 7.161700 -10.092300 15.530300
v 7.440400 -10.138400 15.691900
v 6.536700 -11.511200 16.860000
v 6.771000 -11.306700 16.673500
v 6.468800 -11.504900 16.749500
v 6.695000 -11.307000 16.559800
v 6.893000 -11.105300 16.370200
v 6.976600 -11.099200 16.487800
v 6.396600 -11.453700 16.648200
v 6.612000 -11.262000 16.458100
v 6.325200 -11.348300 16.560600
v 6.528700 -11.164400 16.373700
v 6.706300 -10.974600 16.187200
v 6.800200 -11.065200 16.268100
v 6.954900 -10.860500 16.093900
v 7.054600 -10.896800 16.192600
v 6.854200 -10.776300 16.019500
v 7.144400 -10.887300 16.310100
v 5.416000 -12.275400 17.522200
v 5.720700 -12.098700 17.374400
v 5.377200 -12.247200 17.395500
v 5.675500 -12.075500 17.251400
v 5.958300 -11.893300 17.094800
v 6.010800 -11.911300 17.212600
v 5.338800 -12.168100 17.277100
v 5.629600 -12.002100 17.136000
v 5.305000 -12.032300 17.166300
v 5.587500 -11.871600 17.029200
v 5.853000 -11.704100 16.883900
v 5.904300 -11.827000 16.984500
v 6.160300 -11.643100 16.822800
v 6.223000 -11.701700 16.927700
v 6.099400 -11.528900 16.729200
v 6.283000 -11.714100 17.040400
v 4.248400 -12.827700 17.912800
v 4.499500 -12.722200 17.849200
v 4.229000 -12.800500 17.790600
v 4.475800 -12.689600 17.724800
v 4.759700 -12.554900 17.636800
v 4.788300 -12.590200 17.762200
v 4.210500 -12.734600 17.670900
v 4.453600 -12.614800 17.606200
v 4.197800 -12.615600 17.557300
v 4.437700 -12.485600 17.494500
v 4.712500 -12.337000 17.409600
v 4.733000 -12.473200 17.519700
v 5.033900 -12.324700 17.407500
v 5.066100 -12.407200 17.525500
v 5.007500 -12.186600 17.296600
v 5.099500 -12.440200 17.652300
v 1.720900 -13.178800 17.427800
v 1.918000 -13.150100 17.661600
v 1.893500 -13.091700 17.290900
v 2.070300 -13.072600 17.505500
v 2.263100 -13.030900 17.695400
v 2.143500 -13.094200 17.869700
v 2.026700 -12.960300 17.153000
v 2.188500 -12.956500 17.349800
v 2.124100 -12.775800 17.021700
v 2.276700 -12.787900 17.201500
v 2.436300 -12.784400 17.363800
v 2.360200 -12.933700 17.525100
v 2.530000 -12.895600 17.673200
v 2.459800 -12.968100 17.854300
v 2.592600 -12.769000 17.504300
v 2.736900 -12.747800 17.617600
v 2.688100 -12.850100 17.787800
v 2.644600 -12.897600 17.969800
v 2.388200 -13.008100 18.045500
v 2.620700 -12.914200 18.162500
v 1.220300 -13.112600 16.436900
v 1.315000 -13.136400 16.666800
v 1.097900 -13.216000 16.745800
v 1.396200 -12.983800 16.369000
v 1.497600 -13.017000 16.584900
v 1.616100 -13.060300 16.818200
v 1.429300 -13.167600 16.916500
v 1.202600 -13.233600 17.010700
v 1.543700 -12.827400 16.293700
v 1.645900 -12.857600 16.498400
v 1.659900 -12.620100 16.191100
v 1.758500 -12.654500 16.417800
v 1.867800 -12.700600 16.626100
v 1.761600 -12.904900 16.719500
v 1.886500 -12.941100 16.940200
v 1.745100 -13.086400 17.057700
v 1.988700 -12.743900 16.828600
v 1.561300 -13.183200 17.174800
v 1.334500 -13.240800 17.285900
v 1.459300 -12.842200 16.121900
v 1.552700 -12.708700 16.050000
v 1.318300 -12.988300 16.181900
v 1.256200 -13.018700 16.014300
v 1.389900 -12.879000 15.964700
v 1.482900 -12.754900 15.913500
v 1.147300 -13.119200 16.238000
v 1.090000 -13.151700 16.063300
v 1.042300 -13.205700 15.906100
v 1.202200 -13.063300 15.857000
v 0.999700 -13.278700 15.757400
v 1.151300 -13.128700 15.704900
v 1.332900 -12.914500 15.804000
v 1.428000 -12.782400 15.756200
v 1.277700 -12.971100 15.644000
v 1.535400 -12.422400 15.542400
v 1.574900 -12.428200 15.712900
v 1.542500 -12.536600 15.708900
v 1.505500 -12.530900 15.544900
v 1.609000 -12.451300 15.865300
v 1.569500 -12.559700 15.844900
v 1.537100 -12.614700 15.805800
v 1.513100 -12.615400 15.706200
v 1.475600 -12.611800 15.545100
v 1.639200 -12.506500 16.010600
v 1.581200 -12.615900 15.958100
v 1.527200 -12.668600 15.859500
v 1.481500 -12.690100 15.722800
v 1.442900 -12.690500 15.551400
v 1.438100 -12.710200 14.703900
v 1.401100 -12.687000 14.912700
v 1.461000 -12.642000 14.694000
v 1.418700 -12.619800 14.908900
v 1.410700 -12.605900 15.131900
v 1.392600 -12.673900 15.130900
v 1.444100 -12.554400 14.680700
v 1.420200 -12.537500 14.901500
v 1.408100 -12.436100 14.664800
v 1.409300 -12.423800 14.891100
v 1.443800 -12.418900 15.122200
v 1.430700 -12.528000 15.129100
v 1.463700 -12.526900 15.347600
v 1.435500 -12.605900 15.348800
v 1.488800 -12.418900 15.342400
v 1.409900 -12.680100 15.349000
v 1.790600 -12.531200 13.938200
v 1.664400 -12.509000 14.098500
v 1.717200 -12.625500 14.131900
v 1.831900 -12.645800 13.971400
v 1.554700 -12.484600 14.271400
v 1.611200 -12.603400 14.301400
v 1.634100 -12.691300 14.324300
v 1.729700 -12.711300 14.154900
v 1.828000 -12.730400 13.991100
v 1.462900 -12.458300 14.459200
v 1.514000 -12.578000 14.482500
v 1.538600 -12.667000 14.501600
v 1.506600 -12.734600 14.514300
v 1.591100 -12.757800 14.337200
v 1.676200 -12.777800 14.166100
v 1.763500 -12.798600 13.999100
v 2.301300 -12.584200 13.377900
v 2.194000 -12.577300 13.507500
v 2.186300 -12.697700 13.525200
v 2.286100 -12.707800 13.394200
v 2.071600 -12.566400 13.646000
v 2.076700 -12.683800 13.668200
v 2.034100 -12.773800 13.674600
v 2.130900 -12.793100 13.526500
v 2.222400 -12.808600 13.392000
v 1.931700 -12.550700 13.788400
v 1.955100 -12.665900 13.816800
v 1.931300 -12.752100 13.830200
v 1.854900 -12.824400 13.834400
v 1.948200 -12.852400 13.675700
v 1.761700 -12.915500 13.855400
v 1.848200 -12.949300 13.694500
v 2.041500 -12.879900 13.526600
v 2.130800 -12.902600 13.390100
v 1.937800 -12.983100 13.543100
v 2.023100 -13.010400 13.400900
v 2.674300 -12.619100 12.932900
v 2.573600 -12.602300 13.044500
v 2.554900 -12.729900 13.071500
v 2.653300 -12.746000 12.958200
v 2.483700 -12.593200 13.152700
v 2.466200 -12.720700 13.177000
v 2.394000 -12.827000 13.170500
v 2.479500 -12.835900 13.060900
v 2.576900 -12.851400 12.942100
v 2.395400 -12.588300 13.261700
v 2.378000 -12.714400 13.281300
v 2.309200 -12.818900 13.277100
v 2.212000 -12.916200 13.268800
v 2.289900 -12.924400 13.152800
v 2.096500 -13.024700 13.267500
v 2.166400 -13.030900 13.136200
v 2.369200 -12.930400 13.032200
v 2.466400 -12.945100 12.905200
v 2.240800 -13.033800 13.000300
v 2.338900 -13.047900 12.862200
v 3.269500 -12.747300 12.474800
v 3.096100 -12.716500 12.579600
v 3.069000 -12.843800 12.571600
v 3.246500 -12.878900 12.455300
v 2.936300 -12.681300 12.693500
v 2.908900 -12.806900 12.698300
v 2.839500 -12.913900 12.666400
v 3.003200 -12.950400 12.525500
v 3.186000 -12.985400 12.394800
v 2.795500 -12.647100 12.813600
v 2.770800 -12.773000 12.830500
v 2.697200 -12.879100 12.807900
v 2.597800 -12.979000 12.770000
v 2.752800 -13.019800 12.624300
v 2.480000 -13.087600 12.723900
v 2.642600 -13.132800 12.573100
v 2.920900 -13.055500 12.465600
v 3.107600 -13.085000 12.314700
v 2.804900 -13.163700 12.397600
v 3.999700 -12.709200 12.159500
v 3.823500 -12.756100 12.230100
v 3.821800 -12.905400 12.181700
v 4.002800 -12.857500 12.101700
v 3.637900 -12.773300 12.301200
v 3.631200 -12.919800 12.264700
v 3.588900 -13.028900 12.182600
v 3.781300 -13.012500 12.081100
v 3.964700 -12.960700 11.986800
v 3.451700 -12.768300 12.382400
v 3.436700 -12.907600 12.354500
v 3.385800 -13.015700 12.283900
v 3.318500 -13.107200 12.192300
v 3.531800 -13.112000 12.080000
v 3.726100 -13.089200 11.959700
v 3.911900 -13.031200 11.851500
v 4.634700 -12.503700 11.612400
v 4.455500 -12.649100 11.660400
v 4.640100 -12.455200 11.701400
v 4.469900 -12.598500 11.762400
v 4.309100 -12.743700 11.834900
v 4.283100 -12.798800 11.716900
v 4.630400 -12.371900 11.770600
v 4.472700 -12.512300 11.849800
v 4.595400 -12.247100 11.807800
v 4.446200 -12.382500 11.896900
v 4.304000 -12.513000 11.991400
v 4.323700 -12.651200 11.937900
v 4.168600 -12.769500 12.021200
v 4.140600 -12.867700 11.907200
v 4.157500 -12.625000 12.079400
v 4.099700 -12.930200 11.775600
v 5.287000 -11.770800 11.657200
v 5.119600 -11.884600 11.666700
v 5.187000 -12.022000 11.657900
v 5.356100 -11.905800 11.643200
v 4.940400 -11.999600 11.687100
v 5.001900 -12.135500 11.677900
v 5.040000 -12.229000 11.638300
v 5.230800 -12.116900 11.614000
v 5.402400 -11.999800 11.590200
v 4.762900 -12.119900 11.736000
v 4.811600 -12.249200 11.714400
v 4.836600 -12.336900 11.663700
v 4.838500 -12.384800 11.579800
v 5.048400 -12.277700 11.554200
v 4.827200 -12.403500 11.474200
v 5.038700 -12.294000 11.444600
v 5.245900 -12.167800 11.527500
v 5.424900 -12.054700 11.502000
v 5.241300 -12.185700 11.416400
v 5.427700 -12.077200 11.391600
v 5.993200 -11.578700 11.316300
v 5.966000 -11.536500 11.415700
v 5.840800 -11.679200 11.437900
v 5.865600 -11.720000 11.336300
v 5.924800 -11.472500 11.496000
v 5.799700 -11.612800 11.519100
v 5.677600 -11.747900 11.542300
v 5.715700 -11.813700 11.459500
v 5.735300 -11.850400 11.355000
v 5.874900 -11.392100 11.561200
v 5.748200 -11.526400 11.580500
v 5.809900 -11.288900 11.596800
v 5.681300 -11.413800 11.610200
v 5.556800 -11.535000 11.623100
v 5.625700 -11.656900 11.600100
v 5.498700 -11.783700 11.622400
v 5.548200 -11.876800 11.566200
v 5.429100 -11.654100 11.640700
v 5.579300 -11.937700 11.480100
v 5.590900 -11.967500 11.372300
v 6.574900 -10.973500 11.250000
v 6.544800 -10.943300 11.351800
v 6.396600 -11.088500 11.359500
v 6.424500 -11.123800 11.260400
v 6.505000 -10.898600 11.433300
v 6.358600 -11.038500 11.439800
v 6.209000 -11.182100 11.453100
v 6.247100 -11.237000 11.373600
v 6.274300 -11.275900 11.275600
v 6.455300 -10.842000 11.500500
v 6.310900 -10.976300 11.507200
v 6.387900 -10.765900 11.534900
v 6.245200 -10.894900 11.543900
v 6.097100 -11.026400 11.557900
v 6.161600 -11.114000 11.520000
v 6.014500 -11.253600 11.539500
v 6.062800 -11.327800 11.473000
v 5.950300 -11.158700 11.577500
v 6.102500 -11.387700 11.393300
v 6.130000 -11.429100 11.295200
v 7.128000 -10.367200 11.281000
v 7.074800 -10.377100 11.398100
v 6.948300 -10.521400 11.371900
v 6.995100 -10.524000 11.257800
v 7.013900 -10.365800 11.487400
v 6.893100 -10.499300 11.458800
v 6.770200 -10.631900 11.442000
v 6.819800 -10.663200 11.357200
v 6.860500 -10.677100 11.247100
v 6.945400 -10.333000 11.549300
v 6.829900 -10.459000 11.520800
v 6.869200 -10.275300 11.577800
v 6.756300 -10.395900 11.548500
v 6.640500 -10.517900 11.534500
v 6.712000 -10.585500 11.505500
v 6.588100 -10.712400 11.499300
v 6.641500 -10.764000 11.433700
v 6.518700 -10.640700 11.530900
v 6.685600 -10.802700 11.350700
v 6.720400 -10.825800 11.245100
v 7.191000 -9.931300 11.786000
v 7.279200 -9.970500 11.749600
v 7.091000 -10.041300 11.696400
v 7.174800 -10.085400 11.661000
v 7.255900 -10.097900 11.594000
v 7.369200 -9.971600 11.682100
v 6.982300 -10.156500 11.627100
v 7.061900 -10.207400 11.595100
v 7.136100 -10.230700 11.530800
v 7.203200 -10.230100 11.439000
v 7.332400 -10.081700 11.500000
v 7.263000 -10.207600 11.320800
v 7.399400 -10.042400 11.380100
v 7.461200 -9.933200 11.586500
v 7.536900 -9.869000 11.461900
v 3.686400 -12.912600 17.983700
v 3.778500 -12.935800 17.983400
v 3.673400 -12.898000 17.893800
v 3.765200 -12.920200 17.883000
v 3.882500 -12.916900 17.863900
v 3.896700 -12.933800 17.974100
v 3.661200 -12.850800 17.801600
v 3.752200 -12.870700 17.780400
v 3.652900 -12.770000 17.707200
v 3.744300 -12.783000 17.676600
v 3.859500 -12.766200 17.641800
v 3.868100 -12.863600 17.752300
v 4.018100 -12.817900 17.717700
v 4.034200 -12.876600 17.835000
v 4.007900 -12.709700 17.604200
v 4.050400 -12.898000 17.952500
v 2.860300 -12.726600 17.698200
v 2.824800 -12.804800 17.862300
v 2.966300 -12.706900 17.751900
v 2.943800 -12.764500 17.903900
v 2.936400 -12.778900 18.048900
v 2.802000 -12.832500 18.029500
v 3.058500 -12.690500 17.784700
v 3.048700 -12.733900 17.919300
v 3.140000 -12.668300 17.807200
v 3.141500 -12.702300 17.921500
v 3.151300 -12.711300 18.025400
v 3.051900 -12.742700 18.043600
v 3.080900 -12.737800 18.147900
v 2.960800 -12.774000 18.176600
v 3.177700 -12.711100 18.113700
v 2.809500 -12.834400 18.193800
v 3.454900 -12.660300 17.998100
v 3.502400 -12.730100 17.982700
v 3.436200 -12.672100 17.932400
v 3.485500 -12.736600 17.913300
v 3.536000 -12.808800 17.901500
v 3.550700 -12.813100 17.975600
v 3.419100 -12.652900 17.866400
v 3.470500 -12.706600 17.844500
v 3.398300 -12.602800 17.799100
v 3.453000 -12.641800 17.775700
v 3.510700 -12.691200 17.753700
v 3.523600 -12.767200 17.827600
v 3.586100 -12.815800 17.815300
v 3.597800 -12.861800 17.897400
v 3.576200 -12.736700 17.731900
v 3.611200 -12.872800 17.978500
v 3.368900 -12.521800 17.729500
v 3.428400 -12.544100 17.706400
v 3.331700 -12.425400 17.658200
v 3.399400 -12.426000 17.638100
v 3.477700 -12.454600 17.609500
v 3.494700 -12.584200 17.679200
v 3.287700 -12.329400 17.586200
v 3.368500 -12.299900 17.571800
v 3.242500 -12.234200 17.514400
v 3.340500 -12.175000 17.504500
v 3.453000 -12.168900 17.491600
v 3.461700 -12.311000 17.549800
v 3.553600 -12.350900 17.510600
v 3.561500 -12.494400 17.569700
v 3.557900 -12.210600 17.460100
v 3.631400 -12.257000 17.440500
v 3.644300 -12.373600 17.465800
v 3.651200 -12.518000 17.525500
v 3.568600 -12.626300 17.646700
v 3.651900 -12.654600 17.610600
v 3.214300 -12.631400 17.830100
v 3.223800 -12.659000 17.923200
v 3.281500 -12.598600 17.840400
v 3.296900 -12.625900 17.916600
v 3.311900 -12.643100 17.984600
v 3.237100 -12.672200 18.006400
v 3.342000 -12.588800 17.825400
v 3.361600 -12.624900 17.894000
v 3.378300 -12.642000 17.958000
v 3.396700 -12.640300 18.020300
v 3.330600 -12.652500 18.048000
v 3.259300 -12.679400 18.079800
v 3.232900 -12.411100 17.602400
v 3.180900 -12.351500 17.536900
v 3.279300 -12.469900 17.672500
v 3.247900 -12.513400 17.687900
v 3.204500 -12.507400 17.642300
v 3.148700 -12.485100 17.588900
v 3.315200 -12.533100 17.749200
v 3.261700 -12.559100 17.752800
v 3.203100 -12.580900 17.727300
v 3.138700 -12.593300 17.687700
v 7.421900 -9.337700 13.573300
v 7.429800 -9.340700 13.293500
v 7.354500 -9.225900 13.551700
v 7.360900 -9.222000 13.265500
v 7.360900 -9.219100 12.995800
v 7.431200 -9.344800 13.027800
v 7.294400 -9.061900 13.518800
v 7.300300 -9.052200 13.224800
v 7.221400 -8.858900 13.474100
v 7.224000 -8.851400 13.174800
v 7.213200 -8.853500 12.897600
v 7.297000 -9.047000 12.949900
v 7.272400 -9.069300 12.698800
v 7.345900 -9.236100 12.745500
v 7.177100 -8.887700 12.647900
v 7.126800 -8.948100 12.425300
v 7.234000 -9.118200 12.473900
v 7.318200 -9.277000 12.519600
v 7.420500 -9.364700 12.779200
v 7.398000 -9.405300 12.552900
v 7.334900 -9.358400 14.699400
v 7.373900 -9.311500 14.442400
v 7.271800 -9.264900 14.701300
v 7.315300 -9.212300 14.442400
v 7.340200 -9.200200 14.151600
v 7.398500 -9.306500 14.157000
v 7.200900 -9.125000 14.696200
v 7.250900 -9.068300 14.433700
v 7.118800 -8.929500 14.678400
v 7.170100 -8.876700 14.410400
v 7.203000 -8.854000 14.107700
v 7.280800 -9.047800 14.137000
v 7.291700 -9.053000 13.827400
v 7.350400 -9.211700 13.850800
v 7.217300 -8.854000 13.790300
v 7.413000 -9.320700 13.864200
v 7.114500 -9.877800 15.380900
v 7.161500 -9.745900 15.239600
v 7.025400 -9.760400 15.365600
v 7.075300 -9.637700 15.228200
v 7.134200 -9.509800 15.075600
v 7.214800 -9.610100 15.081500
v 6.934800 -9.592300 15.352700
v 6.989800 -9.475000 15.219800
v 6.844300 -9.362400 15.340400
v 6.905500 -9.247400 15.210600
v 6.974500 -9.131800 15.064300
v 7.054300 -9.353400 15.071900
v 7.130100 -9.228400 14.903100
v 7.205500 -9.374800 14.906100
v 7.049600 -9.020200 14.891600
v 7.277300 -9.469400 14.906900
v 6.875700 -10.459600 15.838300
v 6.960200 -10.293300 15.724200
v 6.784900 -10.293700 15.821100
v 6.868700 -10.141500 15.709700
v 6.931700 -10.004000 15.603000
v 7.022800 -10.142700 15.618100
v 6.694500 -10.084400 15.811400
v 6.776300 -9.945600 15.701300
v 6.597000 -9.829700 15.797700
v 6.677000 -9.701200 15.689700
v 6.740100 -9.582700 15.579600
v 6.838700 -9.819500 15.592400
v 6.888000 -9.704500 15.476600
v 6.980700 -9.879700 15.489500
v 6.792500 -9.472000 15.463300
v 7.071300 -10.007100 15.505400
v 6.259800 -11.179600 16.490900
v 6.451900 -11.007000 16.311800
v 6.197100 -10.958800 16.427700
v 6.378500 -10.798700 16.261000
v 6.537200 -10.634200 16.095000
v 6.619600 -10.829000 16.133100
v 6.133600 -10.696900 16.359300
v 6.305600 -10.548400 16.209700
v 6.064000 -10.397200 16.281000
v 6.227400 -10.258100 16.151200
v 6.370200 -10.115700 16.024400
v 6.456400 -10.395900 16.062200
v 6.586900 -10.237900 15.930500
v 6.673500 -10.461900 15.949000
v 6.494100 -9.970400 15.907900
v 6.761500 -10.642400 15.974900
v 5.280300 -11.834000 17.062800
v 5.553400 -11.677400 16.931700
v 5.259200 -11.581100 16.963100
v 5.522200 -11.428700 16.838800
v 5.767100 -11.274200 16.711200
v 5.808700 -11.516300 16.795100
v 5.236400 -11.281400 16.863500
v 5.489100 -11.134500 16.745600
v 5.205100 -10.948300 16.749700
v 5.446900 -10.807000 16.639400
v 5.672100 -10.668500 16.526500
v 5.723800 -10.988400 16.625100
v 5.939100 -10.843100 16.497100
v 5.992700 -11.117400 16.576000
v 5.878400 -10.533000 16.406500
v 6.044800 -11.349900 16.650100
v 4.196300 -12.428800 17.453700
v 4.432600 -12.290000 17.390800
v 4.190500 -12.187000 17.359600
v 4.427600 -12.037400 17.291900
v 4.697200 -11.883100 17.202000
v 4.702700 -12.137900 17.304900
v 4.164800 -11.902800 17.274800
v 4.412000 -11.737200 17.194300
v 4.087400 -11.567500 17.170300
v 4.400300 -11.394500 17.070400
v 4.680100 -11.240400 16.970800
v 4.689700 -11.580100 17.096800
v 4.967200 -11.429000 16.983600
v 4.979300 -11.731800 17.088300
v 4.948900 -11.092200 16.862100
v 4.991000 -11.986700 17.191400
v 3.687100 -12.187100 17.401700
v 3.733900 -12.333000 17.426900
v 3.774500 -12.058300 17.355400
v 3.839600 -12.233400 17.386600
v 3.861300 -12.433400 17.444500
v 3.747200 -12.497800 17.483900
v 3.896300 -11.869100 17.289000
v 3.978600 -12.079100 17.337400
v 4.005400 -12.324400 17.406700
v 4.009400 -12.539900 17.498100
v 3.862600 -12.616900 17.534400
v 3.746700 -12.653300 17.572500
v 3.030800 -11.676200 17.069700
v 3.107500 -11.896300 17.243900
v 2.995400 -12.114900 17.305700
v 2.894100 -12.031100 17.195700
v 3.158200 -12.032600 17.359000
v 3.068700 -12.208900 17.400600
v 3.017800 -12.409800 17.479200
v 2.931100 -12.362800 17.408100
v 2.823400 -12.322600 17.319200
v 3.201200 -12.140200 17.444000
v 3.128300 -12.285900 17.473600
v 3.088400 -12.451500 17.537000
v 3.068400 -12.591400 17.649000
v 2.987300 -12.582200 17.603300
v 2.890900 -12.573000 17.542900
v 2.776500 -12.566700 17.460600
v 3.320000 -12.060100 17.433100
v 3.304400 -11.933700 17.345800
v 3.476500 -11.907500 17.346200
v 3.457800 -12.043500 17.426200
v 3.291200 -11.774200 17.231000
v 3.302500 -11.546100 17.086100
v 3.556700 -11.497700 17.111700
v 3.509500 -11.733500 17.244200
v 3.725600 -11.759600 17.260700
v 3.643300 -11.949300 17.345700
v 3.811500 -11.501700 17.137800
v 3.587600 -12.088200 17.408600
v 2.188800 -12.529400 16.904900
v 2.338600 -12.553100 17.067800
v 2.235400 -12.233100 16.793600
v 2.385200 -12.263100 16.942600
v 2.540300 -12.285400 17.080100
v 2.493200 -12.564700 17.216500
v 2.278500 -11.898900 16.678800
v 2.427500 -11.929100 16.819900
v 2.327200 -11.530700 16.552000
v 2.476500 -11.559200 16.688300
v 2.642600 -11.589500 16.815600
v 2.587200 -11.956900 16.951600
v 2.750400 -11.984700 17.077300
v 2.689800 -12.301000 17.207700
v 2.822600 -11.624500 16.937100
v 2.641500 -12.566600 17.349600
v 1.752200 -12.360500 16.170700
v 1.834000 -12.403600 16.353500
v 1.816000 -12.086800 16.118200
v 1.892300 -12.116800 16.286100
v 1.987400 -12.153200 16.460500
v 1.936800 -12.446500 16.544100
v 1.883900 -11.788300 16.037500
v 1.953400 -11.805600 16.196000
v 1.945400 -11.452800 15.937000
v 2.011800 -11.460400 16.087500
v 2.091300 -11.475700 16.247500
v 2.038400 -11.831100 16.362100
v 2.147800 -11.864200 16.524600
v 2.102300 -12.194200 16.631300
v 2.197600 -11.501000 16.403700
v 2.055000 -12.491200 16.729100
v 1.804400 -11.505600 15.387600
v 1.810200 -11.480000 15.546000
v 1.746500 -11.791700 15.615600
v 1.721100 -11.806100 15.451000
v 1.827900 -11.458500 15.685400
v 1.772700 -11.780100 15.762600
v 1.710500 -12.052900 15.820800
v 1.670600 -12.051100 15.668800
v 1.623100 -12.053300 15.500600
v 1.878600 -11.450800 15.809300
v 1.821100 -11.779400 15.898200
v 1.757200 -12.065200 15.966900
v 1.697200 -12.315300 16.008900
v 1.656000 -12.279500 15.856100
v 1.615500 -12.264800 15.700400
v 1.567900 -12.260900 15.529300
v 1.373500 -12.275900 14.647100
v 1.389700 -12.262800 14.877900
v 1.406400 -12.079100 14.630100
v 1.427600 -12.063700 14.860400
v 1.482200 -12.055200 15.090400
v 1.441200 -12.257400 15.110800
v 1.572600 -11.851200 14.616400
v 1.589300 -11.836000 14.837000
v 1.754300 -11.573000 14.596000
v 1.760100 -11.557800 14.803200
v 1.772100 -11.542200 15.009400
v 1.626100 -11.824100 15.056100
v 1.675500 -11.815500 15.262700
v 1.553900 -12.053200 15.305700
v 1.789300 -11.525600 15.206400
v 1.505200 -12.257600 15.330400
v 1.719300 -12.372700 13.889600
v 1.596900 -12.350400 14.055800
v 1.674600 -12.170100 13.845900
v 1.573800 -12.149600 14.020700
v 1.496300 -12.126500 14.210900
v 1.496500 -12.325500 14.237300
v 1.712500 -11.923200 13.827300
v 1.653900 -11.906400 14.010000
v 1.799100 -11.632000 13.825700
v 1.775500 -11.617700 14.010000
v 1.762900 -11.603100 14.200600
v 1.613600 -11.888400 14.203700
v 1.583600 -11.869300 14.405600
v 1.434900 -12.101600 14.413800
v 1.755600 -11.588100 14.395500
v 1.415600 -12.298700 14.434000
v 2.247400 -12.421500 13.324700
v 2.140400 -12.415200 13.458700
v 2.144200 -12.219500 13.247700
v 2.050900 -12.211300 13.393400
v 1.940200 -12.201100 13.541300
v 2.014300 -12.405700 13.597800
v 2.011200 -11.978100 13.160200
v 1.950900 -11.965200 13.326500
v 1.938800 -11.693100 13.111900
v 1.908400 -11.675800 13.292800
v 1.881600 -11.660300 13.474400
v 1.884300 -11.952400 13.494400
v 1.797100 -11.938400 13.658400
v 1.805700 -12.187300 13.689100
v 1.839900 -11.646000 13.649600
v 1.866200 -12.391300 13.739200
v 2.618600 -12.460600 12.845800
v 2.513700 -12.442900 12.960600
v 2.508900 -12.270100 12.719400
v 2.399200 -12.251000 12.841100
v 2.307900 -12.237300 12.971100
v 2.423600 -12.432300 13.078000
v 2.368100 -12.047400 12.576000
v 2.253700 -12.025900 12.707900
v 2.261900 -11.780700 12.472300
v 2.153200 -11.757100 12.618100
v 2.063300 -11.734300 12.774300
v 2.159000 -12.007600 12.850400
v 2.079400 -11.992000 13.001400
v 2.226400 -12.227500 13.106800
v 1.991100 -11.712800 12.939000
v 2.338300 -12.426200 13.198500
v 3.235600 -12.572700 12.431900
v 3.062000 -12.549500 12.525100
v 3.143100 -12.362000 12.324800
v 2.970400 -12.347400 12.412800
v 2.802200 -12.323700 12.506400
v 2.897400 -12.519400 12.625500
v 2.990500 -12.122000 12.151400
v 2.824500 -12.115100 12.247400
v 2.834900 -11.837600 11.986400
v 2.682400 -11.837300 12.097700
v 2.533200 -11.824900 12.215100
v 2.661300 -12.096900 12.348600
v 2.506500 -12.072700 12.457200
v 2.645900 -12.296100 12.608200
v 2.390800 -11.804700 12.339000
v 2.748000 -12.487900 12.733300
v 3.929000 -12.503200 12.123000
v 3.762400 -12.553000 12.194900
v 3.801700 -12.258100 12.001700
v 3.643700 -12.311500 12.078800
v 3.480400 -12.345400 12.157500
v 3.587900 -12.578000 12.266700
v 3.628800 -11.992300 11.804600
v 3.472400 -12.047100 11.884500
v 3.447000 -11.695600 11.603400
v 3.292100 -11.748200 11.688100
v 3.139400 -11.790800 11.781200
v 3.314300 -12.087300 11.969500
v 3.153800 -12.112500 12.058700
v 3.313300 -12.361800 12.239600
v 2.987100 -11.821300 11.880700
v 3.411600 -12.583400 12.345800
v 4.525100 -12.074000 11.800900
v 4.372900 -12.201200 11.878400
v 4.418500 -11.865700 11.723800
v 4.257900 -11.983500 11.784700
v 4.103300 -12.090800 11.850400
v 4.227100 -12.320400 11.960800
v 4.274600 -11.635200 11.550500
v 4.106200 -11.744800 11.606200
v 4.112700 -11.377200 11.348000
v 3.938700 -11.478400 11.405000
v 3.769700 -11.563500 11.463800
v 3.942900 -11.841200 11.664400
v 3.784800 -11.923700 11.730900
v 3.953100 -12.183400 11.924200
v 3.606000 -11.635000 11.529300
v 4.081500 -12.423400 12.043700
v 5.196200 -11.593000 11.628200
v 5.033900 -11.706000 11.647700
v 5.085200 -11.382000 11.539200
v 4.926400 -11.495200 11.568500
v 4.758200 -11.616500 11.611400
v 4.861700 -11.823900 11.679700
v 4.955300 -11.147700 11.373000
v 4.793500 -11.261000 11.396600
v 4.813700 -10.890200 11.187400
v 4.646900 -11.003000 11.200700
v 4.470800 -11.129300 11.234600
v 4.622600 -11.385500 11.437700
v 4.448200 -11.512800 11.491600
v 4.587100 -11.741700 11.664600
v 4.291400 -11.257400 11.287400
v 4.690100 -11.947400 11.732700
v 5.723900 -11.156800 11.588700
v 5.594100 -11.268700 11.596200
v 5.620200 -10.997000 11.523900
v 5.489800 -11.094400 11.526200
v 5.361000 -11.187100 11.524700
v 5.467600 -11.376500 11.601700
v 5.502600 -10.810800 11.389500
v 5.371400 -10.894000 11.387800
v 5.369700 -10.592500 11.233500
v 5.238900 -10.663400 11.226500
v 5.105500 -10.729900 11.214600
v 5.239600 -10.972200 11.380900
v 5.102500 -11.054100 11.371900
v 5.228100 -11.281100 11.526800
v 4.965200 -10.802400 11.196800
v 5.337900 -11.483800 11.612600
v 6.294700 -10.662800 11.518200
v 6.153400 -10.787200 11.531900
v 6.181500 -10.534100 11.456000
v 6.041400 -10.653800 11.471000
v 5.899100 -10.773100 11.490700
v 6.007900 -10.912800 11.550400
v 6.054000 -10.381400 11.354200
v 5.915000 -10.495200 11.360800
v 5.908700 -10.203200 11.247500
v 5.771700 -10.308400 11.240400
v 5.636200 -10.410800 11.237900
v 5.775900 -10.607300 11.372100
v 5.637900 -10.713900 11.383000
v 5.757700 -10.888700 11.510200
v 5.502200 -10.506900 11.236500
v 5.863200 -11.037100 11.571400
v 6.785300 -10.189100 11.567100
v 6.670000 -10.305300 11.533000
v 6.690400 -10.076900 11.525000
v 6.570100 -10.189600 11.483500
v 6.445500 -10.302900 11.459200
v 6.551000 -10.423000 11.515800
v 6.581200 -9.941000 11.459900
v 6.455800 -10.050800 11.409200
v 6.447000 -9.785800 11.393500
v 6.318300 -9.891900 11.335500
v 6.184700 -9.995500 11.290500
v 6.325800 -10.159700 11.374200
v 6.191400 -10.269800 11.357200
v 6.316100 -10.417400 11.451100
v 6.047300 -10.099100 11.262700
v 6.426600 -10.541700 11.511900
v 6.876400 -9.337200 11.761800
v 6.786700 -9.448500 11.642100
v 6.914500 -9.605000 11.703500
v 7.002100 -9.495800 11.820800
v 6.684000 -9.561300 11.541300
v 6.813700 -9.715800 11.603900
v 6.915900 -9.853300 11.663200
v 7.014400 -9.745400 11.760100
v 7.100300 -9.639300 11.874100
v 6.569800 -9.674700 11.460200
v 6.701600 -9.828600 11.523700
v 6.806800 -9.964300 11.584900
v 6.898800 -10.074600 11.621500
v 7.006500 -9.962900 11.695500
v 7.104600 -9.855200 11.788600
v 7.190400 -9.750900 11.900200
v 7.073900 -9.028900 12.229100
v 7.188900 -9.192700 12.277500
v 7.016300 -9.124200 12.055200
v 7.136200 -9.285100 12.105600
v 7.230900 -9.434500 12.152000
v 7.279800 -9.346000 12.322900
v 6.951700 -9.228000 11.899500
v 7.075000 -9.387600 11.954100
v 7.171800 -9.533900 12.003600
v 7.261000 -9.649500 12.030000
v 7.318300 -9.554900 12.180400
v 7.363900 -9.471100 12.354000
v 1.870900 -14.080100 10.019500
v 1.834900 -14.118100 9.811900
v 1.985900 -14.059600 9.781200
v 2.017200 -14.019000 10.002100
v 1.782600 -14.171400 9.601000
v 1.942700 -14.115100 9.556900
v 2.118000 -14.016100 9.512400
v 2.151300 -13.962200 9.747900
v 2.177800 -13.921700 9.982500
v 1.707700 -14.243300 9.382000
v 1.886600 -14.188300 9.322500
v 1.585000 -14.351100 9.127500
v 1.837700 -14.271700 9.065400
v 2.050500 -14.165200 9.010800
v 2.081800 -14.084900 9.269600
v 2.248400 -13.931100 9.212700
v 2.275400 -13.866600 9.463300
v 2.225900 -14.009700 8.951800
v 2.303000 -13.816800 9.709700
v 2.326900 -13.781600 9.958000
v 1.902300 -14.065700 10.843600
v 1.914000 -14.049000 10.643200
v 2.039600 -13.970400 10.669500
v 2.018500 -13.977700 10.881200
v 1.911300 -14.043100 10.437500
v 2.045300 -13.973900 10.449900
v 2.196700 -13.873800 10.464400
v 2.184900 -13.861300 10.703500
v 2.155700 -13.859200 10.931600
v 1.896600 -14.054200 10.228800
v 2.037400 -13.990300 10.226200
v 2.193700 -13.893100 10.222700
v 2.343200 -13.760600 10.214000
v 2.348800 -13.745600 10.475700
v 2.340600 -13.727900 10.740900
v 2.310300 -13.718400 10.992000
v 0.877900 -13.716500 15.141300
v 0.891500 -13.596300 15.300500
v 1.003300 -13.570400 15.089800
v 1.019900 -13.452900 15.245500
v 1.052100 -13.332600 15.399600
v 0.920600 -13.474600 15.456300
v 1.108400 -13.428000 15.029000
v 1.123100 -13.314500 15.183200
v 1.157000 -13.192400 15.336400
v 1.213800 -13.070800 15.489100
v 1.098600 -13.221500 15.552600
v 0.957900 -13.368600 15.608000
v 0.776400 -13.962100 15.000000
v 0.887300 -13.817900 14.979100
v 0.805800 -14.044200 14.846900
v 0.907300 -13.910900 14.817800
v 1.017100 -13.764700 14.772900
v 1.004000 -13.672800 14.932100
v 0.823100 -14.141800 14.701800
v 0.926000 -14.006100 14.660900
v 0.839100 -14.245200 14.559500
v 0.947200 -14.099900 14.505000
v 1.064000 -13.931000 14.449800
v 1.037700 -13.850600 14.612600
v 1.148600 -13.678700 14.553400
v 1.123100 -13.606000 14.714600
v 1.181300 -13.744700 14.388400
v 1.109000 -13.523700 14.872900
v 0.496600 -14.549800 14.838900
v 0.516500 -14.417500 14.928100
v 0.412800 -14.468000 14.999200
v 0.391400 -14.603300 14.908000
v 0.555600 -14.267600 15.015800
v 0.448200 -14.316500 15.096100
v 0.314000 -14.375300 15.162200
v 0.288600 -14.520200 15.057800
v 0.271100 -14.653300 14.962800
v 0.618600 -14.100300 15.096800
v 0.498200 -14.152300 15.196300
v 0.344900 -14.226200 15.274700
v 0.175200 -14.283700 15.327700
v 0.160500 -14.422000 15.206800
v 0.147300 -14.560000 15.096400
v 0.137600 -14.688500 14.997200
v 0.584900 -14.503900 14.761400
v 0.596000 -14.383000 14.851900
v 0.665500 -14.447100 14.684800
v 0.665500 -14.337600 14.784200
v 0.672100 -14.251700 14.857100
v 0.628300 -14.250900 14.929000
v 0.747700 -14.360900 14.618500
v 0.738700 -14.254800 14.738500
v 0.724500 -14.164300 14.858100
v 0.689300 -14.108500 14.980800
v 0.512700 -14.910400 14.534400
v 0.504400 -14.843600 14.599400
v 0.388300 -14.891500 14.676500
v 0.392300 -14.948700 14.611700
v 0.495300 -14.761600 14.672800
v 0.383900 -14.815100 14.748000
v 0.263100 -14.859900 14.801700
v 0.264200 -14.929500 14.728600
v 0.264800 -14.976000 14.661300
v 0.491200 -14.664100 14.753200
v 0.383400 -14.719000 14.824700
v 0.264000 -14.767200 14.878600
v 0.133500 -14.798000 14.909800
v 0.132600 -14.885900 14.830400
v 0.132700 -14.949400 14.754900
v 0.132400 -14.987900 14.685600
v 0.624200 -14.865200 14.427400
v 0.611900 -14.794000 14.498000
v 0.735600 -14.812000 14.296600
v 0.718100 -14.735600 14.378800
v 0.695900 -14.647400 14.476300
v 0.597600 -14.709600 14.579800
v 0.855700 -14.749800 14.148300
v 0.830400 -14.661000 14.248300
v 0.978900 -14.639200 13.966300
v 0.939100 -14.542600 14.126500
v 0.898200 -14.443100 14.270200
v 0.795500 -14.563200 14.369600
v 0.767300 -14.463400 14.494300
v 0.676900 -14.550800 14.580300
v 0.864500 -14.344800 14.415100
v 0.587000 -14.612900 14.669200
v 8.069000 -5.185600 13.109800
v 7.985900 -5.373500 13.008000
v 7.991500 -5.300900 12.830800
v 8.072500 -5.108900 12.927100
v 7.915900 -5.560700 12.907500
v 7.922000 -5.491300 12.731500
v 7.912700 -5.432500 12.563100
v 7.982000 -5.237800 12.661700
v 8.062300 -5.040200 12.753200
v 7.859000 -5.750100 12.803000
v 7.864200 -5.683400 12.624700
v 7.814200 -5.880100 12.506700
v 7.804300 -5.827600 12.332100
v 7.854900 -5.627900 12.454000
v 7.829700 -5.581500 12.281200
v 7.885700 -5.382800 12.392200
v 7.781400 -5.783500 12.156000
v 7.741300 -5.744700 11.968700
v 7.784800 -5.541500 12.096800
v 7.836600 -5.340300 12.209100
v 7.954500 -5.183800 12.490100
v 8.035400 -4.980900 12.577500
v 7.902300 -5.137800 12.306700
v 7.982400 -4.930900 12.391500
v 7.990500 -5.884500 15.627400
v 7.888800 -6.110000 15.597300
v 7.866200 -6.083400 15.356000
v 7.970400 -5.851800 15.392300
v 7.807600 -6.331500 15.556200
v 7.785300 -6.307900 15.310400
v 7.772700 -6.267500 15.063800
v 7.854100 -6.043400 15.110000
v 7.958900 -5.811300 15.148000
v 7.741000 -6.552400 15.506300
v 7.723000 -6.530100 15.256100
v 7.712800 -6.489900 15.008100
v 7.708200 -6.436700 14.764500
v 7.766800 -6.215800 14.820800
v 7.708200 -6.375800 14.527400
v 7.765800 -6.158800 14.585900
v 7.847300 -5.994800 14.867100
v 7.950000 -5.767600 14.906000
v 7.844300 -5.944200 14.634500
v 7.942500 -5.727300 14.677000
v 7.978800 -5.522400 13.932400
v 7.885400 -5.711700 13.827500
v 7.913500 -5.629300 13.620700
v 8.006600 -5.440100 13.733100
v 7.809500 -5.901500 13.732400
v 7.838200 -5.817400 13.519300
v 7.869100 -5.729200 13.307100
v 7.942800 -5.542400 13.410300
v 8.033300 -5.354500 13.522900
v 7.754200 -6.094100 13.641100
v 7.783100 -6.007300 13.422200
v 7.813900 -5.917600 13.206500
v 7.840700 -5.830000 12.998500
v 7.896600 -5.641700 13.101300
v 7.968300 -5.455600 13.203600
v 8.055000 -5.268500 13.311700
v 7.953400 -5.598600 14.110600
v 7.863400 -5.785200 14.023200
v 7.936900 -5.659700 14.284800
v 7.849000 -5.848000 14.217400
v 7.775000 -6.042800 14.149600
v 7.788600 -5.976200 13.940900
v 7.935700 -5.697000 14.471800
v 7.843700 -5.898100 14.419600
v 7.768000 -6.102400 14.363400
v 7.711400 -6.312400 14.299100
v 7.719300 -6.245200 14.076900
v 7.733300 -6.173000 13.858500
v 8.257800 -5.751900 16.464600
v 8.153700 -5.967100 16.519200
v 8.058000 -6.047900 16.277700
v 8.158000 -5.840500 16.247300
v 8.044400 -6.194800 16.542000
v 7.958800 -6.264300 16.283700
v 7.891900 -6.311000 16.037400
v 7.982700 -6.100000 16.050100
v 8.079700 -5.896200 16.045200
v 7.936900 -6.432700 16.539300
v 7.865200 -6.490300 16.269600
v 7.809600 -6.530500 16.009800
v 7.769000 -6.551900 15.756500
v 7.842300 -6.333000 15.796700
v 7.927000 -6.118100 15.826000
v 8.025300 -5.905100 15.841800
v 8.376500 -5.644100 16.713500
v 8.270500 -5.863200 16.785000
v 8.519600 -5.485600 16.979600
v 8.405500 -5.725900 17.069000
v 8.266700 -5.998800 17.107600
v 8.150100 -6.104200 16.818500
v 8.692900 -5.244900 17.248100
v 8.555700 -5.545100 17.364900
v 8.918100 -4.851300 17.573400
v 8.688100 -5.382000 17.674500
v 8.489300 -5.787100 17.703800
v 8.384800 -5.885000 17.404000
v 8.218800 -6.201600 17.408200
v 8.122400 -6.279100 17.113500
v 8.306800 -6.136300 17.701200
v 8.025500 -6.359200 16.822200
v 8.989000 -4.761000 17.997300
v 8.770100 -5.297500 17.999100
v 9.026000 -4.729400 18.337200
v 8.817700 -5.265600 18.316500
v 8.618000 -5.704600 18.294300
v 8.564600 -5.730000 18.003400
v 9.044600 -4.723200 18.637100
v 8.847300 -5.260000 18.604300
v 8.656400 -5.701900 18.568000
v 8.480800 -6.068300 18.527700
v 8.435800 -6.070300 18.264000
v 8.378500 -6.092700 17.987500
v 9.197700 -4.081200 17.640500
v 9.215600 -4.086200 18.020800
v 9.418400 -3.325400 17.681100
v 9.422400 -3.338600 18.056600
v 9.423000 -3.345300 18.393800
v 9.233600 -4.072300 18.363000
v 9.583400 -2.565300 17.716900
v 9.582200 -2.583300 18.091700
v 9.704100 -1.841200 17.751100
v 9.702900 -1.862100 18.129900
v 9.697400 -1.881100 18.473300
v 9.576600 -2.599200 18.429200
v 9.568000 -2.612800 18.737700
v 9.418400 -3.353800 18.698800
v 9.688400 -1.898000 18.789000
v 9.675800 -1.912600 19.084700
v 9.556600 -2.624100 19.025500
v 9.410100 -3.361900 18.980200
v 9.239400 -4.072500 18.666900
v 9.237900 -4.078900 18.942700
v 8.712800 -4.724100 15.932300
v 8.559000 -5.086900 16.119100
v 8.416400 -5.265400 15.950600
v 8.461500 -5.115200 15.760100
v 8.445400 -5.338300 16.253100
v 8.341600 -5.450500 16.092000
v 8.262000 -5.545400 15.991600
v 8.270200 -5.478300 15.864700
v 8.274900 -5.399300 15.678800
v 8.350000 -5.551100 16.372100
v 8.254000 -5.641800 16.188200
v 8.180400 -5.698200 16.019500
v 8.139800 -5.691700 15.841600
v 8.118500 -5.651700 15.644500
v 8.086400 -5.331400 14.053400
v 8.054600 -5.415000 14.208500
v 8.212200 -5.125700 14.206800
v 8.161100 -5.240900 14.336900
v 8.115000 -5.338900 14.412900
v 8.034600 -5.477000 14.356100
v 8.360300 -4.892500 14.409000
v 8.267100 -5.082600 14.516200
v 8.565100 -4.572200 14.700400
v 8.354300 -4.975000 14.735600
v 8.196300 -5.257900 14.741100
v 8.153600 -5.293000 14.548200
v 8.041100 -5.496500 14.524000
v 8.059400 -5.503600 14.717000
v 9.275400 -2.389400 13.743700
v 9.168500 -2.592000 13.381500
v 9.064000 -3.041800 13.715000
v 8.982300 -3.132200 13.393900
v 8.891100 -3.257100 13.110000
v 9.048100 -2.847800 13.073400
v 8.826200 -3.623500 13.643600
v 8.769500 -3.633200 13.357400
v 8.599400 -4.112000 13.546600
v 8.564700 -4.069000 13.289900
v 8.525500 -4.037300 13.053000
v 8.706500 -3.663500 13.097500
v 8.640500 -3.706400 12.858900
v 8.798200 -3.382700 12.857600
v 8.483200 -4.018500 12.829900
v 8.433400 -4.012400 12.614900
v 8.572200 -3.754400 12.635700
v 8.708200 -3.496900 12.629500
v 8.934100 -3.070500 12.811700
v 8.828200 -3.252800 12.584700
v 8.348600 -4.296100 12.785100
v 8.304500 -4.258300 12.578800
v 8.378700 -4.348900 12.993300
v 8.257400 -4.610900 12.921500
v 8.231700 -4.544800 12.726700
v 8.185900 -4.492700 12.528700
v 8.402900 -4.413700 13.209400
v 8.421200 -4.485200 13.440600
v 8.280100 -4.770100 13.329800
v 8.273200 -4.688000 13.119700
v 8.164700 -4.912200 13.024500
v 8.153100 -4.836300 12.840600
v 8.164900 -4.994000 13.218300
v 8.127500 -4.770500 12.656900
v 8.077700 -4.716400 12.465900
v 8.861600 -4.581600 16.351600
v 8.678900 -4.976500 16.390300
v 8.942000 -4.557500 16.750600
v 8.752900 -4.956000 16.706700
v 8.629600 -5.172400 16.667900
v 8.547600 -5.248100 16.474000
v 8.960000 -4.636900 17.149200
v 8.758100 -5.047000 17.010700
v 8.589700 -5.303300 16.821300
v 8.457800 -5.454800 16.595800
v 9.604100 -1.949000 15.796800
v 9.410200 -2.667000 15.401000
v 9.423400 -2.453500 15.050300
v 9.593000 -1.751400 15.257900
v 9.186500 -3.309900 15.118200
v 9.193400 -3.152400 14.813700
v 9.172100 -3.058800 14.455100
v 9.395500 -2.361700 14.616500
v 9.565100 -1.663400 14.758400
v 8.897400 -3.941700 14.896200
v 8.906800 -3.810100 14.605900
v 8.625500 -4.363500 14.409600
v 8.639800 -4.243700 14.121400
v 8.903300 -3.701100 14.289200
v 8.873600 -3.642500 13.961300
v 9.128100 -3.019700 14.078800
v 8.627800 -4.165100 13.828700
v 9.348600 -2.326500 14.168200
v 9.522400 -1.624900 14.252200
v 9.022900 -4.067800 15.977600
v 9.105700 -4.004600 16.364800
v 9.279400 -3.404800 15.994300
v 9.349100 -3.312500 16.388200
v 9.393300 -3.283300 16.822300
v 9.170900 -3.977600 16.789800
v 9.460300 -2.720300 15.948100
v 9.529900 -2.572300 16.380100
v 9.659200 -1.835300 16.373800
v 9.686400 -1.810800 16.868800
v 9.562800 -2.541200 16.846100
v 9.578800 -2.545100 17.296800
v 9.412500 -3.297300 17.261500
v 9.700000 -1.818400 17.329300
v 9.192200 -4.024100 17.222600
v 8.888300 -4.068100 15.144800
v 8.621600 -4.566400 15.030500
v 9.145400 -3.540800 15.332700
v 9.082400 -3.755500 15.464300
v 8.899000 -4.145500 15.387100
v 8.651000 -4.607900 15.305000
v 9.334100 -3.067300 15.599700
v 9.184000 -3.580000 15.675700
v 8.948900 -4.130100 15.658200
v 8.688000 -4.639100 15.590700
v 8.404300 -4.952800 14.984300
v 8.434000 -4.982000 15.249100
v 8.247000 -5.292700 15.210200
v 8.225700 -5.261900 14.967200
v 8.460200 -5.028400 15.517000
v 8.265300 -5.338000 15.454000
v 8.102700 -5.607800 15.418700
v 8.089300 -5.565100 15.179000
v 8.075200 -5.528400 14.940200
v 8.433200 -4.557500 13.693900
v 8.432300 -4.642000 13.954400
v 8.269300 -4.935100 13.795300
v 8.279500 -4.851200 13.560400
v 8.411700 -4.749600 14.207200
v 8.247600 -5.025200 14.018500
v 8.115300 -5.247000 13.863100
v 8.139200 -5.162300 13.651300
v 8.156100 -5.077600 13.431800
v 9.031600 -4.784900 20.066100
v 8.878500 -5.375100 19.982200
v 9.014500 -4.806400 20.303100
v 8.870000 -5.401900 20.209000
v 8.723300 -5.921800 20.134600
v 8.724600 -5.887300 19.912300
v 8.990600 -4.836800 20.559600
v 8.856800 -5.435400 20.454300
v 8.955900 -4.878600 20.844200
v 8.834900 -5.478100 20.726600
v 8.708500 -6.003800 20.635300
v 8.719300 -5.959800 20.373100
v 8.581300 -6.412400 20.307900
v 8.577600 -6.368000 20.073800
v 8.579300 -6.459100 20.560700
v 8.573400 -6.324000 19.852900
v 9.575200 -1.959500 20.215000
v 9.472200 -2.658800 20.113000
v 9.501800 -2.648400 19.838500
v 9.611200 -1.946700 19.926200
v 9.345900 -3.385500 20.015600
v 9.368500 -3.377300 19.758900
v 9.385900 -3.371800 19.504600
v 9.524600 -2.640200 19.569800
v 9.638400 -1.935500 19.646200
v 9.200300 -4.101400 19.924000
v 9.215300 -4.093200 19.685600
v 9.226200 -4.087700 19.446400
v 9.233500 -4.083500 19.200600
v 9.399600 -3.367300 19.247000
v 9.542500 -2.632600 19.300800
v 9.659600 -1.924600 19.368100
v 8.906300 -4.934200 21.165500
v 8.800500 -5.532700 21.034500
v 8.824900 -5.020100 21.524500
v 8.732700 -5.616300 21.377800
v 8.629000 -6.135200 21.252600
v 8.686600 -6.056500 20.928600
v 8.694800 -5.153200 21.922200
v 8.610600 -5.745600 21.756400
v 8.491700 -5.347900 22.355900
v 8.410400 -5.936500 22.167500
v 8.311100 -6.441200 21.990800
v 8.511000 -6.257300 21.607000
v 8.399900 -6.698100 21.467900
v 8.515900 -6.583800 21.140200
v 8.201000 -6.874500 21.822800
v 8.566600 -6.510200 20.838000
v 8.190900 -5.619000 22.822900
v 8.108300 -6.204800 22.608100
v 7.804900 -5.937900 23.295100
v 7.720700 -6.521900 23.052500
v 7.621200 -7.019700 22.818400
v 8.008200 -6.705100 22.402500
v 7.346000 -6.276100 23.744700
v 7.263700 -6.859000 23.475100
v 6.836100 -6.608200 24.149800
v 6.759600 -7.189200 23.853900
v 6.674300 -7.684400 23.568900
v 7.169200 -7.355700 23.214600
v 7.075200 -7.782800 22.967100
v 7.520400 -7.448100 22.596200
v 6.589800 -8.110200 23.298100
v 7.901700 -7.134900 22.206800
v 6.297200 -6.908600 24.488700
v 6.230400 -7.485400 24.166900
v 5.727800 -7.182900 24.770900
v 5.673800 -7.755400 24.425600
v 5.617600 -8.244600 24.096600
v 6.158300 -7.977600 23.858900
v 5.126100 -7.436800 25.006000
v 5.087300 -8.007200 24.641200
v 4.486500 -7.675000 25.201900
v 4.463000 -8.246300 24.821800
v 4.440200 -8.735600 24.459300
v 5.048300 -8.495200 24.294100
v 5.009800 -8.916000 23.967700
v 5.563100 -8.666400 23.787100
v 4.416300 -9.157300 24.117300
v 6.087800 -8.401300 23.567700
v 3.803300 -7.902200 25.366600
v 3.792900 -8.478400 24.975300
v 3.105900 -8.100500 25.490100
v 3.105700 -8.683400 25.091000
v 3.105900 -9.184200 24.705100
v 3.783200 -8.972600 24.599800
v 2.423600 -8.252000 25.562600
v 2.430200 -8.841400 25.157900
v 1.796200 -8.355300 25.602800
v 1.806200 -8.951400 25.194300
v 1.816400 -9.466200 24.795400
v 2.437000 -9.349000 24.764400
v 2.439600 -9.785200 24.386900
v 3.102300 -9.614500 24.336400
v 1.822600 -9.909100 24.411600
v 3.770800 -9.397700 24.243400
v 0.400000 -10.048800 24.447200
v 0.824100 -10.028200 24.437800
v 0.818200 -9.570900 24.829700
v 0.396700 -9.586100 24.841500
v 1.291200 -9.985900 24.427200
v 1.284100 -9.535600 24.815800
v 1.273600 -9.012500 25.218200
v 0.809800 -9.040100 25.234500
v 1.263300 -8.408800 25.629100
v 0.801500 -8.429200 25.646900
v 0.392100 -9.049400 25.248000
v 0.387500 -8.432900 25.661400
v 7.115100 -8.629900 13.417200
v 7.108400 -8.639300 13.119300
v 6.965300 -8.407600 13.357700
v 6.946700 -8.441700 13.067200
v 6.908400 -8.492300 12.802900
v 7.083600 -8.663700 12.846100
v 6.761600 -8.224800 13.305500
v 6.732600 -8.283900 13.027500
v 6.524300 -8.088300 13.264900
v 6.487600 -8.166700 13.003100
v 6.440300 -8.250500 12.766100
v 6.687900 -8.354300 12.775800
v 6.630700 -8.435100 12.550700
v 6.854000 -8.560200 12.566800
v 6.383100 -8.339400 12.553300
v 6.317700 -8.431500 12.363000
v 6.564700 -8.523600 12.349200
v 6.790100 -8.641500 12.355500
v 7.036900 -8.714600 12.601600
v 6.978200 -8.786100 12.383300
v 7.021800 -8.669200 14.642000
v 7.062500 -8.634900 14.366400
v 6.902800 -8.378300 14.586600
v 6.929300 -8.367400 14.305600
v 6.944400 -8.378400 13.994300
v 7.089500 -8.624100 14.057900
v 6.754400 -8.091200 14.511800
v 6.771700 -8.098400 14.232100
v 6.565600 -7.868500 14.419100
v 6.577600 -7.888400 14.148200
v 6.566400 -7.948700 13.851200
v 6.771800 -8.137500 13.923700
v 6.771600 -8.177800 13.609500
v 6.960500 -8.389100 13.672600
v 6.549600 -8.015500 13.552200
v 7.108000 -8.623600 13.735800
v 6.754900 -9.059600 15.326900
v 6.823100 -8.944700 15.197300
v 6.648100 -8.733300 15.295500
v 6.719000 -8.621200 15.162600
v 6.788700 -8.519100 15.006100
v 6.893800 -8.835700 15.047000
v 6.505000 -8.433000 15.229600
v 6.569400 -8.331000 15.089400
v 6.332800 -8.188400 15.136900
v 6.385000 -8.098700 14.989800
v 6.444100 -8.012400 14.825000
v 6.635400 -8.235600 14.928100
v 6.703000 -8.146300 14.739700
v 6.853000 -8.433500 14.817100
v 6.512700 -7.922700 14.639700
v 6.962800 -8.740000 14.865300
v 6.245700 -8.525000 12.193000
v 6.493400 -8.617400 12.168200
v 6.168200 -8.617800 12.041400
v 6.416900 -8.714300 12.005900
v 6.652300 -8.829400 11.994800
v 6.723300 -8.732100 12.165600
v 6.086300 -8.708100 11.906100
v 6.335500 -8.812500 11.860500
v 6.000700 -8.794100 11.785200
v 6.249500 -8.910300 11.732100
v 6.492300 -9.035000 11.704500
v 6.575700 -8.931000 11.840600
v 6.783200 -9.072700 11.857700
v 6.853500 -8.969200 12.014800
v 6.703900 -9.180500 11.718700
v 6.917800 -8.872300 12.188900
v 6.484800 -9.527500 15.768400
v 6.564400 -9.404300 15.665100
v 6.357700 -9.203600 15.717700
v 6.438500 -9.083900 15.622400
v 6.511500 -8.966600 15.521700
v 6.631900 -9.287000 15.558200
v 6.215700 -8.883900 15.639900
v 6.299500 -8.769100 15.556300
v 6.062800 -8.595000 15.532200
v 6.150800 -8.492800 15.462300
v 6.228500 -8.391500 15.380200
v 6.376000 -8.655600 15.463800
v 6.442600 -8.542400 15.354600
v 6.580100 -8.849100 15.413900
v 6.284900 -8.288000 15.269400
v 6.693300 -9.172900 15.446300
v 5.632700 -9.049700 15.826800
v 5.768200 -8.928100 15.755500
v 5.910900 -9.243600 15.881700
v 5.771100 -9.369000 15.959900
v 5.879800 -8.811900 15.681400
v 6.027500 -9.120700 15.802900
v 6.158400 -9.455800 15.899200
v 6.033700 -9.584600 15.989400
v 5.887000 -9.713500 16.080700
v 5.975200 -8.701100 15.606100
v 6.127000 -9.000900 15.722100
v 6.265300 -9.328200 15.809300
v 6.387300 -9.659300 15.869400
v 6.271800 -9.794900 15.971600
v 6.138000 -9.929800 16.078500
v 5.983200 -10.062900 16.187900
v 5.158500 -10.595200 16.607600
v 5.388800 -10.458000 16.507300
v 5.093700 -10.237500 16.445700
v 5.311300 -10.103000 16.356600
v 5.520200 -9.970900 16.266400
v 5.605500 -10.324000 16.404900
v 5.007700 -9.890700 16.273100
v 5.211100 -9.757300 16.194800
v 4.897700 -9.571900 16.097900
v 5.085100 -9.438900 16.027100
v 5.278600 -9.307000 15.959400
v 5.412300 -9.625500 16.116900
v 5.602000 -9.496200 16.038400
v 5.714000 -9.841700 16.173700
v 5.465300 -9.176600 15.893700
v 5.804700 -10.193300 16.297600
v 4.207300 -9.978600 16.315200
v 4.390900 -9.910700 16.284900
v 4.411900 -10.252200 16.482500
v 4.200300 -10.334700 16.522000
v 4.564900 -9.824400 16.239900
v 4.615200 -10.149400 16.425700
v 4.648700 -10.505600 16.617800
v 4.416400 -10.624000 16.687700
v 4.177300 -10.717900 16.736000
v 4.729100 -9.706000 16.173200
v 4.811400 -10.025200 16.353000
v 4.873700 -10.374300 16.535000
v 4.918600 -10.735300 16.708600
v 4.668400 -10.875800 16.805300
v 4.407100 -11.014100 16.892600
v 4.141500 -11.118900 16.950800
v 3.119000 -11.241600 16.853900
v 3.360600 -11.214100 16.908400
v 3.213100 -10.834400 16.654100
v 3.444000 -10.830400 16.711100
v 3.685900 -10.809100 16.745100
v 3.617800 -11.176100 16.940500
v 3.314500 -10.436100 16.451100
v 3.531600 -10.447000 16.507400
v 3.420800 -10.054400 16.250300
v 3.619200 -10.079700 16.307500
v 3.817000 -10.082000 16.339700
v 3.754300 -10.437300 16.540000
v 3.979200 -10.398100 16.543000
v 3.932100 -10.775600 16.754300
v 4.014500 -10.042000 16.337900
v 3.878200 -11.158600 16.960800
v 2.659100 -9.930800 15.886000
v 2.836900 -9.963100 15.992400
v 2.727000 -10.350500 16.180900
v 2.559000 -10.316900 16.064900
v 3.025300 -9.994800 16.090700
v 2.909800 -10.383400 16.286400
v 2.804600 -10.785700 16.479200
v 2.627200 -10.753700 16.366500
v 2.468200 -10.722200 16.241500
v 3.221400 -10.025700 16.177300
v 3.106500 -10.413500 16.376900
v 2.999900 -10.816000 16.576000
v 2.905500 -11.227300 16.766400
v 2.715300 -11.193400 16.656900
v 2.543400 -11.162000 16.536400
v 2.390700 -11.132700 16.405000
v 1.989800 -11.068100 15.825200
v 2.062100 -11.071000 15.965100
v 2.022900 -10.657500 15.706900
v 2.108000 -10.658800 15.833900
v 2.207500 -10.671000 15.970400
v 2.147500 -11.082700 16.115000
v 2.050700 -10.244100 15.587000
v 2.153100 -10.244600 15.698900
v 2.092500 -9.859300 15.459600
v 2.210400 -9.855900 15.556700
v 2.345200 -9.870800 15.663500
v 2.271400 -10.259400 15.819500
v 2.406900 -10.285000 15.943000
v 2.327900 -10.693400 16.107800
v 2.495000 -9.897900 15.774800
v 2.257900 -11.104800 16.263100
v 1.771500 -9.940500 15.093000
v 1.837300 -9.931000 15.203600
v 1.818000 -10.304300 15.291600
v 1.763300 -10.323200 15.168600
v 1.909500 -9.918200 15.296600
v 1.886400 -10.285500 15.395400
v 1.878700 -10.686000 15.493300
v 1.824300 -10.708200 15.378400
v 1.789800 -10.733600 15.243100
v 1.993400 -9.887200 15.377500
v 1.962900 -10.261600 15.489900
v 1.945700 -10.667800 15.598100
v 1.918800 -11.072200 15.706900
v 1.861200 -11.085400 15.592800
v 1.828900 -11.109500 15.465100
v 1.815400 -11.138000 15.317200
v 1.833600 -11.225600 14.558700
v 1.825500 -11.207400 14.754700
v 1.826000 -10.829200 14.517600
v 1.805600 -10.808900 14.704700
v 1.792000 -10.787800 14.893200
v 1.819400 -11.187600 14.951400
v 1.746900 -10.403700 14.485800
v 1.720300 -10.386200 14.666600
v 1.690800 -9.989100 14.471000
v 1.662100 -9.984200 14.643100
v 1.664100 -9.980600 14.808200
v 1.713500 -10.370300 14.845900
v 1.728100 -10.347200 15.016700
v 1.782900 -10.761400 15.077000
v 1.707200 -9.961500 14.959700
v 1.814200 -11.164200 15.142400
v 1.874500 -10.098800 13.784300
v 1.834800 -10.072900 13.953300
v 1.883000 -10.491900 13.972400
v 1.924000 -10.516400 13.810300
v 1.793700 -10.043500 14.125600
v 1.841200 -10.463400 14.139600
v 1.889300 -10.878500 14.164700
v 1.923600 -10.902300 13.996200
v 1.960600 -10.923200 13.833400
v 1.740200 -10.012200 14.298400
v 1.791500 -10.431700 14.310400
v 1.855300 -10.853300 14.338100
v 1.844800 -11.244100 14.369700
v 1.859100 -11.262400 14.186300
v 1.876600 -11.280300 14.007100
v 1.900400 -11.296900 13.833200
v 2.017100 -11.360300 13.152300
v 1.991100 -11.341800 13.327100
v 2.120000 -10.992700 13.207300
v 2.083900 -10.971900 13.368000
v 2.045100 -10.955400 13.523300
v 1.966900 -11.326100 13.498900
v 2.121400 -10.603400 13.202300
v 2.071800 -10.574900 13.353800
v 2.090600 -10.206600 13.163600
v 2.034700 -10.167300 13.312200
v 1.979100 -10.140600 13.464900
v 2.021400 -10.553900 13.503400
v 1.971100 -10.535700 13.654800
v 2.002500 -10.940000 13.677200
v 1.924200 -10.119500 13.621900
v 1.933500 -11.311700 13.665700
v 2.363700 -10.359100 12.604700
v 2.283100 -10.345000 12.740700
v 2.278500 -10.714600 12.723300
v 2.345400 -10.735300 12.562900
v 2.208800 -10.319800 12.878100
v 2.220400 -10.685700 12.885600
v 2.192500 -11.051700 12.861800
v 2.239800 -11.079600 12.683600
v 2.301100 -11.103000 12.509400
v 2.146600 -10.265600 13.019000
v 2.169500 -10.644500 13.045800
v 2.154400 -11.021000 13.037400
v 2.055500 -11.383100 12.976400
v 2.107300 -11.408400 12.801400
v 2.173300 -11.434400 12.629300
v 2.256400 -11.458700 12.464600
v 2.733200 -11.493400 11.904000
v 2.602100 -11.499200 12.032600
v 2.686700 -11.111600 11.904800
v 2.576800 -11.125300 12.043500
v 2.474400 -11.128800 12.190400
v 2.476800 -11.493700 12.168700
v 2.696600 -10.714400 11.989000
v 2.599600 -10.740600 12.121900
v 2.705200 -10.309500 12.105500
v 2.613900 -10.353900 12.220000
v 2.527400 -10.385000 12.337700
v 2.508300 -10.756300 12.260600
v 2.422800 -10.751900 12.408100
v 2.380900 -11.120400 12.345300
v 2.444600 -10.379600 12.468100
v 2.359600 -11.479300 12.311900
v 3.130200 -10.206300 11.601900
v 3.013500 -10.225400 11.729800
v 3.021900 -10.632200 11.608000
v 3.143700 -10.604400 11.488300
v 2.905100 -10.247600 11.858700
v 2.907800 -10.660000 11.732200
v 2.924100 -11.060500 11.650500
v 3.051100 -11.026800 11.533800
v 3.185500 -10.990200 11.424700
v 2.802300 -10.274800 11.984500
v 2.799400 -10.687400 11.859200
v 2.802500 -11.089400 11.774000
v 2.867500 -11.473800 11.783500
v 3.005300 -11.443000 11.670900
v 3.146400 -11.403500 11.565800
v 3.292900 -11.357800 11.470000
v 3.952400 -11.086500 11.183200
v 3.776500 -11.177400 11.243500
v 3.817600 -10.770900 11.090000
v 3.645000 -10.849000 11.156500
v 3.481800 -10.907500 11.234400
v 3.607600 -11.249700 11.309600
v 3.732200 -10.437900 11.102100
v 3.570000 -10.500000 11.179300
v 3.691000 -10.097000 11.172800
v 3.539700 -10.138400 11.261100
v 3.394600 -10.167400 11.364500
v 3.417500 -10.544400 11.271000
v 3.275400 -10.577200 11.375000
v 3.328800 -10.952500 11.324400
v 3.257600 -10.188600 11.479100
v 3.446500 -11.308200 11.384800
v 4.301100 -9.759800 11.044200
v 4.156600 -9.857900 11.045300
v 4.245300 -10.135900 10.978900
v 4.403700 -10.031600 10.971900
v 4.002700 -9.960400 11.059800
v 4.076100 -10.249300 11.000100
v 4.181500 -10.549000 10.992200
v 4.359900 -10.428000 10.967500
v 4.527200 -10.319300 10.958900
v 3.846400 -10.038900 11.104000
v 3.903000 -10.352200 11.041800
v 3.998600 -10.667100 11.034100
v 4.134800 -10.972100 11.125500
v 4.318400 -10.846300 11.078200
v 4.498100 -10.721200 11.049500
v 4.667400 -10.609800 11.040000
v 5.220000 -10.336600 11.103800
v 5.092000 -10.398500 11.087900
v 5.059800 -10.060800 11.023100
v 4.938100 -10.117900 11.001800
v 4.812200 -10.174300 10.981000
v 4.960200 -10.458000 11.069900
v 4.895200 -9.782900 11.014200
v 4.784400 -9.840400 10.998300
v 4.735700 -9.521800 11.068200
v 4.639600 -9.583800 11.055000
v 4.541500 -9.641800 11.040500
v 4.670100 -9.896600 10.981500
v 4.544200 -9.956100 10.972700
v 4.676600 -10.238100 10.965000
v 4.429100 -9.694100 11.039800
v 4.820000 -10.525300 11.050400
v 5.202200 -9.323300 11.177200
v 5.077600 -9.357900 11.119400
v 5.253000 -9.602600 11.079900
v 5.379000 -9.549700 11.135000
v 4.956900 -9.399900 11.073600
v 5.130200 -9.657400 11.035700
v 5.307200 -9.923900 11.061100
v 5.433700 -9.851200 11.092800
v 5.562900 -9.776800 11.131200
v 4.842200 -9.457500 11.065500
v 5.010700 -9.719800 11.020200
v 5.182700 -9.994900 11.040400
v 5.348500 -10.262300 11.117300
v 5.478000 -10.179000 11.131400
v 5.608900 -10.090100 11.148700
v 5.742200 -9.998200 11.170900
v 6.277200 -9.615900 11.347800
v 6.148800 -9.716000 11.287700
v 6.079100 -9.441800 11.334300
v 5.956400 -9.533700 11.272100
v 5.827900 -9.620000 11.218200
v 6.015200 -9.812100 11.237800
v 5.860200 -9.274200 11.364200
v 5.750400 -9.355700 11.294800
v 5.637700 -9.101400 11.408600
v 5.546500 -9.176500 11.332000
v 5.446600 -9.241900 11.267300
v 5.633500 -9.429800 11.233700
v 5.507700 -9.493300 11.183300
v 5.695500 -9.700400 11.172100
v 5.328500 -9.287800 11.221100
v 5.878700 -9.905800 11.199700
v 5.912400 -8.874400 11.676900
v 6.159100 -9.006000 11.621000
v 5.822000 -8.951200 11.579300
v 6.064200 -9.098900 11.524400
v 6.301300 -9.243300 11.488500
v 6.400800 -9.139600 11.587700
v 5.730000 -9.026600 11.490500
v 5.964700 -9.188500 11.439800
v 6.194100 -9.344500 11.405200
v 6.398200 -9.509900 11.416300
v 6.510500 -9.400600 11.498400
v 6.612700 -9.290300 11.599100
v 5.902900 -8.363800 15.392000
v 5.995900 -8.288200 15.335900
v 5.747300 -8.174200 15.222100
v 5.858000 -8.130000 15.184700
v 5.953700 -8.119500 15.171400
v 6.071900 -8.212000 15.266500
v 5.607000 -8.010100 15.025400
v 5.760200 -7.992900 15.016400
v 5.459400 -7.856100 14.775900
v 5.712600 -7.882400 14.840300
v 5.929000 -7.933900 14.918700
v 5.932800 -8.027500 15.062400
v 6.111300 -8.121100 15.159400
v 6.138200 -8.028900 15.025500
v 3.529600 -9.696800 16.057300
v 3.702800 -9.744100 16.121500
v 3.658500 -9.364700 15.866700
v 3.806000 -9.453000 15.954200
v 3.897700 -9.552600 16.030100
v 3.868000 -9.764800 16.158700
v 3.824900 -9.059700 15.672800
v 3.952500 -9.219200 15.810100
v 4.072000 -8.725000 15.448600
v 4.127000 -9.086900 15.731700
v 4.166500 -9.365000 15.931500
v 4.017800 -9.447000 15.975200
v 4.032900 -9.723200 16.149900
v 4.194600 -9.658800 16.122200
v 4.378200 -8.889500 15.617100
v 4.314200 -9.100300 15.761400
v 4.590200 -9.070300 15.767000
v 4.488400 -9.226900 15.864400
v 4.434600 -9.370000 15.954900
v 4.316400 -9.344500 15.930500
v 4.761000 -9.298100 15.928300
v 4.624100 -9.434300 16.006000
v 4.495300 -9.547600 16.071200
v 4.350500 -9.611400 16.102900
v 1.752200 -9.625400 14.481500
v 1.723100 -9.647600 14.637100
v 1.898800 -9.311900 14.521200
v 1.856900 -9.380900 14.662500
v 1.820800 -9.472700 14.758600
v 1.724000 -9.664000 14.778700
v 2.098800 -9.048100 14.594200
v 2.016900 -9.188500 14.733400
v 2.378000 -8.800600 14.714800
v 2.141100 -9.105600 14.841500
v 1.980000 -9.346100 14.933000
v 1.895200 -9.388700 14.834500
v 1.777400 -9.644200 14.904400
v 1.850200 -9.619600 15.015600
v 2.325500 -9.030400 14.975400
v 2.167400 -9.167400 14.978500
v 2.252700 -9.260600 15.159100
v 2.129300 -9.337200 15.123600
v 2.040700 -9.436900 15.117900
v 2.023300 -9.369300 15.034000
v 2.167400 -9.534200 15.318800
v 2.060100 -9.578100 15.256000
v 1.973300 -9.618400 15.194600
v 1.909500 -9.621600 15.113400
v 2.654500 -9.904600 12.203200
v 2.563300 -9.974500 12.290500
v 2.603500 -9.528700 12.340800
v 2.498900 -9.643100 12.387500
v 2.447300 -9.775100 12.419800
v 2.480500 -10.024100 12.379600
v 2.610800 -9.210500 12.576900
v 2.472000 -9.400500 12.565500
v 2.635200 -8.900700 12.927600
v 2.423000 -9.292900 12.746400
v 2.323900 -9.614800 12.644400
v 2.387200 -9.672800 12.514800
v 2.405400 -10.009500 12.493000
v 2.330300 -9.977900 12.614500
v 2.353900 -9.172800 13.019600
v 2.292200 -9.366900 12.852600
v 2.173900 -9.462400 13.067700
v 2.166200 -9.581600 12.917500
v 2.179900 -9.722100 12.830400
v 2.231000 -9.640000 12.745400
v 2.097100 -9.816700 13.117200
v 2.131600 -9.896200 12.974600
v 2.175400 -9.963200 12.844500
v 2.247600 -9.976400 12.728100
v 4.590500 -9.296300 11.176500
v 4.512600 -9.366200 11.149400
v 4.447000 -9.112200 11.327300
v 4.390200 -9.202600 11.266200
v 4.366800 -9.296400 11.210800
v 4.434500 -9.427000 11.126900
v 4.292400 -8.975700 11.509000
v 4.259000 -9.108200 11.389800
v 4.073700 -8.867300 11.735300
v 4.120200 -9.112900 11.452200
v 4.165400 -9.301800 11.273200
v 4.277700 -9.272700 11.249100
v 4.337300 -9.467100 11.132200
v 4.223700 -9.517000 11.140900
v 3.870600 -9.152600 11.537500
v 3.975200 -9.246600 11.385200
v 3.742900 -9.437100 11.369900
v 3.864200 -9.468600 11.267200
v 3.953000 -9.517200 11.205500
v 4.043000 -9.398200 11.238600
v 3.688800 -9.757600 11.255200
v 3.827400 -9.738500 11.176300
v 3.961900 -9.694900 11.129100
v 4.096300 -9.607000 11.128600
v 6.273800 -8.005100 13.240500
v 6.233400 -8.090900 12.996700
v 6.022200 -7.949000 13.229600
v 5.981300 -8.033200 13.003300
v 5.931700 -8.122400 12.794100
v 6.184000 -8.181600 12.774800
v 5.782100 -7.894200 13.229600
v 5.742800 -7.970700 13.017500
v 5.550300 -7.852200 13.245100
v 5.514500 -7.919100 13.045800
v 5.473200 -7.981200 12.851100
v 5.696500 -8.047300 12.815900
v 5.649200 -8.112200 12.625600
v 5.877800 -8.207600 12.602700
v 5.433700 -8.025900 12.662000
v 5.400300 -8.056700 12.482900
v 5.603600 -8.166400 12.449500
v 5.821700 -8.287300 12.429800
v 6.127300 -8.273500 12.574600
v 6.064900 -8.364200 12.395400
v 6.325400 -7.770800 14.309700
v 6.334900 -7.797500 14.056300
v 6.066000 -7.739600 14.200800
v 6.074500 -7.766700 13.968800
v 6.066900 -7.818900 13.722300
v 6.323100 -7.859300 13.782300
v 5.819600 -7.715900 14.109900
v 5.827600 -7.736500 13.898300
v 5.580700 -7.702100 14.041400
v 5.586600 -7.715400 13.850000
v 5.584700 -7.745600 13.650900
v 5.823200 -7.776900 13.676700
v 5.808400 -7.829500 13.451600
v 6.050100 -7.878600 13.472600
v 5.573100 -7.792700 13.448100
v 6.303200 -7.928200 13.506400
v 5.501000 -7.772400 14.568200
v 5.725000 -7.804100 14.665700
v 5.544500 -7.727900 14.395200
v 5.764300 -7.752600 14.488600
v 5.993000 -7.799300 14.592700
v 5.953400 -7.858400 14.762700
v 5.568900 -7.705400 14.221400
v 5.797200 -7.722200 14.305000
v 6.034700 -7.755100 14.407100
v 6.281600 -7.807100 14.523800
v 6.224800 -7.876400 14.709100
v 6.176500 -7.948900 14.875800
v 5.468700 -8.776000 15.682600
v 5.604200 -8.659500 15.610900
v 5.291500 -8.537100 15.528900
v 5.429600 -8.429900 15.453200
v 5.545100 -8.334900 15.368000
v 5.715800 -8.552100 15.533900
v 5.113400 -8.322200 15.367100
v 5.255400 -8.231700 15.287900
v 4.947900 -8.141400 15.180900
v 5.092400 -8.072100 15.107300
v 5.216400 -8.013300 15.010300
v 5.377000 -8.154100 15.191500
v 5.486800 -8.072100 15.093900
v 5.647000 -8.246000 15.287100
v 5.324700 -7.939500 14.898800
v 5.812500 -8.452600 15.459500
v 4.359600 -8.513600 15.322300
v 4.542700 -8.723200 15.518800
v 4.582500 -8.375000 15.259900
v 4.750100 -8.581000 15.454800
v 4.935400 -8.796500 15.628600
v 4.748700 -8.929600 15.689500
v 4.778300 -8.246600 15.222200
v 4.942600 -8.443000 15.413500
v 5.121500 -8.662500 15.581200
v 5.300400 -8.902900 15.741300
v 5.115600 -9.034500 15.796700
v 4.930300 -9.165600 15.858800
v 4.589500 -7.755500 14.049200
v 4.872800 -7.725500 14.005300
v 4.960500 -7.725800 14.171600
v 4.834100 -7.757200 14.274500
v 5.108200 -7.709100 13.987600
v 5.145000 -7.708700 14.138200
v 5.195900 -7.717900 14.255400
v 5.106700 -7.734000 14.321700
v 5.023400 -7.768100 14.431100
v 5.343900 -7.700600 14.000200
v 5.349600 -7.701400 14.160300
v 5.339300 -7.716700 14.311000
v 5.290900 -7.749200 14.453800
v 5.222800 -7.796800 14.589900
v 2.764400 -9.577900 15.715200
v 2.950900 -9.602300 15.814000
v 2.872800 -9.256600 15.543200
v 3.065800 -9.269200 15.633700
v 3.268000 -9.285100 15.715600
v 3.145200 -9.627800 15.904500
v 2.982000 -8.965200 15.360300
v 3.178100 -8.964700 15.439700
v 3.082100 -8.689700 15.165500
v 3.277100 -8.677800 15.229300
v 3.496600 -8.673100 15.288500
v 3.391800 -8.969300 15.511900
v 3.622700 -8.988700 15.581500
v 3.472300 -9.312900 15.790200
v 3.744500 -8.680600 15.349300
v 3.340900 -9.658700 15.985300
v 2.591200 -8.733000 14.872300
v 2.481100 -8.972700 15.053600
v 2.746300 -8.718000 14.996300
v 2.639000 -8.960700 15.166900
v 2.534800 -9.226100 15.338700
v 2.387400 -9.228500 15.237500
v 2.907600 -8.703300 15.091000
v 2.804200 -8.961000 15.269300
v 2.696200 -9.238900 15.442700
v 2.592300 -9.550200 15.609600
v 2.434900 -9.528000 15.503800
v 2.292800 -9.520000 15.404100
v 1.896100 -9.692600 13.776400
v 1.859100 -9.668600 13.956700
v 1.991200 -9.316700 13.785400
v 1.951300 -9.293400 13.976400
v 1.925500 -9.277200 14.167000
v 1.826300 -9.645300 14.137500
v 2.162500 -8.989700 13.810200
v 2.106800 -8.961500 14.006200
v 2.379200 -8.707800 13.840900
v 2.307400 -8.681600 14.032700
v 2.271700 -8.671000 14.230800
v 2.077600 -8.947500 14.206100
v 2.097000 -8.972100 14.410300
v 1.914800 -9.280300 14.352300
v 2.313000 -8.702300 14.439700
v 1.788600 -9.627700 14.313700
v 2.610500 -8.467300 13.867500
v 2.535200 -8.462700 14.042800
v 2.842900 -8.270100 13.911700
v 2.755200 -8.297300 14.071700
v 2.668900 -8.343300 14.191800
v 2.496600 -8.462400 14.217000
v 3.062600 -8.118700 13.995300
v 2.932500 -8.178200 14.154900
v 3.280900 -8.005700 14.142100
v 3.048600 -8.121600 14.295200
v 2.841200 -8.264100 14.428800
v 2.755300 -8.290400 14.290500
v 2.540600 -8.470000 14.392600
v 2.631800 -8.480800 14.561000
v 2.576200 -8.788200 13.229800
v 2.338800 -9.073300 13.216300
v 2.510700 -8.745000 13.450600
v 2.283100 -9.030900 13.422500
v 2.099400 -9.356800 13.416500
v 2.147200 -9.393500 13.236700
v 2.445900 -8.723600 13.650600
v 2.222800 -9.007900 13.618000
v 2.044000 -9.334500 13.599100
v 1.946500 -9.712100 13.601900
v 2.001600 -9.734100 13.433200
v 2.052800 -9.765800 13.270900
v 3.272900 -8.061100 14.452700
v 3.085100 -8.143600 14.495700
v 3.226600 -8.190500 14.724000
v 3.061600 -8.251400 14.714300
v 2.940100 -8.331400 14.713400
v 2.902900 -8.280900 14.585400
v 3.163300 -8.415700 14.957500
v 2.997900 -8.452400 14.909400
v 2.855400 -8.484700 14.834900
v 2.735000 -8.489900 14.713600
v 3.107600 -9.801700 11.707000
v 2.981000 -9.812300 11.840700
v 3.114000 -9.420500 11.840600
v 2.973600 -9.422700 11.978900
v 2.843100 -9.434700 12.116400
v 2.864300 -9.829400 11.972800
v 3.187400 -9.092500 12.039600
v 3.040900 -9.086400 12.183000
v 3.297400 -8.817000 12.255600
v 3.154100 -8.801800 12.402300
v 3.010300 -8.799700 12.560200
v 2.899400 -9.092600 12.331700
v 2.754600 -9.120900 12.481000
v 2.719000 -9.464600 12.243700
v 2.855900 -8.819800 12.729700
v 2.755200 -9.858200 12.095500
v 3.816400 -8.855600 11.883500
v 3.706500 -9.116900 11.664400
v 3.621000 -8.851300 11.995500
v 3.519700 -9.109500 11.781900
v 3.429200 -9.421100 11.589100
v 3.592700 -9.424000 11.476400
v 3.450500 -8.835900 12.119700
v 3.346800 -9.100800 11.906500
v 3.267800 -9.419900 11.710600
v 3.246500 -9.792700 11.579600
v 3.393000 -9.783400 11.460300
v 3.542200 -9.772200 11.351000
v 5.044000 -9.104000 11.252700
v 4.918000 -9.130900 11.221000
v 4.911800 -8.899500 11.372000
v 4.777500 -8.924900 11.375500
v 4.652300 -8.972200 11.368700
v 4.797600 -9.171400 11.193200
v 4.812900 -8.717500 11.545600
v 4.659200 -8.742900 11.573800
v 4.726400 -8.526600 11.780100
v 4.543800 -8.587300 11.796300
v 4.403300 -8.655600 11.792200
v 4.521200 -8.802500 11.574200
v 4.389400 -8.877000 11.561600
v 4.538300 -9.035000 11.357100
v 4.259600 -8.732300 11.784800
v 4.686900 -9.228900 11.184700
v 5.428700 -8.911600 11.438400
v 5.360500 -8.990600 11.360300
v 5.218900 -8.739500 11.491000
v 5.179800 -8.834800 11.400900
v 5.170600 -8.928100 11.346100
v 5.282100 -9.056800 11.302100
v 4.994000 -8.619800 11.604000
v 4.991900 -8.746000 11.475300
v 5.052900 -8.902500 11.353000
v 5.171000 -9.087000 11.272900
v 5.065300 -8.526300 11.702900
v 4.844700 -8.410600 11.874300
v 5.292000 -8.667300 11.586300
v 5.382600 -8.613400 11.687600
v 5.171000 -8.457300 11.786700
v 4.966300 -8.327500 11.932700
v 5.509600 -8.843500 11.527400
v 5.597200 -8.783700 11.626100
v 5.685500 -8.730000 11.733400
v 5.474600 -8.573300 11.796000
v 5.771400 -8.674300 11.847500
v 5.561800 -8.534300 11.908000
v 5.276200 -8.404700 11.870100
v 5.086100 -8.259900 11.982800
v 5.372700 -8.357600 11.955700
v 5.194500 -8.201600 12.033800
v 3.956200 -8.113900 12.829100
v 3.718700 -8.260400 12.715500
v 3.797500 -8.351700 12.523000
v 3.957100 -8.293600 12.521900
v 3.549900 -8.411000 12.593000
v 3.654300 -8.466400 12.441800
v 3.727500 -8.528500 12.317100
v 3.842400 -8.479300 12.317100
v 3.984000 -8.444000 12.289300
v 3.413900 -8.593200 12.439900
v 3.545800 -8.626200 12.302800
v 3.689800 -8.649100 12.186600
v 3.855200 -8.645200 12.102500
v 4.021600 -8.619800 12.046200
v 5.376900 -8.077200 12.318500
v 5.562300 -8.210700 12.290200
v 5.343900 -8.102000 12.184100
v 5.515200 -8.254000 12.153800
v 5.705000 -8.425100 12.140500
v 5.765100 -8.359600 12.276400
v 5.281800 -8.146200 12.095000
v 5.452200 -8.305200 12.046300
v 5.637900 -8.484100 12.020300
v 5.851500 -8.608500 11.966500
v 5.926800 -8.533900 12.094700
v 5.997900 -8.451700 12.236600
v 4.689800 -7.992400 12.765100
v 4.846200 -7.996000 12.713000
v 4.844400 -7.954700 12.885900
v 4.678600 -7.939500 12.953800
v 5.014100 -8.004200 12.646000
v 5.025400 -7.972200 12.811400
v 5.053900 -7.931900 12.982500
v 4.870600 -7.910400 13.053100
v 4.707900 -7.888500 13.125300
v 5.201300 -8.013500 12.558900
v 5.223900 -7.987600 12.730300
v 5.256900 -7.949200 12.910900
v 5.293300 -7.894300 13.094900
v 5.089400 -7.881300 13.152300
v 5.323800 -7.834300 13.280700
v 5.116600 -7.828200 13.320900
v 4.913000 -7.865200 13.205400
v 4.765900 -7.846200 13.268300
v 4.942600 -7.821900 13.350000
v 4.825200 -7.820200 13.361200
v 5.196200 -8.031100 12.402000
v 5.029800 -8.030200 12.493000
v 5.058900 -8.046800 12.382800
v 5.177500 -8.050500 12.281000
v 4.887300 -8.031800 12.543400
v 4.753000 -8.040200 12.570600
v 4.863900 -8.083700 12.375500
v 4.974500 -8.060900 12.377800
v 5.114300 -8.081900 12.217000
v 5.018000 -8.123900 12.185100
v 4.808300 -8.004800 14.953700
v 4.951500 -7.958500 14.904100
v 4.699900 -7.901300 14.693400
v 4.849600 -7.875400 14.686100
v 4.963800 -7.867500 14.696000
v 5.068000 -7.916100 14.830400
v 4.628000 -7.819500 14.407800
v 4.803800 -7.807700 14.461100
v 4.978200 -7.816300 14.570800
v 5.153500 -7.857300 14.720500
v 4.354300 -7.784500 13.736400
v 4.459700 -7.790900 13.603500
v 4.645000 -7.757000 13.771200
v 4.191000 -7.842600 13.460700
v 4.315000 -7.848200 13.368500
v 4.438800 -7.856500 13.282100
v 4.551600 -7.805100 13.466100
v 4.706600 -7.772100 13.596300
v 4.062000 -7.946600 13.177500
v 4.217300 -7.941100 13.112800
v 4.200800 -8.045100 12.850900
v 4.377800 -8.013500 12.837300
v 4.375700 -7.930800 13.068200
v 4.526000 -7.930900 13.014900
v 4.566900 -7.870200 13.201300
v 4.537200 -7.997100 12.807600
v 4.649600 -7.824900 13.354800
v 4.771400 -7.795600 13.458100
v 5.344100 -7.711700 13.829100
v 5.102600 -7.719700 13.824500
v 5.112000 -7.742700 13.655800
v 5.344600 -7.737200 13.650300
v 4.864400 -7.734000 13.825100
v 4.896400 -7.752800 13.648700
v 4.929700 -7.783200 13.494000
v 5.120400 -7.780500 13.488300
v 5.339400 -7.780000 13.466700
v 4.523600 -8.388500 12.057700
v 4.411700 -8.460400 12.023400
v 4.347400 -8.288000 12.306300
v 4.267400 -8.364900 12.235800
v 4.226500 -8.437500 12.158800
v 4.297300 -8.524500 12.005200
v 4.170500 -8.203200 12.544600
v 4.114800 -8.303700 12.414100
v 4.118600 -8.430800 12.229000
v 4.168100 -8.578600 12.013300
v 4.299600 -8.135200 12.596900
v 4.464200 -8.220700 12.347000
v 4.599700 -8.163800 12.366700
v 4.460300 -8.090400 12.602200
v 4.645100 -8.310600 12.097600
v 4.772100 -8.236300 12.134800
v 4.900100 -8.174700 12.160900
v 4.735900 -8.118000 12.374000
v 4.611100 -8.059200 12.591800
v 4.022800 -8.351800 15.104200
v 4.246700 -8.268100 15.075700
v 3.985200 -8.100500 14.815200
v 4.173000 -8.045100 14.799000
v 4.356400 -7.984700 14.765200
v 4.455500 -8.165000 15.028200
v 3.949300 -7.938100 14.529700
v 4.107600 -7.902700 14.512200
v 3.903900 -7.850900 14.260800
v 4.036500 -7.828700 14.231700
v 4.184300 -7.807300 14.183400
v 4.272800 -7.867500 14.476100
v 4.448700 -7.839600 14.427000
v 4.533800 -7.937200 14.724900
v 4.353800 -7.788000 14.122100
v 4.642800 -8.075500 14.991300
v 3.838200 -7.825100 14.021800
v 3.945600 -7.810700 13.974200
v 3.745900 -7.846800 13.812500
v 3.833600 -7.839100 13.741000
v 3.939600 -7.834800 13.655300
v 4.070700 -7.798200 13.909700
v 3.620900 -7.901900 13.632800
v 3.698700 -7.904000 13.533400
v 3.469200 -7.994800 13.478600
v 3.545800 -8.006300 13.352700
v 3.647000 -8.025000 13.215200
v 3.798800 -7.912100 13.420400
v 3.921200 -7.931600 13.290900
v 4.062300 -7.837100 13.559100
v 3.774700 -8.058100 13.058300
v 4.215800 -7.788200 13.834500
v 3.491900 -7.937400 14.197400
v 3.457500 -8.016700 14.464800
v 3.648700 -7.899900 14.243600
v 3.633200 -7.991500 14.499300
v 3.602900 -8.151000 14.775100
v 3.410200 -8.163600 14.746600
v 3.780400 -7.872800 14.264800
v 3.794200 -7.966500 14.523200
v 3.794900 -8.132800 14.802600
v 3.790100 -8.383100 15.083900
v 3.562100 -8.389200 15.040500
v 3.352300 -8.397400 14.999800
v 3.565900 -7.900400 13.721600
v 3.415300 -7.983600 13.600800
v 3.678400 -7.855300 13.866600
v 3.621200 -7.871200 13.909400
v 3.530200 -7.901300 13.829700
v 3.375700 -7.976800 13.737900
v 3.745800 -7.840900 14.046800
v 3.644700 -7.865500 14.038600
v 3.510800 -7.906200 13.987000
v 3.342000 -7.978300 13.908900
v 2.895000 -8.550500 13.095800
v 2.808000 -8.521100 13.297300
v 3.104900 -8.312900 13.222800
v 3.028900 -8.289800 13.393400
v 2.966400 -8.269200 13.567700
v 2.740400 -8.487800 13.500300
v 3.296800 -8.129700 13.346200
v 3.233900 -8.112000 13.493000
v 3.183000 -8.099200 13.648700
v 3.136000 -8.096900 13.821400
v 2.908800 -8.261700 13.742100
v 2.676700 -8.472700 13.688500
v 3.604700 -8.203100 12.889700
v 3.482600 -8.168800 13.049800
v 3.314900 -8.344300 12.900600
v 3.433700 -8.371200 12.745600
v 3.379800 -8.146500 13.200200
v 3.202800 -8.328000 13.059000
v 3.016700 -8.553900 12.912300
v 3.153200 -8.552400 12.743600
v 3.284200 -8.567100 12.586500
v 9.527700 -1.975200 20.519600
v 9.433800 -2.673000 20.399500
v 9.465900 -1.994800 20.839700
v 9.384000 -2.692600 20.700100
v 9.278900 -3.417300 20.558100
v 9.316800 -3.398200 20.280400
v 9.387100 -2.019700 21.174700
v 9.320100 -2.719100 21.016800
v 9.288000 -2.051000 21.523900
v 9.238300 -2.753900 21.351500
v 9.165300 -3.482800 21.171800
v 9.230000 -3.444900 20.853800
v 9.117600 -4.162100 20.697100
v 9.153300 -4.133400 20.422600
v 9.068600 -4.202300 20.997600
v 9.180200 -4.114000 20.167300
v 8.555300 -2.401700 23.145100
v 8.577600 -3.153200 22.962900
v 8.817700 -2.982000 22.504700
v 8.811000 -2.250200 22.689000
v 8.577000 -3.919600 22.765300
v 8.802100 -3.734800 22.309000
v 8.963300 -3.611000 21.893800
v 8.997600 -2.868900 22.087700
v 9.009500 -2.151100 22.272100
v 8.547800 -4.663400 22.559100
v 8.759900 -4.470800 22.110600
v 8.903800 -4.339900 21.701300
v 9.002000 -4.255900 21.331300
v 9.080400 -3.532500 21.516600
v 9.134300 -2.798400 21.705900
v 9.165300 -2.089800 21.886700
v 6.887700 -3.473300 25.181600
v 6.921400 -4.334300 24.986700
v 7.422100 -4.012100 24.507000
v 7.385200 -3.175900 24.691500
v 6.925300 -5.160200 24.740600
v 7.430600 -4.826600 24.280400
v 7.883800 -4.492000 23.780500
v 7.873000 -3.692300 23.992400
v 7.835500 -2.884900 24.172300
v 6.894100 -5.925000 24.453500
v 7.403400 -5.590000 24.019700
v 7.860200 -5.250900 23.542900
v 8.244800 -4.932700 23.046300
v 8.268400 -4.180800 23.265600
v 8.260400 -3.398000 23.468300
v 8.227900 -2.620000 23.648200
v 4.505000 -4.504300 26.572300
v 4.528600 -5.411900 26.307200
v 5.189700 -5.175100 26.065500
v 5.163900 -4.274800 26.316300
v 4.529700 -6.251100 25.975700
v 5.188700 -6.012000 25.749400
v 5.806300 -5.751600 25.471500
v 5.807900 -4.916500 25.766200
v 5.780300 -4.025100 25.998100
v 4.512200 -7.007700 25.596900
v 5.163700 -6.768800 25.385800
v 5.775800 -6.511000 25.129700
v 6.352100 -6.230900 24.821200
v 6.384500 -5.468100 25.136500
v 6.384300 -4.636000 25.406500
v 6.353800 -3.757200 25.618500
v 1.787500 -5.112700 27.040700
v 1.786900 -6.041400 26.757200
v 2.417700 -5.949000 26.708700
v 2.411400 -5.023100 26.986700
v 1.787900 -6.896100 26.408700
v 2.420800 -6.801400 26.364900
v 3.113500 -6.658700 26.287200
v 3.109100 -5.809500 26.627500
v 3.095200 -4.887700 26.901200
v 1.790500 -7.668800 26.015800
v 2.421600 -7.570600 25.973900
v 3.110400 -7.424000 25.898400
v 3.817500 -7.231300 25.770300
v 3.827200 -6.471000 26.156200
v 3.823900 -5.626900 26.494100
v 3.804300 -4.711700 26.765200
v 3.703600 -12.164000 10.666400
v 3.790100 -12.226100 10.729100
v 3.809300 -12.110300 10.618400
v 3.903300 -12.174000 10.701600
v 3.987400 -12.249800 10.787400
v 3.868000 -12.298500 10.793000
v 3.933800 -12.032000 10.584900
v 4.038200 -12.102500 10.681900
v 4.081400 -11.939100 10.558100
v 4.196100 -12.018100 10.663700
v 4.298900 -12.116200 10.774400
v 4.131400 -12.189400 10.783300
v 4.204500 -12.289000 10.884300
v 4.052400 -12.331900 10.870400
v 4.381900 -12.230600 10.888300
v 3.927400 -12.372100 10.858800
v 4.663300 -12.251100 10.989400
v 4.732600 -12.329900 11.112800
v 4.878400 -12.140900 10.957700
v 4.945200 -12.215100 11.081500
v 4.993000 -12.264800 11.206700
v 4.784500 -12.380700 11.237000
v 5.081100 -12.029900 10.926600
v 5.148000 -12.103000 11.050300
v 5.269700 -11.921800 10.895100
v 5.337100 -11.995000 11.019600
v 5.385400 -12.046600 11.146300
v 5.195800 -12.154000 11.175700
v 5.225700 -12.181300 11.298400
v 5.022200 -12.290400 11.328200
v 5.415100 -12.074300 11.271700
v 4.812600 -12.403700 11.358800
v 5.442500 -11.820600 10.862300
v 5.508600 -11.892400 10.989500
v 5.603100 -11.718900 10.830500
v 5.666300 -11.788000 10.961700
v 5.707400 -11.831200 11.098200
v 5.554200 -11.940700 11.120800
v 5.755000 -11.609500 10.802000
v 5.814100 -11.674600 10.937500
v 5.904600 -11.490200 10.776400
v 5.959200 -11.550400 10.915300
v 5.990300 -11.583900 11.057300
v 5.850100 -11.712800 11.077400
v 5.868000 -11.729500 11.213200
v 5.731500 -11.854100 11.231900
v 6.001500 -11.593900 11.193900
v 5.582100 -11.967100 11.250400
v 6.058600 -11.358800 10.753200
v 6.108600 -11.413500 10.893700
v 6.217400 -11.217200 10.730300
v 6.262800 -11.266900 10.871900
v 6.286800 -11.293600 11.016000
v 6.135900 -11.443000 11.036600
v 6.381800 -11.067800 10.705500
v 6.421900 -11.113200 10.849600
v 6.550300 -10.909500 10.678000
v 6.584000 -10.952200 10.826500
v 6.600300 -10.980600 10.977500
v 6.442600 -11.139500 10.996100
v 6.441600 -11.141900 11.136100
v 6.289100 -11.295700 11.153500
v 6.595400 -10.986800 11.122000
v 6.142100 -11.447800 11.173400
v 6.721600 -10.741700 10.646900
v 6.746800 -10.783700 10.802700
v 6.895700 -10.565600 10.620200
v 6.909600 -10.608200 10.784700
v 6.910100 -10.647400 10.950400
v 6.756500 -10.816900 10.960700
v 7.072700 -10.382300 10.605500
v 7.071700 -10.426000 10.779100
v 7.252800 -10.192600 10.611600
v 7.234600 -10.239500 10.793400
v 7.209400 -10.291500 10.970600
v 7.060200 -10.471300 10.951700
v 7.033500 -10.505600 11.114500
v 6.892200 -10.671100 11.108100
v 7.173400 -10.336300 11.135800
v 6.745800 -10.830700 11.111600
v 7.436300 -9.997100 10.647000
v 7.399600 -10.051100 10.834700
v 7.614900 -9.792400 10.706500
v 7.555100 -9.854600 10.895400
v 7.500600 -9.920900 11.071600
v 7.360400 -10.110600 11.013200
v 7.780500 -9.575200 10.785100
v 7.689300 -9.643600 10.967600
v 7.941400 -9.356100 10.879200
v 7.819700 -9.437800 11.047600
v 7.732400 -9.513900 11.205200
v 7.617300 -9.714700 11.137900
v 7.577700 -9.793000 11.307500
v 7.452100 -9.986200 11.235200
v 7.705800 -9.594300 11.375500
v 7.315100 -10.165200 11.177000
v 8.106000 -9.145900 10.985300
v 7.964200 -9.256800 11.131800
v 8.255000 -8.948600 11.118000
v 8.095000 -9.106900 11.239900
v 7.987900 -9.215900 11.311400
v 7.867600 -9.340500 11.266500
v 8.368900 -8.768200 11.291600
v 8.184300 -8.994900 11.391700
v 8.009900 -9.200900 11.430300
v 7.850100 -9.398800 11.420700
v 3.179000 -12.352700 10.059700
v 3.180800 -12.361600 10.150600
v 3.269500 -12.216600 10.057700
v 3.267000 -12.238100 10.166400
v 3.248600 -12.283000 10.263500
v 3.168200 -12.397600 10.239600
v 3.385900 -12.061500 10.073900
v 3.372100 -12.110900 10.196300
v 3.551700 -11.882300 10.115100
v 3.487000 -12.009000 10.246600
v 3.432800 -12.098300 10.342400
v 3.338500 -12.178900 10.296800
v 3.298900 -12.237800 10.383500
v 3.221600 -12.331600 10.351300
v 3.378600 -12.164800 10.426300
v 3.150700 -12.438900 10.327800
v 4.833800 -11.515200 10.439400
v 4.961600 -11.618200 10.551000
v 4.772000 -11.727300 10.582600
v 4.643700 -11.629900 10.471000
v 5.078800 -11.725600 10.662600
v 4.889400 -11.832100 10.694900
v 4.689300 -11.933200 10.726400
v 4.573600 -11.830000 10.613000
v 4.447300 -11.738400 10.501400
v 5.182500 -11.829500 10.776700
v 4.993700 -11.936300 10.808800
v 4.792000 -12.041900 10.840300
v 4.582900 -12.144100 10.870200
v 4.488700 -12.029300 10.754200
v 4.378100 -11.927100 10.640400
v 4.256200 -11.841300 10.530300
v 5.503700 -11.020400 10.319900
v 5.612600 -11.153900 10.426900
v 5.447900 -11.266900 10.457500
v 5.332100 -11.140700 10.347400
v 5.723000 -11.286300 10.532900
v 5.562100 -11.394000 10.566500
v 5.405000 -11.501300 10.601400
v 5.289700 -11.383000 10.489200
v 5.169700 -11.267700 10.375400
v 5.823100 -11.400300 10.649200
v 5.667700 -11.512100 10.679800
v 5.512700 -11.618300 10.712800
v 5.353300 -11.723800 10.744900
v 5.247300 -11.613600 10.632400
v 5.130900 -11.501800 10.520200
v 5.006400 -11.393500 10.406800
v 6.365800 -10.697200 10.126600
v 6.402500 -10.750000 10.273700
v 6.189000 -10.848200 10.325000
v 6.131600 -10.763300 10.192200
v 6.451300 -10.806600 10.408400
v 6.257700 -10.934800 10.447200
v 6.070200 -11.054800 10.479400
v 5.982800 -10.941600 10.368000
v 5.904100 -10.828100 10.249800
v 6.503300 -10.860400 10.540900
v 6.324500 -11.008100 10.572700
v 6.150800 -11.146600 10.599800
v 5.983900 -11.277900 10.623900
v 5.892200 -11.172600 10.505900
v 5.790800 -11.044500 10.399500
v 5.694600 -10.915000 10.289800
v 7.335500 -10.167100 9.910300
v 7.309800 -10.156600 10.081400
v 7.067300 -10.341600 10.113700
v 7.075800 -10.347700 9.948800
v 7.285100 -10.151000 10.256100
v 7.063300 -10.339400 10.276900
v 6.850500 -10.508400 10.315400
v 6.835700 -10.497100 10.162200
v 6.828900 -10.489500 10.002400
v 7.267900 -10.163000 10.432600
v 7.067500 -10.353200 10.439400
v 6.873200 -10.531800 10.465900
v 6.685700 -10.701200 10.502500
v 6.647700 -10.664300 10.361800
v 6.616000 -10.633100 10.217500
v 6.595200 -10.606000 10.062500
v 8.429900 -8.981200 10.035400
v 8.323800 -9.061100 10.238000
v 8.076200 -9.382400 10.149700
v 8.163900 -9.338300 9.952700
v 8.200900 -9.156300 10.456800
v 7.977800 -9.438100 10.362400
v 7.747500 -9.698700 10.298200
v 7.819400 -9.672700 10.096700
v 7.885600 -9.655700 9.908300
v 8.071000 -9.258500 10.676400
v 7.877900 -9.504500 10.578800
v 7.679200 -9.739500 10.504500
v 7.473800 -9.958700 10.455000
v 7.514900 -9.936800 10.263000
v 7.562300 -9.932200 10.074900
v 7.607400 -9.934200 9.895400
v 8.665100 -8.256900 11.301800
v 8.754000 -7.988800 11.475100
v 8.858900 -7.932400 11.086200
v 8.930500 -7.681700 11.266100
v 8.968800 -7.471500 11.436100
v 8.817300 -7.735400 11.634700
v 9.049300 -7.589000 10.882500
v 9.105700 -7.351600 11.078500
v 9.242000 -7.185700 10.684300
v 9.257400 -7.007500 10.938300
v 9.254000 -6.885300 11.136600
v 9.120400 -7.184500 11.266600
v 9.116500 -7.047200 11.429900
v 8.979600 -7.298400 11.587500
v 9.238200 -6.783700 11.307700
v 9.192900 -6.692500 11.440600
v 9.075600 -6.932800 11.552700
v 8.945000 -7.160000 11.699100
v 8.846200 -7.528100 11.778200
v 8.823500 -7.365200 11.884500
v 8.671200 -8.583500 10.163300
v 8.553600 -8.708700 10.365800
v 8.885300 -8.152500 10.321800
v 8.757500 -8.331800 10.522000
v 8.598800 -8.542000 10.734200
v 8.412200 -8.854800 10.582700
v 9.069900 -7.695300 10.496700
v 8.928000 -7.937200 10.695600
v 8.748000 -8.226900 10.905500
v 8.559200 -8.508000 11.116800
v 8.427100 -8.753900 10.941100
v 8.259200 -9.006200 10.795700
v 3.475100 -12.224400 8.518300
v 3.457100 -12.158300 8.720100
v 3.325000 -12.390500 8.776400
v 3.350700 -12.455600 8.563800
v 3.446200 -12.094000 8.918900
v 3.309600 -12.327900 8.985300
v 3.161400 -12.560500 9.063300
v 3.181600 -12.618300 8.840300
v 3.215900 -12.681000 8.615200
v 3.438700 -12.031000 9.115600
v 3.302400 -12.265900 9.188400
v 3.436700 -11.971700 9.312600
v 3.303900 -12.203900 9.384100
v 3.162400 -12.443300 9.481200
v 3.154700 -12.505200 9.281200
v 2.999800 -12.742900 9.395700
v 3.003600 -12.782100 9.147000
v 3.016400 -12.685200 9.612200
v 3.021600 -12.829100 8.903700
v 3.054300 -12.885300 8.664200
v 3.442500 -11.918200 9.511900
v 3.314500 -12.141200 9.571100
v 3.461800 -11.880000 9.711200
v 3.335100 -12.088900 9.750000
v 3.216400 -12.291000 9.798900
v 3.185400 -12.365700 9.650800
v 3.500200 -11.866600 9.908100
v 3.366300 -12.058300 9.921400
v 3.248600 -12.237700 9.934900
v 3.153600 -12.392900 9.966000
v 3.111500 -12.472800 9.866600
v 3.059700 -12.582700 9.759000
v 3.456400 -12.120000 10.481200
v 3.526400 -12.054100 10.403400
v 3.620100 -12.043800 10.472700
v 3.535300 -12.105000 10.542500
v 3.603000 -11.961300 10.323600
v 3.705700 -11.843500 10.252600
v 3.838200 -11.849100 10.360900
v 3.717300 -11.956100 10.412300
v 3.827200 -11.981500 10.497200
v 3.714700 -12.064700 10.543200
v 3.962700 -11.881900 10.460000
v 3.618200 -12.121700 10.604200
v 3.907300 -11.229800 8.403200
v 3.890600 -11.180900 8.584700
v 3.793500 -11.453600 8.617500
v 3.816500 -11.513400 8.434600
v 3.888400 -11.141900 8.763700
v 3.782500 -11.401000 8.798400
v 3.680400 -11.641300 8.831700
v 3.697700 -11.704100 8.647500
v 3.725100 -11.771700 8.461800
v 3.900600 -11.113300 8.946000
v 3.782800 -11.356500 8.982900
v 3.928700 -11.095500 9.138400
v 3.796600 -11.321700 9.177100
v 3.673700 -11.536700 9.215300
v 3.671500 -11.584700 9.019200
v 3.559200 -11.806700 9.061400
v 3.569000 -11.868700 8.869800
v 3.556800 -11.751300 9.258400
v 3.583500 -11.934200 8.679400
v 3.605600 -12.002600 8.487000
v 3.974400 -11.088800 9.347600
v 3.825900 -11.298000 9.387200
v 4.046200 -11.102000 9.557100
v 3.880700 -11.293400 9.598000
v 3.728300 -11.482100 9.636400
v 3.689400 -11.500300 9.425100
v 4.152700 -11.143600 9.750400
v 3.971300 -11.315900 9.794300
v 4.281000 -11.203300 9.923500
v 4.088400 -11.358100 9.969000
v 3.902300 -11.514700 10.014900
v 3.800300 -11.488900 9.836900
v 3.644000 -11.674600 9.877400
v 3.590800 -11.677700 9.673700
v 3.729900 -11.686300 10.058800
v 3.564500 -11.705800 9.464900
v 4.418000 -11.270200 10.072600
v 4.222800 -11.412700 10.115100
v 4.558700 -11.344100 10.204300
v 4.365400 -11.476900 10.242000
v 4.173400 -11.604400 10.280300
v 4.031600 -11.553900 10.158600
v 4.698400 -11.424800 10.325200
v 4.506900 -11.547900 10.359000
v 4.313000 -11.664500 10.392500
v 4.128100 -11.776100 10.425600
v 3.993900 -11.730200 10.318400
v 3.853900 -11.702600 10.201000
v 5.144900 -10.501700 9.728600
v 5.235500 -10.666200 9.916600
v 5.005800 -10.798500 9.957600
v 4.884200 -10.684500 9.795300
v 5.320600 -10.789500 10.066700
v 5.113700 -10.913800 10.102700
v 4.924600 -11.057300 10.134400
v 4.800400 -10.958600 9.995100
v 4.671500 -10.862900 9.838300
v 5.408200 -10.903300 10.200500
v 5.221600 -11.025400 10.230900
v 5.047900 -11.159800 10.259100
v 4.876100 -11.294200 10.291300
v 4.742400 -11.202500 10.168300
v 4.607500 -11.117300 10.033000
v 4.472900 -11.037000 9.880500
v 5.478300 -10.472900 9.711000
v 5.501300 -10.591100 9.868400
v 5.774600 -10.469900 9.643700
v 5.786200 -10.563400 9.798500
v 5.812700 -10.651000 9.955300
v 5.556300 -10.702200 10.020100
v 6.066500 -10.500000 9.530800
v 6.073000 -10.573100 9.692600
v 6.341400 -10.514300 9.422400
v 6.346800 -10.573100 9.590400
v 6.346800 -10.615300 9.774900
v 6.081700 -10.635000 9.865100
v 6.098500 -10.695400 10.035300
v 5.849700 -10.735200 10.109000
v 6.350200 -10.654500 9.957000
v 5.618600 -10.805600 10.162000
v 4.706200 -8.814200 8.739300
v 4.703900 -9.051600 8.746500
v 4.601000 -9.051200 8.621700
v 4.605300 -8.799900 8.607200
v 4.682000 -9.319000 8.767200
v 4.576900 -9.328000 8.644300
v 4.491600 -9.325400 8.504000
v 4.514700 -9.047700 8.481700
v 4.519700 -8.787500 8.462400
v 4.633600 -9.611400 8.822600
v 4.522900 -9.627500 8.690800
v 4.562100 -9.955000 8.936600
v 4.435900 -9.939200 8.747900
v 4.362400 -9.926400 8.579900
v 4.440400 -9.619600 8.537900
v 4.380700 -9.615800 8.375400
v 4.426700 -9.326200 8.345200
v 4.313700 -9.920800 8.412000
v 4.291900 -9.929700 8.235600
v 4.349100 -9.625200 8.198100
v 4.391500 -9.340100 8.166000
v 4.447900 -9.050300 8.321700
v 4.451900 -8.785400 8.300500
v 4.413000 -9.067500 8.139700
v 4.415900 -8.801300 8.117200
v 4.229800 -10.243400 8.454900
v 4.226400 -10.260300 8.278400
v 4.259000 -10.242100 8.626500
v 4.139000 -10.556300 8.674800
v 4.128300 -10.569100 8.500300
v 4.141200 -10.597800 8.322800
v 4.312500 -10.252500 8.802200
v 4.386000 -10.290200 8.991300
v 4.226400 -10.578500 9.044300
v 4.171700 -10.557900 8.853600
v 4.032300 -10.846000 8.902300
v 4.011400 -10.858300 8.721500
v 4.073000 -10.847400 9.093700
v 4.008700 -10.883900 8.544600
v 4.025200 -10.922700 8.365100
v 4.649600 -10.139800 9.166200
v 4.475400 -10.370600 9.203400
v 4.766400 -10.273200 9.369500
v 4.589000 -10.473100 9.418200
v 4.405500 -10.687000 9.465200
v 4.303700 -10.622400 9.253900
v 4.923200 -10.391900 9.552900
v 4.735200 -10.576800 9.615500
v 4.533900 -10.769800 9.660800
v 4.340000 -10.960200 9.705800
v 4.222800 -10.898200 9.512200
v 4.135200 -10.862700 9.302600
v 7.336400 -10.055800 9.328800
v 7.355400 -10.114400 9.451100
v 7.082400 -10.287900 9.469800
v 7.067200 -10.232400 9.334200
v 7.364300 -10.154900 9.589000
v 7.089800 -10.328200 9.618600
v 6.833500 -10.454800 9.661300
v 6.830900 -10.416300 9.498300
v 6.821700 -10.364400 9.347400
v 7.355600 -10.169500 9.744100
v 7.085500 -10.345700 9.781000
v 6.830500 -10.477300 9.832400
v 6.589800 -10.581000 9.890200
v 6.591600 -10.552800 9.710200
v 6.592600 -10.516000 9.532100
v 6.586400 -10.463700 9.369100
v 8.557100 -8.770700 9.496900
v 8.571500 -8.828700 9.599200
v 8.287800 -9.234400 9.511500
v 8.277800 -9.179600 9.402600
v 8.558200 -8.878400 9.720400
v 8.274400 -9.275800 9.637400
v 7.967700 -9.621400 9.593800
v 7.974800 -9.584400 9.464700
v 7.963900 -9.531100 9.351400
v 8.509600 -8.924700 9.864400
v 8.231500 -9.306600 9.783200
v 7.936400 -9.641900 9.741100
v 7.641900 -9.932300 9.729400
v 7.660600 -9.916900 9.579200
v 7.658500 -9.878800 9.447000
v 7.642700 -9.822600 9.330700
v 5.326600 -9.493600 9.064600
v 5.359900 -9.650500 9.097700
v 5.177300 -9.722400 9.137700
v 5.135800 -9.562100 9.078900
v 5.407200 -9.790700 9.139500
v 5.243500 -9.861300 9.203300
v 5.088200 -9.966900 9.261600
v 5.002300 -9.827000 9.155000
v 4.953600 -9.658600 9.056700
v 5.465000 -9.913200 9.186000
v 5.333000 -9.980100 9.261400
v 5.517800 -9.997300 9.224500
v 5.454400 -10.068800 9.294700
v 5.369100 -10.175100 9.403700
v 5.209500 -10.085800 9.350100
v 5.077100 -10.225600 9.455800
v 4.931000 -10.104300 9.317100
v 5.269200 -10.311700 9.543900
v 4.825900 -9.962300 9.157300
v 4.771500 -9.781200 9.013200
v 5.638700 -10.008800 9.191400
v 5.616200 -10.117100 9.285900
v 5.815400 -10.021400 9.143200
v 5.811400 -10.144500 9.243400
v 5.798800 -10.259600 9.361000
v 5.569500 -10.226300 9.405500
v 6.021400 -10.034100 9.086200
v 6.032700 -10.170600 9.175300
v 6.247900 -10.037700 9.020400
v 6.269500 -10.183000 9.097800
v 6.295700 -10.313100 9.184300
v 6.044800 -10.295500 9.275600
v 6.056600 -10.406400 9.393000
v 5.782700 -10.368400 9.496100
v 6.322000 -10.425600 9.289800
v 5.512300 -10.348100 9.551900
v 6.207600 -9.344900 8.763500
v 6.219600 -9.530600 8.809200
v 5.992100 -9.568700 8.872100
v 5.979100 -9.395600 8.828800
v 6.227300 -9.710100 8.869700
v 6.002600 -9.733700 8.929800
v 5.789100 -9.745600 8.994800
v 5.771200 -9.591800 8.946000
v 5.753800 -9.428400 8.910800
v 6.235300 -9.879600 8.942300
v 6.011800 -9.888700 9.002800
v 5.806000 -9.888600 9.060500
v 5.623200 -9.889700 9.120300
v 5.589900 -9.758400 9.067400
v 5.559100 -9.613000 9.027500
v 5.534500 -9.455100 8.999000
v 7.245600 -9.659700 8.936200
v 7.268700 -9.796700 9.024500
v 7.004000 -9.982700 8.994000
v 6.982400 -9.842500 8.902400
v 7.291100 -9.902800 9.120700
v 7.026300 -10.088900 9.099000
v 6.781700 -10.220000 9.092100
v 6.756300 -10.109600 8.985100
v 6.732500 -9.966100 8.895400
v 7.314300 -9.987200 9.220400
v 7.047900 -10.169100 9.211500
v 6.804300 -10.302000 9.212500
v 6.566800 -10.389100 9.234100
v 6.539800 -10.291300 9.121900
v 6.511100 -10.169500 9.027000
v 6.486300 -10.023100 8.945800
v 7.104100 -8.842200 8.761500
v 7.152100 -9.061000 8.771300
v 6.918100 -9.232400 8.743000
v 6.886500 -9.013000 8.729200
v 7.190200 -9.278200 8.803400
v 6.942200 -9.451600 8.777500
v 6.699600 -9.579500 8.775500
v 6.684700 -9.366600 8.735300
v 6.663900 -9.153600 8.714500
v 7.220400 -9.482300 8.860400
v 6.962700 -9.660200 8.830500
v 6.714600 -9.784400 8.827200
v 6.470800 -9.851200 8.874100
v 6.460500 -9.662200 8.812300
v 6.451100 -9.464600 8.760500
v 6.436700 -9.264200 8.725700
v 8.334800 -8.414100 9.216800
v 8.411300 -8.521400 9.269500
v 8.158800 -8.918900 9.151200
v 8.095500 -8.797300 9.088500
v 8.473200 -8.615900 9.334700
v 8.210000 -9.021800 9.224600
v 7.908500 -9.374600 9.163000
v 7.868900 -9.268100 9.082700
v 7.821100 -9.137500 9.010800
v 8.523100 -8.699400 9.409600
v 8.250800 -9.108700 9.307700
v 7.941000 -9.461700 9.251700
v 7.620400 -9.753000 9.228200
v 7.593700 -9.666500 9.135100
v 7.564600 -9.559600 9.047300
v 7.531500 -9.424800 8.966200
v 9.232300 -6.927400 10.111000
v 9.276900 -6.978700 10.192000
v 9.149900 -7.414100 10.058600
v 9.106600 -7.356900 9.977100
v 9.297200 -7.035000 10.303300
v 9.166400 -7.478900 10.169000
v 8.997000 -7.951500 10.010800
v 8.988200 -7.884600 9.902100
v 8.950900 -7.824200 9.818100
v 9.286500 -7.099200 10.455700
v 9.144500 -7.557500 10.318100
v 8.963900 -8.033300 10.151100
v 8.753000 -8.494600 9.993400
v 8.796700 -8.427500 9.853100
v 8.800200 -8.367500 9.739100
v 8.774600 -8.307200 9.646600
v 9.441800 -5.723400 10.687800
v 9.450500 -5.728200 10.811000
v 9.446900 -6.014500 10.825400
v 9.444100 -6.015600 10.688600
v 9.447000 -5.727300 10.947800
v 9.438200 -6.003400 10.974000
v 9.412300 -6.289200 11.008500
v 9.425800 -6.321600 10.844700
v 9.429700 -6.337200 10.688700
v 9.422300 -5.719700 11.083600
v 9.410500 -5.982800 11.120100
v 9.371800 -5.705300 11.200800
v 9.356600 -5.953200 11.245800
v 9.327100 -6.201600 11.296200
v 9.382800 -6.249400 11.164500
v 9.326200 -6.517000 11.223200
v 9.351100 -6.585000 11.056600
v 9.274700 -6.448400 11.358100
v 9.363300 -6.658400 10.871400
v 9.370800 -6.704200 10.687500
v 9.547400 -4.664200 10.687900
v 9.545800 -4.682900 10.791000
v 9.510500 -4.933500 10.788400
v 9.508000 -4.917300 10.686100
v 9.524300 -4.702400 10.901500
v 9.496100 -4.949600 10.900000
v 9.472000 -5.201800 10.907700
v 9.479400 -5.189800 10.791300
v 9.472300 -5.176600 10.686300
v 9.477100 -4.720500 11.003800
v 9.457900 -4.963600 11.006100
v 9.413000 -4.736000 11.085600
v 9.401400 -4.974500 11.093000
v 9.390200 -5.215900 11.116200
v 9.441500 -5.210800 11.021000
v 9.431100 -5.462600 11.048700
v 9.457000 -5.460600 10.924600
v 9.381700 -5.459500 11.154900
v 9.460400 -5.454000 10.799200
v 9.450700 -5.444500 10.687000
v 9.634800 -3.664700 10.759200
v 9.622700 -3.690500 10.876600
v 9.616500 -3.942200 10.839600
v 9.623600 -3.917900 10.726000
v 9.578300 -3.722600 10.998400
v 9.580100 -3.971500 10.958600
v 9.572000 -4.216200 10.931000
v 9.602200 -4.189900 10.814900
v 9.606100 -4.167100 10.704900
v 9.497900 -3.757200 11.105000
v 9.508200 -4.001900 11.063900
v 9.399200 -3.792400 11.185400
v 9.417600 -4.031300 11.144200
v 9.425700 -4.266900 11.114900
v 9.508000 -4.242500 11.034600
v 9.495700 -4.481100 11.013900
v 9.551500 -4.458900 10.911800
v 9.422700 -4.501000 11.094100
v 9.577500 -4.435900 10.799300
v 9.580400 -4.415000 10.693200
v 9.605500 -2.503900 10.990000
v 9.597600 -2.539200 11.130200
v 9.613900 -2.865700 11.061700
v 9.631300 -2.833400 10.927800
v 9.534900 -2.584900 11.276800
v 9.547400 -2.907600 11.197800
v 9.557200 -3.198000 11.121100
v 9.619100 -3.160200 10.992800
v 9.641400 -3.130900 10.865400
v 9.391300 -2.637900 11.421400
v 9.416600 -2.956600 11.322700
v 9.264800 -3.024700 11.413900
v 9.328600 -3.294500 11.316700
v 9.451800 -3.241800 11.233300
v 9.479000 -3.506300 11.161100
v 9.569100 -3.467200 11.053600
v 9.371400 -3.548600 11.241700
v 9.622800 -3.432500 10.929400
v 9.641700 -3.405200 10.807400
v 9.505200 -0.809900 11.213000
v 9.520300 -0.853700 11.393500
v 9.508800 -1.325400 11.320000
v 9.494100 -1.283900 11.155100
v 9.511300 -0.909300 11.596000
v 9.493200 -1.378500 11.506900
v 9.497300 -1.815300 11.426100
v 9.524300 -1.765000 11.254100
v 9.513100 -1.725800 11.101100
v 9.473800 -0.971300 11.831200
v 9.435700 -1.437000 11.724500
v 9.412700 -1.870300 11.622000
v 9.394000 -2.273200 11.521000
v 9.514700 -2.219100 11.351100
v 9.560800 -2.171000 11.192600
v 9.558200 -2.133600 11.046900
v 9.359200 -5.670600 10.418300
v 9.390900 -5.686000 10.462300
v 9.402700 -5.967500 10.414900
v 9.367800 -5.943500 10.357100
v 9.413000 -5.700700 10.519500
v 9.424100 -5.989300 10.488300
v 9.423500 -6.300100 10.445100
v 9.402500 -6.268200 10.354300
v 9.363600 -6.234100 10.282900
v 9.429600 -5.713700 10.592700
v 9.437200 -6.006200 10.577900
v 9.430800 -6.326500 10.556100
v 9.381200 -6.689800 10.525200
v 9.382100 -6.645400 10.389400
v 9.360800 -6.601000 10.285200
v 9.318200 -6.557600 10.207000
v 9.430700 -4.621100 10.478400
v 9.474300 -4.627000 10.504900
v 9.444400 -4.881400 10.507700
v 9.407500 -4.874400 10.479400
v 9.510100 -4.636200 10.547600
v 9.473900 -4.891000 10.549800
v 9.440300 -5.152800 10.549100
v 9.416000 -5.142900 10.505600
v 9.384400 -5.134700 10.474000
v 9.535000 -4.648600 10.607600
v 9.495400 -4.903000 10.607900
v 9.459200 -5.164100 10.607500
v 9.437100 -5.433700 10.602500
v 9.419200 -5.422300 10.539400
v 9.396700 -5.411100 10.491500
v 9.366600 -5.400600 10.455500
v 9.459300 -3.643300 10.511200
v 9.523600 -3.640300 10.545300
v 9.521800 -3.891300 10.524300
v 9.462800 -3.892600 10.493700
v 9.579500 -3.641600 10.595100
v 9.572300 -3.894100 10.570800
v 9.560100 -4.141500 10.555100
v 9.514500 -4.136500 10.510000
v 9.460200 -4.135400 10.481500
v 9.618500 -3.649100 10.665900
v 9.607500 -3.902400 10.637200
v 9.591400 -4.151400 10.619200
v 9.567100 -4.399100 10.610300
v 9.539100 -4.387600 10.548300
v 9.498200 -4.380200 10.504600
v 9.448900 -4.376500 10.477700
v 9.386900 -2.475200 10.583400
v 9.468700 -2.469600 10.661000
v 9.500200 -2.800000 10.629700
v 9.419200 -2.803700 10.566800
v 9.537700 -2.471300 10.754100
v 9.569600 -2.802500 10.709500
v 9.584300 -3.103100 10.666300
v 9.517100 -3.101000 10.599300
v 9.439400 -3.104200 10.549800
v 9.584400 -2.482000 10.864200
v 9.614900 -2.813000 10.809600
v 9.627800 -3.112400 10.755700
v 9.627100 -3.388500 10.706600
v 9.585500 -3.380400 10.627500
v 9.523500 -3.379000 10.570800
v 9.452200 -3.382300 10.530600
v 9.241100 -0.790700 10.620400
v 9.338000 -0.775100 10.745600
v 9.340500 -1.257600 10.736100
v 9.253500 -1.274500 10.621500
v 9.414700 -0.772200 10.887800
v 9.409700 -1.252400 10.864200
v 9.434900 -1.695900 10.835400
v 9.369700 -1.699900 10.719500
v 9.288600 -1.714100 10.616200
v 9.470200 -0.783300 11.044000
v 9.461000 -1.260300 11.003500
v 9.483000 -1.703600 10.962100
v 9.532300 -2.111500 10.915300
v 9.485200 -2.102300 10.797400
v 9.418800 -2.103400 10.692800
v 9.338200 -2.113200 10.601700
v 0.386600 -5.147800 27.136100
v 0.391400 -4.137600 27.338300
v 0.799000 -5.157000 27.113400
v 0.806900 -4.151300 27.316000
v 0.816800 -3.111200 27.443600
v 0.397400 -3.092000 27.465000
v 1.258000 -5.151400 27.082300
v 1.265500 -4.151000 27.283400
v 1.789400 -4.118000 27.238600
v 1.791500 -3.092500 27.361700
v 1.274800 -3.117900 27.409800
v 1.284300 -2.087900 27.475500
v 0.827300 -2.073300 27.513200
v 1.792400 -2.071600 27.420800
v 1.792600 -1.088600 27.434600
v 1.292800 -1.094300 27.497100
v 0.836900 -1.070500 27.539800
v 0.403900 -2.048300 27.536500
v 0.409900 -1.038900 27.565900
v 4.218700 -0.668100 26.845700
v 3.580900 -0.810000 27.063700
v 3.644900 -1.753400 27.084300
v 4.300900 -1.591800 26.872500
v 2.952900 -0.935100 27.229200
v 2.993500 -1.894200 27.239000
v 3.034900 -2.895400 27.200700
v 3.710200 -2.740700 27.055400
v 4.384800 -2.561000 26.850400
v 2.351400 -1.031800 27.349000
v 2.369100 -2.003600 27.346500
v 2.386800 -3.015600 27.297400
v 2.401000 -4.033700 27.180200
v 3.069600 -3.904800 27.090200
v 3.764900 -3.738200 26.950700
v 4.455000 -3.542900 26.751900
v 6.604900 -0.123200 25.453300
v 6.051000 -0.241100 25.863800
v 6.133000 -1.073000 25.868200
v 6.678300 -0.910300 25.439500
v 5.463600 -0.376100 26.238500
v 5.552400 -1.245100 26.256500
v 5.644100 -2.161200 26.235100
v 6.219100 -1.951700 25.839500
v 6.756600 -1.742800 25.397600
v 4.849600 -0.520900 26.568200
v 4.939200 -1.420200 26.593900
v 5.031100 -2.366000 26.574500
v 5.108500 -3.328000 26.484000
v 5.722800 -3.097300 26.151700
v 6.295700 -2.854400 25.759500
v 6.829600 -2.603300 25.315100
v 8.363300 0.148300 23.653800
v 8.002700 0.101300 24.105700
v 8.059400 -0.523800 24.027100
v 8.414700 -0.434400 23.560300
v 7.585800 0.043400 24.563600
v 7.647400 -0.634000 24.505300
v 7.713500 -1.350800 24.422800
v 8.119000 -1.184500 23.924700
v 8.466700 -1.049100 23.443300
v 7.118100 -0.029900 25.016400
v 7.185000 -0.763400 24.980600
v 7.257100 -1.539700 24.919600
v 7.327000 -2.347900 24.826100
v 7.779300 -2.102800 24.313800
v 8.178000 -1.882700 23.799300
v 8.516000 -1.702500 23.305000
v 9.304900 0.277800 22.020200
v 9.125200 0.253200 22.404700
v 9.151000 -0.284300 22.305000
v 9.320200 -0.258500 21.923400
v 8.911800 0.223800 22.802700
v 8.948000 -0.319200 22.701500
v 8.979900 -0.888100 22.579300
v 9.169000 -0.845500 22.185700
v 9.324200 -0.816500 21.808600
v 8.662100 0.189000 23.219300
v 8.706700 -0.367700 23.119200
v 8.749700 -0.953100 22.996600
v 8.786400 -1.577300 22.853100
v 9.002000 -1.494800 22.436000
v 9.175300 -1.443100 22.046500
v 9.315000 -1.409600 21.675900
v 9.740700 0.342000 20.613900
v 9.667700 0.329600 20.936300
v 9.662600 -0.203600 20.846500
v 9.731200 -0.190700 20.523900
v 9.573000 0.315300 21.281200
v 9.573400 -0.218800 21.190000
v 9.557000 -0.772300 21.085200
v 9.638900 -0.755500 20.745300
v 9.701900 -0.741300 20.424500
v 9.453100 0.298300 21.644100
v 9.460100 -0.236900 21.550300
v 9.452800 -0.792400 21.440700
v 9.429900 -1.382100 21.315700
v 9.522400 -1.359500 20.968200
v 9.595000 -1.341000 20.635600
v 9.650800 -1.325600 20.320200
v 9.891700 0.384400 19.446100
v 9.868000 0.373600 19.749400
v 9.849900 -0.157200 19.653800
v 9.871600 -0.144200 19.352900
v 9.836000 0.363400 20.035200
v 9.820400 -0.168500 19.940400
v 9.783800 -0.717300 19.839000
v 9.810600 -0.705200 19.552700
v 9.830400 -0.691100 19.256200
v 9.795200 0.353000 20.318400
v 9.782300 -0.179300 20.226200
v 9.748800 -0.728900 20.126000
v 9.692700 -1.312500 20.024000
v 9.724000 -1.300400 19.738400
v 9.748100 -1.288200 19.454800
v 9.766100 -1.274500 19.164200
v 9.906700 0.456400 17.926500
v 9.915400 0.430800 18.348200
v 9.895100 -0.086400 18.284400
v 9.888600 -0.060400 17.872200
v 9.916000 0.411300 18.743400
v 9.894600 -0.109000 18.668400
v 9.852800 -0.653300 18.596100
v 9.855000 -0.630200 18.226500
v 9.851000 -0.605000 17.826400
v 9.907900 0.396400 19.110100
v 9.886600 -0.128200 19.024500
v 9.844600 -0.673700 18.938400
v 9.779500 -1.257600 18.857900
v 9.788300 -1.238200 18.530000
v 9.792400 -1.216600 18.174900
v 9.791400 -1.193200 17.786800
v 9.818800 0.610500 16.047900
v 9.844100 0.569400 16.535600
v 9.834400 0.036100 16.488900
v 9.811000 0.071200 15.998900
v 9.869000 0.528200 17.014900
v 9.856400 0.001800 16.968500
v 9.824800 -0.551400 16.931300
v 9.804000 -0.528500 16.447600
v 9.780800 -0.501300 15.950400
v 9.890500 0.489700 17.480300
v 9.875100 -0.030600 17.431600
v 9.840700 -0.577800 17.392800
v 9.784800 -1.168200 17.360000
v 9.771000 -1.151600 16.897600
v 9.748100 -1.153200 16.402800
v 9.722100 -1.141400 15.891200
v 9.738800 0.784100 14.132000
v 9.756000 0.732400 14.592200
v 9.743700 0.187700 14.528500
v 9.721400 0.240100 14.060800
v 9.774900 0.688600 15.069400
v 9.766200 0.144000 15.011900
v 9.733900 -0.417700 14.947500
v 9.706100 -0.375000 14.452600
v 9.677900 -0.322400 13.972900
v 9.795800 0.649100 15.556800
v 9.788500 0.106200 15.504300
v 9.758100 -0.462100 15.448600
v 9.698800 -1.084500 15.378600
v 9.672400 -1.017800 14.865800
v 9.637000 -0.976800 14.353800
v 9.602500 -0.923100 13.858500
v 9.693500 1.046000 12.564500
v 9.700500 0.983600 12.908400
v 9.667000 0.447400 12.813300
v 9.659000 0.516600 12.467500
v 9.710100 0.915400 13.286700
v 9.681200 0.374900 13.197700
v 9.630000 -0.166500 13.092700
v 9.609800 -0.089200 12.703300
v 9.599700 -0.017000 12.356400
v 9.723200 0.847000 13.695700
v 9.700000 0.304200 13.615400
v 9.652700 -0.248600 13.517800
v 9.578800 -0.818600 13.396200
v 9.558400 -0.702300 12.969100
v 9.533600 -0.613100 12.579700
v 9.521200 -0.539900 12.235800
v 9.279900 0.805800 22.099200
v 9.095400 0.780000 22.485300
v 9.245800 1.331300 22.156400
v 9.060100 1.304400 22.541900
v 8.839600 1.277800 22.937600
v 8.876700 0.752800 22.883000
v 9.203500 1.860200 22.187900
v 9.017800 1.834600 22.570000
v 9.156400 2.398600 22.191400
v 8.971800 2.378900 22.567300
v 8.752100 2.356800 22.954300
v 8.797300 1.809100 22.961900
v 8.536700 1.793400 23.363800
v 8.579600 1.258000 23.344700
v 8.492000 2.344800 23.351400
v 8.183300 2.355100 23.755800
v 8.227800 1.796700 23.773800
v 8.271500 1.251100 23.761800
v 8.620600 0.727000 23.295500
v 8.316100 0.705900 23.721400
v 8.742100 7.493300 20.960300
v 8.543400 8.148700 20.773100
v 8.325600 8.084100 21.321400
v 8.522000 7.450200 21.509200
v 8.278700 8.787100 20.599100
v 8.067400 8.691200 21.148600
v 7.833600 8.609000 21.626500
v 8.074000 8.042300 21.794200
v 8.263400 7.436200 21.977300
v 7.944500 9.390000 20.465500
v 7.744900 9.257900 21.016200
v 7.539000 9.942100 20.400700
v 7.355600 9.773400 20.950100
v 7.189300 9.593300 21.426700
v 7.541600 9.128300 21.494300
v 7.335900 9.025100 21.889500
v 7.576700 8.557700 22.036200
v 7.045200 9.425900 21.812500
v 6.937100 9.295500 22.067500
v 7.090600 8.994100 22.205600
v 7.281100 8.558000 22.384000
v 7.792000 8.031400 22.206300
v 7.973800 7.451600 22.388100
v 7.472400 8.055200 22.569600
v 7.646800 7.490600 22.759500
v 7.817700 2.399900 24.164600
v 7.862600 1.828200 24.190100
v 7.397700 2.461000 24.569400
v 7.443300 1.871500 24.604400
v 7.487200 1.281500 24.614000
v 7.906500 1.263500 24.187800
v 6.925900 2.520500 24.961700
v 6.972100 1.910100 25.008300
v 6.407400 2.560500 25.335400
v 6.453000 1.927500 25.394700
v 6.497600 1.279400 25.432700
v 7.016400 1.291400 25.031700
v 7.063500 0.649800 25.033900
v 7.533500 0.677000 24.600100
v 6.546400 0.601200 25.451700
v 7.952400 0.692400 24.159500
v 5.847200 2.563500 25.684200
v 5.889800 1.907400 25.756500
v 5.259900 2.538200 26.005500
v 5.296700 1.858800 26.089400
v 5.339300 1.157700 26.154000
v 5.934200 1.231900 25.808700
v 4.660100 2.493300 26.296800
v 4.687900 1.790600 26.389400
v 4.062000 2.437900 26.557800
v 4.077700 1.712200 26.655100
v 4.106900 0.964300 26.732400
v 4.725700 1.065500 26.463000
v 4.779000 0.301300 26.523600
v 5.393800 0.418800 26.204000
v 4.154000 0.177400 26.797500
v 5.986400 0.521500 25.844200
v 3.479700 2.381200 26.788300
v 3.480200 1.632800 26.885300
v 2.915000 2.332500 26.982100
v 2.900200 1.563500 27.075900
v 2.902000 0.774000 27.142800
v 3.496300 0.863200 26.959200
v 2.369600 2.301400 27.132900
v 2.342700 1.515200 27.222800
v 1.849200 2.298800 27.244600
v 1.815800 1.500200 27.331400
v 1.797900 0.679800 27.386400
v 2.332500 0.708700 27.282800
v 2.337300 -0.134000 27.326300
v 2.921000 -0.052300 27.195500
v 1.792300 -0.177400 27.421900
v 3.530600 0.055600 27.020300
v 0.414500 -0.096400 27.566600
v 0.844200 -0.135600 27.538400
v 0.853300 0.744500 27.510000
v 0.419800 0.790500 27.538800
v 1.299000 -0.170200 27.491400
v 1.308700 0.699600 27.460700
v 1.327600 1.530500 27.407100
v 0.868300 1.582600 27.455600
v 1.359400 2.335700 27.320800
v 0.892600 2.390300 27.368300
v 0.428100 1.633000 27.482700
v 0.441200 2.440800 27.393800
v 8.004400 4.841100 23.421300
v 7.628100 4.899400 23.816100
v 7.673300 4.240700 23.933500
v 8.047100 4.182100 23.536000
v 7.200300 4.974500 24.200300
v 7.246500 4.319000 24.322300
v 7.293900 3.682400 24.423100
v 7.718900 3.604900 24.030700
v 8.089700 3.547800 23.631000
v 6.728100 5.054000 24.563000
v 6.772400 4.401700 24.691700
v 6.221500 5.126600 24.896700
v 6.260700 4.474300 25.035100
v 6.304400 3.830300 25.150700
v 6.819700 3.763000 24.798500
v 6.873000 3.137000 24.890100
v 7.346100 3.063800 24.507200
v 6.355600 3.193600 25.252400
v 7.768400 2.991700 24.109600
v 8.136200 2.938800 23.706200
v 5.952400 7.763600 23.988900
v 6.421700 7.690300 23.727500
v 6.267300 8.305400 23.445200
v 5.805200 8.405300 23.672700
v 6.865400 7.616500 23.433400
v 6.704600 8.205600 23.187500
v 6.535500 8.747900 22.924000
v 6.101100 8.883700 23.138600
v 5.641200 9.018400 23.328200
v 7.275600 7.547800 23.109300
v 7.108200 8.117800 22.896100
v 6.931500 8.630400 22.676200
v 6.768700 9.081600 22.446500
v 6.383400 9.238100 22.638400
v 6.668700 9.459700 22.180600
v 6.279200 9.668800 22.319000
v 5.948000 9.414200 22.807200
v 5.483200 9.584800 22.959700
v 5.832500 9.886900 22.450100
v 5.356000 10.088900 22.573700
v 6.059700 7.111400 24.272700
v 6.539500 7.049200 23.986200
v 6.134400 6.451900 24.520000
v 6.625300 6.390100 24.214300
v 7.087900 6.326100 23.876200
v 6.992700 6.985900 23.666300
v 6.183900 5.788000 24.726500
v 6.683600 5.720900 24.405200
v 7.152300 5.649500 24.052900
v 7.579500 5.581200 23.676600
v 7.512200 6.263600 23.511800
v 7.957600 5.524100 23.286800
v 7.890400 6.207900 23.130600
v 7.410500 6.924400 23.318600
v 7.786500 6.869100 22.950700
v 4.072200 5.283300 25.916100
v 4.063600 4.582600 26.112100
v 4.610100 4.571300 25.882800
v 4.605400 5.255700 25.701100
v 4.056500 3.873800 26.283000
v 4.619500 3.882500 26.039900
v 5.190000 3.882700 25.769700
v 5.165800 4.553000 25.626900
v 5.147600 5.222600 25.460300
v 4.055500 3.158700 26.432700
v 4.636700 3.190200 26.179000
v 5.222800 3.211900 25.897400
v 5.800700 3.215800 25.588300
v 5.756400 3.867700 25.473900
v 5.720600 4.522700 25.345600
v 5.690500 5.181200 25.194000
v 3.966700 8.030600 24.784900
v 4.469000 7.963700 24.606400
v 4.349800 8.655300 24.231400
v 3.856100 8.731700 24.397800
v 4.968800 7.896200 24.416600
v 4.840300 8.575400 24.056400
v 4.688400 9.233800 23.662800
v 4.205600 9.326300 23.819700
v 3.720400 9.410900 23.970000
v 5.465700 7.830900 24.214700
v 5.327500 8.493700 23.873300
v 5.168600 9.133200 23.501000
v 5.010100 9.724800 23.102300
v 4.532600 9.841900 23.238900
v 4.877200 10.249700 22.689600
v 4.398900 10.379300 22.801600
v 4.054900 9.944000 23.373500
v 3.577000 10.033400 23.503500
v 3.924000 10.488000 22.913100
v 3.451500 10.580200 23.022000
v 4.034900 7.342200 25.129300
v 4.544800 7.284300 24.942900
v 4.069100 6.659300 25.431400
v 4.586200 6.610300 25.237800
v 5.106300 6.559500 25.023300
v 5.054600 7.226000 24.740400
v 4.077800 5.974300 25.691400
v 4.601900 5.934700 25.488300
v 5.132500 5.891600 25.261200
v 5.663400 5.843800 25.009500
v 5.625200 6.507500 24.786800
v 5.562100 7.169300 24.520500
v 3.556500 5.308400 26.104700
v 3.536300 4.591400 26.313600
v 3.051900 5.331700 26.265500
v 3.022600 4.600800 26.485500
v 2.984200 3.855000 26.680800
v 3.512700 3.862800 26.497900
v 2.551600 5.354200 26.397000
v 2.516600 4.613600 26.625600
v 2.050300 5.377900 26.501000
v 2.014000 4.633500 26.735300
v 1.960500 3.870000 26.942100
v 2.467300 3.855300 26.828500
v 2.414800 3.083000 26.999500
v 2.945700 3.097600 26.848400
v 1.901500 3.090200 27.113300
v 3.492200 3.125300 26.657600
v 1.947200 8.234400 25.308500
v 2.449800 8.197400 25.218800
v 2.364600 8.915400 24.806400
v 1.873900 8.955000 24.891000
v 2.956200 8.151400 25.100400
v 2.861500 8.865600 24.694500
v 2.746900 9.553600 24.238000
v 2.263900 9.605800 24.339700
v 1.789600 9.646900 24.416800
v 3.462100 8.094500 24.952600
v 3.359300 8.803100 24.555200
v 3.233300 9.487600 24.112100
v 3.099200 10.112600 23.626600
v 2.624700 10.179500 23.736200
v 2.980300 10.660200 23.126300
v 2.514500 10.727200 23.220000
v 2.156600 10.232400 23.825500
v 1.699900 10.274200 23.893500
v 2.058100 10.780600 23.297400
v 1.616200 10.823200 23.356500
v 2.003400 7.521200 25.661800
v 2.510500 7.487800 25.570100
v 2.040900 6.811300 25.968700
v 2.547400 6.781700 25.875100
v 3.053100 6.746900 25.754700
v 3.018800 7.447200 25.450300
v 2.057900 6.100300 26.246900
v 2.561500 6.073700 26.148800
v 3.063100 6.044400 26.024200
v 3.566700 6.011000 25.870900
v 3.559200 6.705400 25.605200
v 3.526500 7.397600 25.300900
v 5.410900 11.476700 20.780900
v 5.312200 11.197500 21.297100
v 5.852300 10.938400 21.180100
v 5.971400 11.195400 20.655600
v 5.268800 10.879600 21.756000
v 5.786400 10.638700 21.646000
v 6.294500 10.343800 21.537800
v 6.389400 10.615700 21.063900
v 6.530800 10.847000 20.529600
v 5.283900 10.515300 22.177000
v 5.779200 10.291700 22.066200
v 6.253600 10.032800 21.954100
v 6.680100 9.753000 21.851800
v 6.767900 9.996800 21.452900
v 6.897100 10.226600 20.976700
v 7.060600 10.428500 20.433400
v 3.379700 12.089200 21.067800
v 3.336200 11.763800 21.587600
v 3.814000 11.666700 21.523700
v 3.869800 11.988300 21.010000
v 3.331300 11.416900 22.074400
v 3.802600 11.322000 21.999500
v 4.278900 11.206800 21.924200
v 4.297400 11.546700 21.458600
v 4.366200 11.859900 20.948400
v 3.369700 11.031900 22.549100
v 3.839600 10.938200 22.458800
v 4.313500 10.826000 22.367600
v 4.795200 10.689200 22.275600
v 4.767000 11.064100 21.845900
v 4.795400 11.395300 21.386500
v 4.877900 11.693800 20.875300
v 1.489700 12.344000 21.267700
v 1.483500 12.021000 21.815400
v 1.919500 11.973800 21.776800
v 1.932200 12.298100 21.236200
v 1.504200 11.671000 22.332100
v 1.936800 11.624300 22.286700
v 2.391000 11.567700 22.224900
v 2.380000 11.916500 21.721500
v 2.401300 12.241800 21.187800
v 1.549700 11.280300 22.840900
v 1.983900 11.235600 22.789000
v 2.436200 11.180600 22.720300
v 2.900000 11.112700 22.638300
v 2.858300 11.498700 22.151900
v 2.855200 11.846800 21.656000
v 2.887000 12.173000 21.129400
v 6.066300 12.252700 18.187800
v 5.913200 12.112600 18.866700
v 6.513000 11.744200 18.745700
v 6.674000 11.863500 18.077100
v 5.737700 11.938000 19.542600
v 6.327000 11.596600 19.415000
v 6.907700 11.189600 19.292200
v 7.097000 11.312300 18.633100
v 7.258000 11.412600 17.977600
v 5.561500 11.724800 20.188400
v 6.138100 11.414200 20.059400
v 6.711300 11.036400 19.931700
v 7.251100 10.588800 19.833400
v 7.448500 10.715100 19.197300
v 7.734600 10.075500 19.796400
v 7.926100 10.180100 19.157800
v 7.632800 10.814800 18.545800
v 7.785300 10.897000 17.900100
v 8.097200 10.262400 18.505400
v 8.233900 10.330500 17.860400
v 3.725500 13.194700 18.570800
v 3.645900 12.974200 19.231400
v 4.197200 12.845900 19.163100
v 4.295100 13.052200 18.495600
v 3.551700 12.710000 19.878200
v 4.082000 12.594200 19.816700
v 4.621400 12.433700 19.742700
v 4.759600 12.664700 19.079200
v 4.878200 12.850600 18.404000
v 3.457200 12.409800 20.494100
v 3.966000 12.302900 20.436700
v 4.482200 12.160500 20.371100
v 5.011800 11.970700 20.290300
v 5.171200 12.216000 19.651600
v 5.330100 12.419800 18.979200
v 5.468200 12.582900 18.299100
v 1.679900 13.388400 18.701900
v 1.631300 13.182400 19.364400
v 2.097400 13.155400 19.351800
v 2.151900 13.370600 18.690200
v 1.576000 12.937800 20.026300
v 2.034400 12.901400 20.008800
v 2.520700 12.854100 19.975700
v 2.590900 13.116100 19.324600
v 2.650900 13.338400 18.665100
v 1.524600 12.654000 20.666100
v 1.974900 12.611500 20.641900
v 2.452900 12.558500 20.601300
v 2.949900 12.493200 20.550600
v 3.028800 12.793500 19.931700
v 3.108800 13.060000 19.284800
v 3.176500 13.284900 18.626300
v 1.110800 12.687800 20.667700
v 1.084100 12.381700 21.275600
v 1.151400 12.965600 20.024000
v 0.752500 12.984600 20.010400
v 0.724300 12.712000 20.656300
v 0.706400 12.409500 21.269000
v 1.195900 13.201800 19.360600
v 1.235300 13.398800 18.700700
v 0.811200 13.403500 18.692200
v 0.783600 13.214000 19.347900
v 0.386600 13.219500 19.333700
v 0.370600 12.994500 19.994500
v 0.400900 13.404400 18.682300
v 0.356200 12.725700 20.641100
v 0.347200 12.426200 21.257000
v 6.286800 12.574600 15.619900
v 6.281900 12.517500 16.258200
v 6.886700 12.109900 16.181400
v 6.878900 12.171500 15.547900
v 6.246100 12.448300 16.892600
v 6.857900 12.041700 16.806400
v 7.432300 11.573400 16.732800
v 7.448300 11.640600 16.116500
v 7.422800 11.706800 15.487000
v 6.175800 12.362300 17.532800
v 6.788000 11.961100 17.434500
v 7.369300 11.498500 17.348600
v 7.887400 10.970700 17.281400
v 7.939800 11.039700 16.674800
v 8.322000 10.392700 17.243800
v 8.362400 10.454600 16.639300
v 7.943300 11.107700 16.065000
v 7.902100 11.181300 15.437800
v 8.356000 10.522200 16.030500
v 8.304800 10.602000 15.401500
v 3.797700 13.630800 15.947300
v 3.808100 13.575800 16.604000
v 4.407700 13.395200 16.525400
v 4.401700 13.443600 15.873300
v 3.802200 13.488400 17.258500
v 4.395200 13.318700 17.178000
v 5.006900 13.087500 17.085500
v 5.028300 13.156200 16.436800
v 5.028000 13.202300 15.789200
v 3.776200 13.363700 17.913700
v 4.359300 13.207100 17.834400
v 4.958800 12.988600 17.740300
v 5.565200 12.705900 17.637300
v 5.626500 12.797100 16.988000
v 5.657700 12.864900 16.345500
v 5.663100 12.915500 15.702500
v 1.716100 13.887100 16.115500
v 1.727400 13.804100 16.782100
v 2.203900 13.793100 16.750900
v 2.191400 13.871900 16.082700
v 1.725900 13.692500 17.425100
v 2.202600 13.683000 17.400300
v 2.706000 13.653200 17.365900
v 2.707500 13.758900 16.712800
v 2.694600 13.831500 16.046900
v 1.710800 13.556200 18.060200
v 2.186100 13.544300 18.043200
v 2.688200 13.515300 18.014400
v 3.218700 13.460700 17.972500
v 3.239200 13.594100 17.319900
v 3.241800 13.691700 16.665200
v 3.229300 13.755600 16.003500
v 0.415100 13.783800 16.846300
v 0.411600 13.871600 16.203600
v 0.414600 13.675800 17.458800
v 0.837800 13.683400 17.453100
v 0.838700 13.792700 16.831600
v 0.832100 13.879700 16.180900
v 0.410000 13.552900 18.064100
v 0.829000 13.556800 18.067000
v 1.260400 13.559100 18.066900
v 1.272900 13.690800 17.442300
v 1.274200 13.801700 16.809600
v 1.264900 13.887300 16.149800
v 6.093700 12.662500 12.977100
v 6.162700 12.676200 13.641800
v 6.698400 12.325900 13.557000
v 6.605300 12.337800 12.888900
v 6.220800 12.660600 14.306900
v 6.776200 12.285500 14.228300
v 7.275600 11.851300 14.159200
v 7.177300 11.917800 13.480500
v 7.063000 11.957500 12.806600
v 6.264300 12.624500 14.967800
v 6.839200 12.232000 14.894400
v 7.361300 11.779000 14.831300
v 7.820300 11.267100 14.778600
v 7.713400 11.358600 14.099700
v 8.211000 10.700700 14.736300
v 8.091500 10.809900 14.049500
v 7.597000 11.449200 13.413300
v 7.466700 11.516100 12.733200
v 7.963500 10.921200 13.355600
v 7.823800 11.011800 12.670700
v 3.728200 13.521100 13.258800
v 3.728500 13.602400 13.943700
v 4.334000 13.432200 13.894600
v 4.326200 13.364000 13.218600
v 3.748500 13.651000 14.617700
v 4.356700 13.469600 14.559700
v 4.984500 13.242400 14.482300
v 4.954700 13.220400 13.821300
v 4.931700 13.168600 13.152100
v 3.774700 13.658200 15.285400
v 4.382000 13.470900 15.218700
v 5.011200 13.233800 15.138000
v 5.646800 12.955000 15.051700
v 5.614700 12.976200 14.394800
v 5.572800 12.971400 13.733500
v 5.528400 12.937100 13.068200
v 1.614700 13.835200 13.219600
v 1.635700 13.914700 13.945100
v 2.108900 13.875400 13.945500
v 2.093300 13.789100 13.228800
v 1.664200 13.949300 14.680000
v 2.136500 13.920600 14.667000
v 2.640100 13.867000 14.660000
v 2.615500 13.814300 13.955100
v 2.607700 13.724300 13.248900
v 1.693000 13.937900 15.409100
v 2.166500 13.916900 15.383800
v 2.669300 13.870100 15.360000
v 3.204600 13.787600 15.329800
v 3.176900 13.780300 14.647300
v 3.155500 13.726600 13.959200
v 3.154000 13.638100 13.263900
v 0.385500 13.952200 14.034300
v 0.376700 13.891900 13.297300
v 0.395300 13.963000 14.778000
v 0.800800 13.964200 14.747000
v 0.782300 13.948100 14.003000
v 0.766100 13.883100 13.267900
v 0.404500 13.933800 15.507600
v 0.818400 13.939100 15.479500
v 1.245800 13.942900 15.443800
v 1.221300 13.961800 14.710500
v 1.196300 13.937300 13.968800
v 1.175600 13.865400 13.237300
v 9.732300 0.872400 20.690300
v 9.656100 0.859300 21.012200
v 9.708300 1.394200 20.752600
v 9.629600 1.381800 21.073100
v 9.528300 1.368300 21.417200
v 9.557400 0.844400 21.357600
v 9.670600 1.901100 20.800800
v 9.590300 1.893800 21.118100
v 9.624400 2.386900 20.835300
v 9.542700 2.391900 21.147000
v 9.439400 2.399400 21.478600
v 9.487500 1.886700 21.457900
v 9.359300 1.876500 21.815900
v 9.401200 1.352000 21.779900
v 9.311500 2.403500 21.827600
v 9.432900 0.826900 21.721700
v 9.094400 4.798400 21.591200
v 9.030200 5.522700 21.445900
v 8.811100 5.472100 22.006900
v 8.846500 4.805600 22.158300
v 8.968900 6.183600 21.294800
v 8.751600 6.143100 21.853100
v 8.497900 6.139900 22.323800
v 8.558300 5.469400 22.475300
v 8.597800 4.802800 22.612400
v 8.878400 6.839300 21.133600
v 8.659700 6.802800 21.686800
v 8.402100 6.798800 22.155900
v 8.114000 6.824100 22.570100
v 8.214900 6.164000 22.742100
v 8.278900 5.486800 22.894200
v 8.322400 4.811800 23.026700
v 9.892600 0.912600 19.527800
v 9.866800 0.905200 19.831300
v 9.876500 1.434000 19.595600
v 9.848700 1.428500 19.898100
v 9.812600 1.419000 20.181000
v 9.832600 0.895800 20.115500
v 9.845200 1.941800 19.647000
v 9.816000 1.934200 19.948600
v 9.803600 2.429800 19.679900
v 9.774200 2.413500 19.981900
v 9.735700 2.399500 20.266000
v 9.778400 1.923400 20.231100
v 9.731600 1.911600 20.510100
v 9.767500 1.407100 20.460500
v 9.687200 2.390000 20.546000
v 9.789500 0.884700 20.396600
v 9.756500 2.891600 19.692300
v 9.728600 2.857400 19.997100
v 9.709100 3.305600 19.700900
v 9.683400 3.256600 20.002400
v 9.644800 3.235700 20.291900
v 9.689800 2.838000 20.285700
v 9.666700 3.650400 19.722400
v 9.642300 3.601900 20.005500
v 9.634400 3.873700 19.759000
v 9.607700 3.905700 19.976200
v 9.567600 3.907100 20.270500
v 9.604400 3.589400 20.286400
v 9.558200 3.572700 20.560000
v 9.594700 3.232000 20.574600
v 9.521900 3.867100 20.558400
v 9.485400 3.808900 20.763800
v 9.500600 3.589800 20.820400
v 9.530500 3.254000 20.855000
v 9.639600 2.834000 20.568700
v 9.574700 2.845500 20.856600
v 9.908100 0.961000 17.991400
v 9.918500 0.937400 18.417400
v 9.893900 1.467400 18.058200
v 9.905600 1.443800 18.484900
v 9.907000 1.434900 18.885600
v 9.919900 0.924400 18.817600
v 9.865400 1.989600 18.118200
v 9.877700 1.960500 18.543900
v 9.820300 2.541200 18.162800
v 9.833900 2.497700 18.587200
v 9.835600 2.467600 18.982000
v 9.878500 1.947700 18.942200
v 9.866800 1.943900 19.310700
v 9.896600 1.433900 19.257000
v 9.824800 2.446400 19.346400
v 9.910800 0.917600 19.188800
v 9.810300 1.151000 16.108800
v 9.838000 1.100000 16.596600
v 9.786200 1.693300 16.171100
v 9.816200 1.633900 16.660200
v 9.846700 1.570800 17.141000
v 9.865700 1.047700 17.076200
v 9.747200 2.237900 16.224200
v 9.779000 2.177000 16.714800
v 9.692700 2.785000 16.257600
v 9.726400 2.735300 16.748700
v 9.763200 2.671000 17.235300
v 9.812400 2.108400 17.197900
v 9.842400 2.042400 17.667600
v 9.873400 1.512500 17.608600
v 9.795700 2.602700 17.709400
v 9.889700 0.999500 17.542700
v 9.735900 1.329200 14.196700
v 9.749200 1.280700 14.653900
v 9.716300 1.862200 14.256700
v 9.726500 1.820300 14.713300
v 9.740700 1.781500 15.189800
v 9.765500 1.237400 15.130000
v 9.683900 2.369400 14.314000
v 9.691000 2.339100 14.769600
v 9.644400 2.837600 14.370700
v 9.647900 2.825100 14.822300
v 9.655700 2.819200 15.290100
v 9.702800 2.311800 15.244600
v 9.721700 2.280400 15.731800
v 9.760800 1.740900 15.678300
v 9.669900 2.809400 15.770000
v 9.786000 1.195500 15.617400
v 8.866200 4.159400 22.317200
v 9.063500 4.119500 21.921800
v 8.630700 4.155600 22.737000
v 8.664400 3.530600 22.840300
v 8.886900 3.538000 22.452300
v 9.072700 3.525000 22.082600
v 8.362000 4.158400 23.140200
v 8.401800 3.528400 23.233700
v 8.446100 2.923500 23.306100
v 8.706400 2.930800 22.913200
v 8.925100 2.945500 22.531800
v 9.108200 2.952400 22.164300
v 9.435900 3.957600 20.896100
v 9.428900 3.678900 21.062000
v 9.358100 4.165300 21.074200
v 9.336700 3.818100 21.310400
v 9.349200 3.386200 21.431100
v 9.449800 3.310500 21.137600
v 9.253100 4.421500 21.290400
v 9.217600 3.985300 21.591600
v 9.225100 3.466000 21.744200
v 9.261600 2.936100 21.813300
v 9.388400 2.906200 21.478400
v 9.491800 2.872800 21.159700
v 9.756200 3.136100 18.183100
v 9.772800 3.065800 18.607800
v 9.679600 3.761000 18.215900
v 9.703000 3.640100 18.648500
v 9.718700 3.508800 19.035700
v 9.779600 2.999400 18.999700
v 9.597100 4.402800 18.297700
v 9.632600 4.196000 18.752100
v 9.504600 5.098700 18.517000
v 9.567700 4.626300 19.011600
v 9.606400 4.301300 19.343000
v 9.661100 3.961600 19.130600
v 9.672700 3.775000 19.442400
v 9.720800 3.393500 19.382600
v 9.627200 4.049100 19.592200
v 9.773800 2.940100 19.360500
v 9.408200 5.830900 18.403100
v 9.394500 5.820400 19.177000
v 9.461400 5.264800 19.314100
v 9.327800 6.489000 18.303800
v 9.315600 6.441500 19.071100
v 9.261600 6.368900 19.856800
v 9.334400 5.774000 19.974000
v 9.394200 5.250100 20.073700
v 9.246600 7.139900 18.204000
v 9.226500 7.078900 18.958700
v 9.149800 7.790200 18.105400
v 9.113100 7.728500 18.841000
v 9.040300 7.649600 19.588000
v 9.168000 6.998200 19.727700
v 9.049900 6.911400 20.466600
v 9.142500 6.270900 20.613700
v 8.915700 7.565500 20.307100
v 9.208800 5.649000 20.749300
v 9.269700 5.106100 20.820700
v 9.022400 8.446300 18.009600
v 8.961500 8.386100 18.719500
v 8.841000 9.096100 17.928600
v 8.752600 9.036900 18.611300
v 8.628300 8.964200 19.302600
v 8.864800 8.310900 19.439000
v 8.582000 9.727200 17.874300
v 8.467500 9.666000 18.533600
v 8.317400 9.591900 19.200900
v 8.139200 9.500600 19.852600
v 8.468000 8.879500 19.974500
v 8.724300 8.228000 20.134600
v 9.514500 4.823900 19.520100
v 9.448600 4.834100 20.150400
v 9.495600 4.493700 20.206800
v 9.554400 4.471200 19.731400
v 9.345800 4.702200 20.775300
v 9.420600 4.391100 20.680400
v 9.477700 4.126300 20.603300
v 9.533300 4.196700 20.245400
v 9.582000 4.180300 19.884100
v 9.110800 7.951900 15.439000
v 9.006800 8.634800 15.394300
v 9.047200 8.561800 16.055100
v 9.146900 7.883700 16.109400
v 8.851000 9.315600 15.375600
v 8.897600 9.237300 16.024500
v 8.911800 9.183100 16.653900
v 9.063400 8.517100 16.697800
v 9.164100 7.847200 16.762400
v 8.619000 9.975700 15.379400
v 8.670600 9.894700 16.016700
v 8.682300 9.832400 16.633400
v 8.653100 9.779600 17.246800
v 8.893500 9.140400 17.282300
v 9.055700 8.484300 17.342500
v 9.165900 7.822900 17.420100
v 9.390300 5.196800 15.741400
v 9.316300 5.951000 15.684800
v 9.348200 5.879800 16.370300
v 9.414000 5.208000 16.473000
v 9.250400 6.623000 15.600500
v 9.287900 6.554400 16.279100
v 9.305600 6.527500 16.936700
v 9.369800 5.865800 17.029400
v 9.442200 5.203800 17.113000
v 9.186900 7.285700 15.513100
v 9.224000 7.218500 16.188100
v 9.240900 7.185900 16.844900
v 9.249900 7.167700 17.508100
v 9.321700 6.511600 17.601900
v 9.394900 5.847800 17.697100
v 9.474300 5.178600 17.760400
v 9.622000 3.334800 16.260700
v 9.658100 3.314600 16.750300
v 9.544700 3.900400 16.204500
v 9.579200 3.918800 16.705100
v 9.622600 3.896500 17.221600
v 9.699900 3.269600 17.242000
v 9.470800 4.494500 16.060000
v 9.494400 4.552100 16.598600
v 9.531600 4.544300 17.177900
v 9.564700 4.506700 17.758600
v 9.654500 3.845200 17.732700
v 9.732200 3.207000 17.723700
v 9.507000 4.159300 14.425600
v 9.487800 4.295500 14.652300
v 9.518000 4.006900 14.827300
v 9.530300 3.934700 14.461800
v 9.461600 4.509500 14.954300
v 9.500500 4.148600 15.198200
v 9.549200 3.738200 15.304100
v 9.557700 3.660600 14.883100
v 9.564700 3.618600 14.466300
v 9.430000 4.792700 15.295900
v 9.478800 4.335600 15.601100
v 9.539800 3.829100 15.741000
v 9.606400 3.323000 15.785200
v 9.602700 3.294900 15.322400
v 9.602200 3.266100 14.870800
v 9.603700 3.253400 14.428700
v 8.756800 8.517000 12.606400
v 8.605000 9.171800 12.585600
v 8.732800 9.039400 13.269600
v 8.864300 8.372800 13.289600
v 8.406300 9.824500 12.590700
v 8.543700 9.703100 13.276500
v 8.667400 9.565400 13.982400
v 8.850600 8.894500 13.979700
v 8.969800 8.219300 14.004500
v 8.141500 10.442900 12.621100
v 8.283200 10.334800 13.307600
v 8.412000 10.208100 14.008000
v 8.528300 10.084200 14.704200
v 8.772000 9.430600 14.688500
v 8.941600 8.752600 14.695200
v 9.051800 8.071400 14.729100
v 9.650700 1.214700 11.479000
v 9.671500 1.177900 11.724300
v 9.655900 0.680100 11.652000
v 9.638100 0.723900 11.419400
v 9.681400 1.139700 11.981100
v 9.660400 0.631700 11.897300
v 9.618100 0.110300 11.799200
v 9.618500 0.164600 11.566600
v 9.603200 0.211100 11.349500
v 9.688000 1.096900 12.258300
v 9.659100 0.577600 12.165600
v 9.607100 0.049600 12.058800
v 9.538100 -0.471200 11.945000
v 9.560600 -0.408200 11.696100
v 9.565100 -0.351800 11.478100
v 9.550200 -0.305900 11.279300
v 9.697700 1.556600 12.642700
v 9.706300 1.506700 12.987400
v 9.682800 2.046700 12.702500
v 9.692900 2.010700 13.051300
v 9.700800 1.963700 13.426200
v 9.714600 1.448200 13.362100
v 9.660100 2.514600 12.744000
v 9.669200 2.489900 13.101100
v 9.632200 2.958900 12.768100
v 9.639400 2.938500 13.138400
v 9.641800 2.904600 13.529000
v 9.674700 2.452400 13.481100
v 9.679000 2.409700 13.884900
v 9.708200 1.912100 13.827800
v 9.642900 2.867500 13.939700
v 9.724400 1.387100 13.765600
v 9.601900 3.378100 12.775600
v 9.607600 3.351000 13.164500
v 9.568900 3.779700 12.773800
v 9.573900 3.737500 13.187500
v 9.572900 3.682300 13.614900
v 9.607700 3.311000 13.572100
v 9.533300 4.171400 12.770200
v 9.538400 4.108200 13.215200
v 9.494300 4.560700 12.772100
v 9.500200 4.473400 13.255800
v 9.502400 4.362300 13.731300
v 9.538200 4.029100 13.661500
v 9.536300 3.956700 14.075100
v 9.569800 3.634200 14.042400
v 9.504100 4.248400 14.145700
v 9.606000 3.273400 13.994700
v 9.259400 6.261000 12.803100
v 9.135800 6.762300 12.765800
v 9.164800 6.589000 13.443500
v 9.288200 6.094200 13.461400
v 9.000400 7.304900 12.712200
v 9.037900 7.133300 13.397800
v 9.093000 6.944700 14.127000
v 9.202300 6.376800 14.175600
v 9.313900 5.868600 14.176100
v 8.881300 7.892300 12.653900
v 8.951900 7.732600 13.339400
v 9.033000 7.564100 14.061800
v 9.117300 7.408000 14.795400
v 9.174600 6.763900 14.872200
v 9.260200 6.140400 14.938000
v 9.345100 5.586400 14.922600
v 9.451200 4.955200 12.786800
v 9.458700 4.842900 13.317300
v 9.401500 5.364300 12.803800
v 9.413300 5.229000 13.382900
v 9.423800 5.040700 13.974000
v 9.464300 4.692500 13.843800
v 9.342800 5.797200 12.812500
v 9.363700 5.643500 13.436100
v 9.380700 5.428000 14.096800
v 9.400000 5.150600 14.755600
v 9.438000 4.803900 14.522000
v 9.472000 4.517000 14.306600
v 9.342400 1.343300 10.646100
v 9.457400 1.321300 10.809100
v 9.440000 0.822100 10.782100
v 9.319000 0.835700 10.626900
v 9.549000 1.290200 11.009300
v 9.535900 0.797500 10.972500
v 9.504200 0.274700 10.936900
v 9.410500 0.289700 10.760500
v 9.291300 0.292200 10.615100
v 9.611700 1.253400 11.236700
v 9.600000 0.763900 11.189000
v 9.566800 0.248200 11.136400
v 9.514500 -0.274000 11.088200
v 9.455000 -0.255800 10.910300
v 9.368900 -0.251100 10.751100
v 9.259500 -0.259100 10.615500
v 9.543900 2.892300 11.511000
v 9.571000 2.913000 11.787800
v 9.602300 2.499800 11.803600
v 9.575700 2.493000 11.533300
v 9.595700 2.937000 12.090400
v 9.625200 2.511200 12.095100
v 9.652100 2.073700 12.079500
v 9.632800 2.078900 11.799600
v 9.607700 2.088000 11.536500
v 9.616900 2.955400 12.418000
v 9.644900 2.519000 12.408600
v 9.669000 2.065300 12.379500
v 9.687300 1.592100 12.329500
v 9.674800 1.618500 12.041700
v 9.659900 1.641200 11.773300
v 9.636600 1.665600 11.518200
v 9.314300 2.899400 10.704600
v 9.410700 2.889900 10.852400
v 9.441000 2.530700 10.861000
v 9.351900 2.549100 10.702800
v 9.474900 2.884000 11.040900
v 9.502500 2.512800 11.057900
v 9.524800 2.133300 11.057200
v 9.456900 2.160000 10.854500
v 9.367000 2.183500 10.687900
v 9.515600 2.883700 11.261200
v 9.545000 2.498700 11.283400
v 9.573400 2.107700 11.286800
v 9.599200 1.697000 11.270200
v 9.542800 1.730600 11.039300
v 9.462700 1.762000 10.835200
v 9.361100 1.787000 10.667700
v 9.410200 4.528400 11.306400
v 9.441200 4.581000 11.597500
v 9.480500 4.161600 11.654600
v 9.453400 4.118100 11.364200
v 9.462900 4.608000 11.940800
v 9.500600 4.190000 11.987700
v 9.533700 3.773800 12.031800
v 9.511800 3.743700 11.708700
v 9.486200 3.706900 11.421100
v 9.481200 4.603400 12.333000
v 9.519500 4.196000 12.360300
v 9.554100 3.788800 12.387700
v 9.586600 3.377000 12.409000
v 9.565300 3.357000 12.067700
v 9.541400 3.327600 11.754600
v 9.515200 3.297600 11.471800
v 9.135400 6.218800 10.781100
v 9.008000 6.906500 10.684200
v 9.042500 6.941100 11.139700
v 9.152700 6.371900 11.246000
v 8.853100 7.533500 10.579300
v 8.902600 7.547900 11.041800
v 8.941600 7.517400 11.544800
v 9.071200 6.943600 11.629900
v 9.179500 6.405200 11.712600
v 8.654500 8.144700 10.476300
v 8.721500 8.153900 10.948700
v 8.415600 8.742400 10.383600
v 8.503300 8.759300 10.868900
v 8.588400 8.722000 11.398900
v 8.780300 8.111700 11.464600
v 8.828900 8.021600 12.031000
v 8.971200 7.434700 12.098100
v 8.668900 8.637300 11.977100
v 9.103500 6.882300 12.166600
v 9.219100 6.366500 12.225900
v 8.139300 9.328900 10.309900
v 8.251700 9.364100 10.810800
v 7.830700 9.887900 10.262400
v 7.968600 9.949100 10.778500
v 8.113000 9.954000 11.340200
v 8.367100 9.343600 11.357000
v 7.494800 10.403000 10.248900
v 7.655600 10.495200 10.776100
v 7.147100 10.864000 10.271800
v 7.321600 10.986400 10.804700
v 7.501800 11.053400 11.385400
v 7.823000 10.530600 11.349800
v 7.986500 10.510600 11.966600
v 8.260800 9.910300 11.944700
v 7.669600 11.058800 12.010700
v 8.483900 9.276400 11.948300
v 6.803400 11.260400 10.333900
v 6.975400 11.406900 10.865500
v 6.459300 11.601100 10.415600
v 6.615200 11.767500 10.943500
v 6.778500 11.888300 11.523300
v 7.154000 11.502300 11.446700
v 6.110700 11.894700 10.497300
v 6.239000 12.079500 11.023800
v 5.746100 12.142400 10.563400
v 5.836700 12.346100 11.095400
v 5.932900 12.509100 11.683300
v 6.374000 12.222400 11.604700
v 6.496600 12.305900 12.232300
v 6.928900 11.949700 12.149300
v 6.017900 12.610700 12.317400
v 7.318500 11.536300 12.073500
v 3.954400 12.754000 10.610500
v 3.879100 13.031600 11.214800
v 4.417900 12.908900 11.203600
v 4.463600 12.644500 10.612900
v 3.815700 13.261300 11.868300
v 4.380200 13.126000 11.846200
v 4.926800 12.957600 11.806500
v 4.924800 12.757000 11.181900
v 4.928600 12.510800 10.611900
v 3.761300 13.416000 12.558300
v 4.345700 13.269800 12.526900
v 4.925800 13.087900 12.471900
v 5.488700 12.869800 12.399600
v 5.447400 12.753000 11.751300
v 5.398200 12.570700 11.147000
v 5.354000 12.345600 10.598500
v 1.701300 13.033000 10.651000
v 1.647700 13.303500 11.230300
v 2.172200 13.261900 11.222500
v 2.241500 12.982500 10.636500
v 1.618600 13.537900 11.852600
v 2.126600 13.499600 11.853300
v 2.672900 13.444800 11.861900
v 2.734000 13.206500 11.219400
v 2.815600 12.922600 10.622800
v 1.608300 13.712400 12.518900
v 2.099800 13.669600 12.526700
v 2.628800 13.609200 12.544800
v 3.185900 13.526900 12.559800
v 3.241300 13.366500 11.870200
v 3.310400 13.130300 11.218400
v 3.395800 12.846600 10.614000
v 0.373000 13.388600 11.274600
v 0.386100 13.161800 10.668900
v 0.368600 13.602700 11.911100
v 0.753500 13.588000 11.891000
v 0.763400 13.367100 11.261900
v 0.789600 13.124900 10.668800
v 0.370500 13.773000 12.587400
v 0.755400 13.761500 12.561800
v 1.164100 13.742200 12.534800
v 1.165500 13.566900 11.868400
v 1.183200 13.338700 11.245300
v 1.222700 13.081200 10.662300
v 6.547500 10.081500 8.592200
v 6.233400 10.464800 8.700400
v 6.390700 10.658000 9.042400
v 6.713200 10.281900 8.954100
v 5.962500 10.806900 8.849500
v 6.101500 10.987000 9.164100
v 6.216400 11.192200 9.529600
v 6.526100 10.866200 9.427400
v 6.856700 10.490800 9.352600
v 5.741200 11.096800 9.009400
v 5.846900 11.261900 9.287400
v 5.588900 11.292300 9.139500
v 5.603500 11.466100 9.364500
v 5.630800 11.688100 9.697100
v 5.923000 11.468500 9.629600
v 6.008100 11.685200 10.032700
v 6.331000 11.403100 9.945500
v 5.677900 11.918300 10.097000
v 6.658700 11.073600 9.856200
v 6.996800 10.691800 9.789800
v 7.935800 8.235800 8.762100
v 7.613800 8.744500 8.654300
v 7.782600 8.918300 9.036600
v 8.101100 8.394000 9.138900
v 7.261500 9.223100 8.579700
v 7.432200 9.410700 8.962000
v 7.572900 9.596500 9.364400
v 7.916000 9.085600 9.433400
v 8.226900 8.542300 9.528100
v 6.898100 9.668200 8.555500
v 7.068100 9.865700 8.930900
v 7.212700 10.066200 9.334500
v 7.351000 10.252700 9.771100
v 7.702200 9.763000 9.794500
v 8.031100 9.229300 9.854300
v 8.327600 8.664200 9.939800
v 5.278500 9.577400 7.524900
v 5.021700 10.042000 7.749600
v 5.448300 10.088600 7.922500
v 5.726300 9.650900 7.724400
v 4.795400 10.508800 8.030500
v 5.207200 10.523500 8.178200
v 5.527600 10.577200 8.365700
v 5.779700 10.175300 8.141300
v 6.073500 9.761200 7.974200
v 4.597800 10.965500 8.359300
v 5.004100 10.949100 8.479600
v 4.426100 11.395600 8.729500
v 4.837000 11.351500 8.821800
v 5.164100 11.324200 8.934600
v 5.321900 10.962800 8.630200
v 5.566900 11.004500 8.798500
v 5.775300 10.671000 8.586400
v 5.420900 11.307200 9.048300
v 6.035600 10.302300 8.400300
v 6.340700 9.906400 8.264500
v 4.277800 11.782400 9.134500
v 4.704200 11.716800 9.200100
v 4.151000 12.133400 9.579200
v 4.601000 12.050800 9.620300
v 4.987200 11.957900 9.668400
v 5.056100 11.653600 9.278600
v 4.044100 12.455900 10.068300
v 4.522800 12.359300 10.088200
v 4.947000 12.244100 10.110100
v 5.328100 12.100800 10.117900
v 5.324700 11.844100 9.702000
v 5.347900 11.583400 9.347500
v 2.139600 11.703400 8.678200
v 2.012800 12.098800 9.133400
v 2.596600 12.019600 9.116400
v 2.741500 11.622700 8.662900
v 1.891800 12.442700 9.610600
v 2.460000 12.368600 9.594200
v 3.047600 12.295900 9.574000
v 3.190800 11.941100 9.100900
v 3.345500 11.541700 8.657300
v 1.785400 12.750000 10.113800
v 2.339500 12.687100 10.097300
v 2.921300 12.621100 10.077800
v 3.499900 12.543600 10.066500
v 3.622300 12.216300 9.566400
v 3.762300 11.859600 9.104200
v 3.918000 11.462500 8.677100
v 2.645700 9.611200 7.263200
v 2.512500 10.173600 7.520600
v 3.190100 10.107400 7.524000
v 3.356400 9.562900 7.267600
v 2.387000 10.727100 7.846800
v 3.035500 10.649500 7.845800
v 3.676000 10.582500 7.869200
v 3.857800 10.060200 7.554700
v 4.056700 9.539900 7.301700
v 2.263500 11.241600 8.241000
v 2.886900 11.160300 8.232400
v 3.506200 11.082600 8.241700
v 4.087500 11.013800 8.282000
v 4.273800 10.532000 7.929100
v 4.479900 10.035500 7.628400
v 4.709700 9.542600 7.385700
v 0.476000 12.351400 9.084900
v 0.511200 11.928500 8.662900
v 0.441500 12.703100 9.548200
v 0.897100 12.614700 9.585400
v 0.964500 12.267300 9.118600
v 1.033700 11.857200 8.684500
v 0.410200 12.953300 10.084800
v 0.836500 12.887300 10.106000
v 1.289600 12.818200 10.116200
v 1.375700 12.526300 9.606900
v 1.472800 12.182200 9.134500
v 1.573400 11.781900 8.687500
v 0.609800 10.416700 7.524100
v 0.643800 9.841600 7.248100
v 0.577200 10.960800 7.864500
v 1.164100 10.889500 7.871200
v 1.228800 10.341000 7.534800
v 1.296400 9.766800 7.267500
v 0.544600 11.464900 8.250100
v 1.099600 11.396400 8.261600
v 1.670200 11.321200 8.254700
v 1.765300 10.809400 7.860300
v 1.860900 10.255700 7.529000
v 1.961400 9.684600 7.267800
v 8.698300 1.391200 10.364700
v 8.760500 1.847600 10.344600
v 8.934800 1.825900 10.403900
v 8.883900 1.369000 10.406300
v 8.810700 2.245900 10.320400
v 8.966800 2.227000 10.403800
v 9.117800 2.212800 10.476700
v 9.098500 1.812400 10.461600
v 9.056700 1.358600 10.453400
v 8.807600 2.609700 10.317900
v 8.942800 2.593200 10.425000
v 8.786400 2.950000 10.295500
v 8.899200 2.936500 10.426600
v 9.028800 2.923200 10.524000
v 9.084300 2.578600 10.509100
v 9.226800 2.564500 10.593600
v 9.252600 2.199700 10.566600
v 9.177100 2.910700 10.605900
v 9.240100 1.801600 10.546400
v 9.209200 1.352900 10.530400
v 8.662000 -0.870900 10.269500
v 8.650700 -0.316300 10.292600
v 8.829800 -0.319000 10.343100
v 8.842100 -0.868200 10.329100
v 8.652100 0.271000 10.327400
v 8.834300 0.260700 10.367900
v 8.998800 0.268000 10.429200
v 8.985700 -0.302600 10.421200
v 8.991500 -0.846100 10.420500
v 8.665100 0.852900 10.355300
v 8.851400 0.835300 10.391600
v 9.023000 0.832800 10.441200
v 9.179400 0.836100 10.516500
v 9.152600 0.281700 10.508100
v 9.130400 -0.279500 10.508800
v 9.125100 -0.817300 10.514800
v 9.244300 5.878200 11.364300
v 9.218400 5.740900 11.034100
v 9.276500 5.917300 11.785300
v 9.357400 5.464100 11.846900
v 9.321300 5.431100 11.470900
v 9.282200 5.338700 11.173100
v 9.311500 5.889400 12.265200
v 9.383500 5.442200 12.291500
v 9.438000 5.016200 12.312100
v 9.417300 5.030200 11.896300
v 9.387500 5.001400 11.542400
v 9.349600 4.934900 11.253300
v 9.159600 4.364700 10.544600
v 9.162600 4.778400 10.520200
v 9.210000 4.754700 10.688700
v 9.233700 4.370400 10.706300
v 9.166600 5.215100 10.538100
v 9.198400 5.128300 10.719400
v 9.232500 5.023300 10.843400
v 9.256900 4.757700 10.852000
v 9.304400 4.393800 10.876300
v 9.162400 5.672300 10.615700
v 9.202200 5.474000 10.826800
v 9.247100 5.182500 10.963000
v 9.304700 4.835700 11.031700
v 9.363900 4.456200 11.071200
v 9.070800 6.280600 10.320700
v 8.958300 6.871300 10.251600
v 9.006600 6.254900 9.933900
v 8.884400 6.817600 9.847800
v 8.708800 7.396300 9.744800
v 8.792000 7.481400 10.147500
v 8.912000 6.187300 9.580200
v 8.777500 6.727200 9.478600
v 8.791900 6.099400 9.249300
v 8.639400 6.619300 9.133400
v 8.440200 7.156200 9.013700
v 8.592800 7.282900 9.369600
v 8.369200 7.843700 9.253100
v 8.490400 7.975200 9.635000
v 8.208500 7.700800 8.885900
v 8.581500 8.080300 10.040600
v 9.120400 5.739700 10.322300
v 9.127600 5.241900 10.307000
v 9.076000 5.227300 10.044700
v 9.065000 5.724300 9.993000
v 9.113100 4.780400 10.325400
v 9.089800 4.354900 10.374300
v 9.019600 4.341700 10.191800
v 9.056200 4.765800 10.108700
v 8.986300 4.739800 9.874600
v 9.006600 5.190000 9.769900
v 8.944100 4.325900 9.993400
v 8.859400 4.308500 9.776000
v 8.901200 4.708000 9.626700
v 8.918600 5.141200 9.489000
v 8.985100 5.673700 9.674600
v 8.883600 5.605800 9.365500
v 9.266500 3.992500 10.744100
v 9.167000 3.976300 10.593800
v 9.353800 4.020500 10.914900
v 9.400700 3.641800 10.960400
v 9.308900 3.620300 10.788700
v 9.194800 3.606900 10.647500
v 9.413600 4.066700 11.119600
v 9.454400 3.671900 11.171500
v 9.486900 3.276100 11.221300
v 9.441000 3.261700 11.005400
v 9.361900 3.252900 10.826500
v 9.252900 3.250000 10.685300
v 8.900000 3.951100 10.130700
v 8.821500 3.944700 9.934200
v 8.980400 3.957500 10.300800
v 8.960700 3.600900 10.408200
v 8.870700 3.602800 10.263200
v 8.793500 3.604900 10.084900
v 9.070600 3.965200 10.450600
v 9.073700 3.601400 10.528500
v 9.117600 3.253100 10.582200
v 8.982200 3.260100 10.486500
v 8.872800 3.268800 10.367200
v 8.781700 3.277500 10.211500
v 0.680400 9.244600 7.055900
v 1.369400 9.183100 7.084500
v 1.437100 8.601300 6.976800
v 0.714200 8.642400 6.938900
v 2.070800 9.120400 7.084300
v 2.791800 9.069900 7.075300
v 2.927300 8.545400 6.947100
v 2.172400 8.566500 6.968800
v 2.249300 8.026200 6.911900
v 1.488700 8.032900 6.935700
v 3.028600 8.033500 6.869000
v 3.072100 7.531800 6.830300
v 2.285200 7.503000 6.898000
v 1.514200 7.487800 6.942000
v 0.740100 8.051500 6.888700
v 0.753300 7.486100 6.886300
v 6.469800 7.561500 7.254700
v 5.548300 7.620300 6.998500
v 5.451300 8.110700 7.033800
v 6.163300 8.163800 7.248000
v 4.706900 7.611100 6.866000
v 4.646400 8.086000 6.905500
v 4.485500 8.564900 6.983800
v 5.223400 8.601300 7.090200
v 5.869400 8.665200 7.272100
v 3.880400 7.574800 6.814800
v 3.833200 8.056900 6.858700
v 3.709200 8.545500 6.944100
v 3.539900 9.044900 7.077400
v 4.277400 9.045500 7.113600
v 4.966900 9.071600 7.206900
v 5.567800 9.127400 7.365100
v 7.716700 8.084400 8.387700
v 7.392000 8.581500 8.277000
v 7.424400 7.932100 8.014500
v 7.094300 8.426900 7.908500
v 6.751900 8.897700 7.860100
v 7.041900 9.051000 8.209800
v 7.039700 7.771400 7.641600
v 6.697900 8.278500 7.552500
v 6.370000 8.766500 7.538100
v 6.039800 9.217100 7.595800
v 6.404600 9.338900 7.881200
v 6.683800 9.491000 8.203300
v 8.651300 6.012400 8.930900
v 8.472200 6.512700 8.801700
v 8.498200 5.924000 8.617700
v 8.286700 6.403600 8.477600
v 8.023200 6.903500 8.331600
v 8.247500 7.031700 8.669000
v 8.340800 5.831900 8.302300
v 8.093800 6.288400 8.154800
v 8.160800 5.728200 7.999500
v 7.876100 6.156100 7.853700
v 7.504200 6.600400 7.694800
v 7.775900 6.766200 7.997600
v 7.411800 7.263900 7.808300
v 7.734900 7.418600 8.166400
v 7.064300 7.059300 7.493700
v 7.998800 7.561700 8.524700
v 8.476600 4.220100 8.679900
v 8.466000 4.564300 8.508900
v 8.575100 4.605300 8.811800
v 8.565800 4.247200 8.988200
v 8.433100 4.929900 8.333700
v 8.565000 4.988300 8.633200
v 8.690900 5.041800 8.924400
v 8.687000 4.642200 9.097700
v 8.660900 4.270500 9.274500
v 8.338900 5.318700 8.161700
v 8.492400 5.397900 8.462500
v 8.630400 5.469600 8.765500
v 8.763100 5.538300 9.064500
v 8.811000 5.092300 9.208400
v 8.798600 4.676000 9.368500
v 8.761900 4.290500 9.536700
v 8.688600 2.963200 10.112600
v 8.701300 3.284400 10.006500
v 8.609200 2.973200 9.879800
v 8.635100 3.287400 9.755200
v 8.651200 3.601900 9.604800
v 8.718800 3.605100 9.864500
v 8.551900 2.977500 9.598600
v 8.586700 3.284700 9.460500
v 8.499500 2.978100 9.281800
v 8.533100 3.279100 9.138300
v 8.529200 3.584200 8.990800
v 8.595300 3.594200 9.308500
v 8.580500 3.912600 9.152400
v 8.654400 3.926700 9.444000
v 8.504000 3.895600 8.839300
v 8.737200 3.937000 9.704900
v 8.507400 1.432200 10.304400
v 8.586900 1.882700 10.254900
v 8.323900 1.485000 10.207500
v 8.421900 1.925900 10.125000
v 8.520300 2.304300 10.034500
v 8.660200 2.273000 10.198900
v 8.160500 1.542700 10.056600
v 8.273300 1.971900 9.945100
v 8.024400 1.600100 9.848000
v 8.148000 2.015800 9.712300
v 8.288800 2.364400 9.562600
v 8.395500 2.335900 9.822400
v 8.488300 2.666100 9.713100
v 8.576800 2.649500 9.962800
v 8.412000 2.679200 9.421200
v 8.684500 2.629600 10.164100
v 8.436300 -0.841800 10.271100
v 8.436900 -0.282200 10.287900
v 8.178500 -0.770900 10.315400
v 8.206300 -0.216600 10.297400
v 8.235700 0.370800 10.281500
v 8.445200 0.310100 10.311200
v 7.902400 -0.648200 10.384000
v 7.977400 -0.119400 10.289500
v 7.637700 -0.488100 10.397900
v 7.769300 -0.000100 10.220700
v 7.884100 0.530300 10.056700
v 8.045800 0.445600 10.200800
v 8.095700 1.016800 10.132500
v 8.268400 0.952300 10.255600
v 7.952800 1.084300 9.947600
v 8.464400 0.894800 10.319900
v 7.940100 5.605300 7.724500
v 7.616700 5.995700 7.594300
v 7.689600 5.460200 7.486000
v 7.329700 5.807200 7.381700
v 6.892800 6.137900 7.266800
v 7.206600 6.386800 7.450900
v 7.420000 5.290100 7.292800
v 7.029700 5.590400 7.220800
v 7.144400 5.092900 7.146100
v 6.731700 5.345800 7.108800
v 6.262900 5.570400 7.070300
v 6.572400 5.865800 7.143400
v 6.063300 6.091300 7.045100
v 6.395100 6.429300 7.119000
v 5.752600 5.743700 7.017900
v 5.205600 5.838600 6.967300
v 5.499900 6.234600 6.957100
v 5.820400 6.632800 6.983400
v 6.727000 6.766500 7.266200
v 6.141100 7.049700 7.083300
v 8.393000 4.189000 8.351400
v 8.363000 4.518300 8.187100
v 8.305800 4.149800 8.023700
v 8.251300 4.462400 7.870800
v 8.140000 4.786500 7.729800
v 8.294800 4.864500 8.024900
v 8.205700 4.098700 7.717600
v 8.116000 4.391900 7.584800
v 8.092000 4.031800 7.450900
v 7.961600 4.302400 7.343700
v 7.758700 4.571000 7.259700
v 7.958400 4.690000 7.471200
v 7.727900 4.989700 7.375100
v 7.956200 5.119500 7.601800
v 7.486500 4.834600 7.195200
v 8.160100 5.227500 7.869400
v 8.435100 2.977300 8.941600
v 8.451500 3.273600 8.804600
v 8.355600 2.973800 8.598500
v 8.355700 3.264700 8.470800
v 8.325200 3.559100 8.342400
v 8.430900 3.574400 8.666900
v 8.257800 2.966300 8.272600
v 8.259100 3.248700 8.148600
v 8.163800 2.947300 7.972600
v 8.172200 3.220500 7.850400
v 8.161400 3.492400 7.725600
v 8.236400 3.532700 8.022900
v 8.232300 3.814200 7.871400
v 8.319500 3.851400 8.187100
v 8.146700 3.762300 7.585400
v 8.413500 3.876900 8.513600
v 7.922900 1.652200 9.578200
v 8.052600 2.052600 9.423600
v 7.856100 1.693600 9.265800
v 7.986400 2.078400 9.098900
v 8.134200 2.399800 8.921300
v 8.202800 2.386500 9.255100
v 7.823900 1.719200 8.929200
v 7.948700 2.089300 8.757900
v 7.825100 1.723600 8.583200
v 7.941000 2.080100 8.415100
v 8.046100 2.388000 8.252000
v 8.079600 2.402100 8.582500
v 8.190300 2.689200 8.419000
v 8.269500 2.691900 8.751600
v 8.121000 2.673400 8.105500
v 8.341200 2.688200 9.093100
v 7.414500 -0.304600 10.278000
v 7.601400 0.131800 10.047500
v 7.240000 -0.122700 10.050600
v 7.473500 0.262700 9.795500
v 7.668100 0.708800 9.562300
v 7.759400 0.620400 9.837000
v 7.121400 0.032900 9.741900
v 7.385700 0.379300 9.490600
v 7.045700 0.161000 9.392800
v 7.328600 0.477900 9.157700
v 7.568900 0.854900 8.926800
v 7.606600 0.788400 9.253400
v 7.731300 1.260300 9.080400
v 7.772800 1.211400 9.403000
v 7.717700 1.292700 8.744500
v 7.845900 1.151000 9.698300
v 4.505200 -10.112700 7.488300
v 4.558600 -9.808700 7.433000
v 4.469600 -9.758000 7.606500
v 4.418000 -10.060300 7.658000
v 4.623100 -9.531300 7.377600
v 4.528500 -9.481900 7.557300
v 4.440500 -9.427000 7.756800
v 4.389600 -9.703600 7.799000
v 4.339300 -10.005600 7.845400
v 4.689100 -9.261300 7.322600
v 4.583200 -9.214500 7.510600
v 4.723100 -8.984700 7.273200
v 4.606500 -8.943800 7.470200
v 4.487700 -8.895100 7.687500
v 4.478600 -9.160800 7.718800
v 4.422600 -9.108100 7.933600
v 4.395500 -9.376700 7.964800
v 4.426000 -8.842700 7.908000
v 4.350700 -9.656900 8.001100
v 4.298800 -9.960000 8.042300
v 4.079500 -11.466600 7.681200
v 4.242700 -11.152500 7.641700
v 4.178700 -11.096300 7.807000
v 4.029700 -11.411800 7.844100
v 4.404200 -10.821000 7.595400
v 4.322400 -10.762900 7.763500
v 4.241100 -10.700500 7.945100
v 4.114700 -11.034700 7.987400
v 3.981000 -11.350400 8.023900
v 4.472700 -10.462200 7.543400
v 4.385600 -10.406400 7.712100
v 4.302900 -10.347700 7.895900
v 4.250300 -10.297000 8.088400
v 4.179800 -10.643500 8.134600
v 4.062000 -10.974900 8.176400
v 3.938800 -11.288000 8.213200
v 3.640300 -12.481800 7.759400
v 3.791800 -12.270200 7.747200
v 3.734800 -12.210800 7.912500
v 3.589400 -12.425100 7.925700
v 3.938200 -12.048600 7.734800
v 3.874900 -11.986000 7.900000
v 3.814200 -11.915600 8.079900
v 3.681600 -12.143400 8.095000
v 3.542200 -12.360500 8.112100
v 4.006000 -11.773000 7.712500
v 3.950800 -11.714000 7.876100
v 3.897400 -11.647600 8.055500
v 3.851900 -11.579400 8.244400
v 3.764100 -11.843200 8.269900
v 3.638400 -12.073100 8.289300
v 3.503700 -12.292700 8.312600
v 3.111900 -13.371900 7.828600
v 3.297600 -13.167500 7.816100
v 3.231800 -13.100200 7.995800
v 3.052200 -13.300400 8.012400
v 3.468000 -12.968600 7.802900
v 3.398300 -12.901200 7.978400
v 3.326700 -12.825800 8.176000
v 3.162300 -13.024700 8.201400
v 2.988300 -13.220500 8.225900
v 3.557300 -12.727300 7.781000
v 3.497400 -12.665700 7.951300
v 3.438600 -12.596200 8.142700
v 3.389200 -12.525200 8.349700
v 3.265100 -12.751300 8.391000
v 3.102200 -12.951800 8.427200
v 2.934100 -13.145200 8.462200
v 2.415800 -14.240900 7.902400
v 2.633900 -14.077500 7.884500
v 2.592900 -13.972900 8.085400
v 2.397000 -14.144400 8.110500
v 2.835800 -13.883600 7.868900
v 2.775100 -13.777700 8.063400
v 2.711400 -13.660000 8.289000
v 2.550000 -13.853700 8.319800
v 2.377600 -14.031600 8.354500
v 2.976500 -13.629500 7.848200
v 2.914100 -13.539900 8.037000
v 2.847800 -13.440600 8.256400
v 2.795000 -13.350100 8.499900
v 2.664500 -13.553700 8.539000
v 2.522300 -13.743500 8.578000
v 2.370700 -13.924500 8.621500
v 1.615300 -14.706300 8.003600
v 1.830800 -14.629800 7.985200
v 1.819400 -14.543000 8.210500
v 1.598800 -14.618500 8.228800
v 2.040100 -14.541100 7.960400
v 2.031100 -14.451500 8.182800
v 2.025000 -14.349300 8.443600
v 1.812400 -14.447900 8.477400
v 1.587400 -14.527600 8.496600
v 2.226500 -14.403500 7.930200
v 2.216600 -14.311400 8.146200
v 2.208000 -14.203700 8.399200
v 2.211800 -14.101900 8.674200
v 2.031500 -14.253600 8.727500
v 1.815700 -14.357800 8.773000
v 1.583800 -14.442100 8.795700
v 0.705200 -14.715200 8.974500
v 0.721200 -14.799800 8.738900
v 0.922300 -14.719000 8.740900
v 0.905000 -14.637600 8.971900
v 0.745300 -14.889900 8.478600
v 0.945800 -14.807100 8.482900
v 1.152800 -14.711000 8.488700
v 1.133800 -14.627900 8.753100
v 1.115900 -14.552300 8.989300
v 0.780800 -15.011700 8.234600
v 0.979600 -14.921700 8.238000
v 0.816800 -15.133200 8.018500
v 1.015600 -15.039100 8.020900
v 1.212200 -14.922000 8.019300
v 1.180400 -14.813800 8.238900
v 1.386300 -14.710700 8.237000
v 1.367100 -14.616600 8.496800
v 1.410600 -14.807300 8.014200
v 1.355400 -14.533800 8.780200
v 1.336200 -14.460900 9.033800
v 4.536400 -10.193100 7.009200
v 4.592400 -9.886700 6.958400
v 4.646700 -9.880900 7.055300
v 4.592000 -10.189000 7.108800
v 4.640900 -9.607200 6.901900
v 4.699500 -9.599900 6.995900
v 4.715900 -9.587100 7.103900
v 4.657600 -9.867800 7.164400
v 4.604000 -10.176000 7.219900
v 4.671600 -9.337400 6.843700
v 4.737500 -9.327400 6.935200
v 4.670100 -9.062000 6.793700
v 4.742700 -9.048300 6.881600
v 4.781600 -9.033400 6.985400
v 4.765100 -9.314000 7.041600
v 4.749400 -9.293300 7.168500
v 4.688100 -9.565300 7.228800
v 4.778300 -9.013400 7.113800
v 4.624800 -9.844600 7.288000
v 4.571100 -10.150800 7.344300
v 4.137500 -11.570100 7.212100
v 4.268000 -11.248100 7.158300
v 4.314600 -11.242700 7.258400
v 4.163200 -11.561100 7.310200
v 4.403300 -10.906100 7.094900
v 4.470800 -10.906100 7.197700
v 4.494700 -10.894100 7.314600
v 4.323600 -11.226200 7.371800
v 4.156000 -11.540800 7.420900
v 4.483100 -10.543700 7.050000
v 4.548400 -10.542800 7.152000
v 4.568900 -10.531000 7.267000
v 4.538800 -10.504000 7.396200
v 4.467100 -10.865200 7.446500
v 4.295300 -11.196000 7.498100
v 4.124800 -11.509400 7.542400
v 3.727000 -12.562700 7.300200
v 3.870800 -12.356500 7.268400
v 3.894000 -12.360200 7.364700
v 3.739900 -12.566700 7.391700
v 4.006100 -12.140500 7.237200
v 4.039700 -12.143800 7.338500
v 4.034500 -12.129500 7.458600
v 3.884300 -12.347100 7.478600
v 3.726500 -12.554800 7.498700
v 4.072600 -11.873000 7.228400
v 4.100500 -11.869400 7.328600
v 4.092400 -11.851300 7.444600
v 4.057000 -11.819000 7.570700
v 3.996000 -12.097100 7.589200
v 3.845900 -12.316300 7.604300
v 3.689600 -12.525800 7.619100
v 3.214400 -13.491800 7.354800
v 3.386200 -13.263100 7.335800
v 3.392500 -13.263700 7.433800
v 3.205400 -13.481000 7.453200
v 3.539200 -13.043800 7.316900
v 3.562000 -13.056500 7.413900
v 3.558000 -13.049300 7.526600
v 3.379100 -13.248000 7.543200
v 3.183000 -13.456400 7.559400
v 3.634700 -12.801100 7.310700
v 3.653500 -12.811500 7.404000
v 3.645800 -12.803600 7.513200
v 3.610200 -12.774400 7.636900
v 3.523900 -13.019000 7.654300
v 3.347100 -13.216400 7.668000
v 3.153700 -13.421900 7.681000
v 2.397100 -14.339300 7.437800
v 2.648200 -14.196600 7.403000
v 2.661800 -14.198500 7.495900
v 2.410100 -14.341200 7.523000
v 2.888400 -14.017600 7.371600
v 2.899600 -14.019000 7.472000
v 2.893300 -13.997500 7.583800
v 2.663400 -14.181300 7.600900
v 2.417500 -14.328700 7.620800
v 3.062900 -13.763000 7.361100
v 3.060900 -13.756300 7.461900
v 3.043800 -13.731000 7.571400
v 3.017700 -13.691000 7.696600
v 2.873600 -13.954600 7.712600
v 2.655700 -14.144000 7.726700
v 2.421000 -14.298800 7.743200
v 1.617100 -14.816000 7.500700
v 1.810600 -14.719700 7.489700
v 1.832500 -14.740400 7.577000
v 1.638300 -14.841400 7.590300
v 2.003000 -14.616700 7.473900
v 2.024500 -14.633200 7.559400
v 2.037500 -14.628400 7.662200
v 1.842600 -14.733600 7.683000
v 1.644700 -14.832700 7.699100
v 2.190300 -14.484600 7.459000
v 2.207400 -14.493100 7.542800
v 2.219000 -14.485600 7.641400
v 2.226300 -14.458600 7.766200
v 2.042500 -14.598900 7.791400
v 1.840300 -14.695000 7.814200
v 1.633800 -14.782600 7.831900
v 0.816700 -15.149800 7.504700
v 1.026400 -15.102200 7.503100
v 1.050900 -15.165500 7.593700
v 0.840000 -15.224600 7.591300
v 1.232000 -15.031300 7.499400
v 1.255600 -15.079400 7.593200
v 1.262300 -15.083400 7.707200
v 1.060600 -15.186000 7.705800
v 0.851600 -15.259500 7.700900
v 1.426600 -14.927900 7.501300
v 1.448700 -14.962900 7.593900
v 1.454200 -14.957400 7.706100
v 1.437300 -14.897600 7.841700
v 1.243700 -15.021400 7.845700
v 1.045700 -15.135600 7.845800
v 0.842100 -15.222400 7.842000
v 4.438000 -10.191300 6.919100
v 4.494800 -9.888300 6.871700
v 4.308000 -10.183500 6.841100
v 4.365300 -9.885300 6.796000
v 4.413300 -9.615200 6.746200
v 4.542100 -9.612800 6.818700
v 4.157600 -10.169800 6.778000
v 4.215500 -9.877100 6.732300
v 3.990600 -10.148900 6.730800
v 4.047800 -9.862000 6.682400
v 4.097200 -9.603900 6.634700
v 4.264500 -9.613100 6.684300
v 4.298800 -9.361100 6.633500
v 4.446500 -9.356800 6.690700
v 4.131800 -9.357500 6.589000
v 4.142400 -9.106000 6.554500
v 4.305900 -9.104600 6.592500
v 4.450300 -9.093900 6.644200
v 4.572700 -9.348000 6.761500
v 4.572200 -9.078500 6.712900
v 4.069800 -11.567700 7.128800
v 4.183500 -11.244600 7.071500
v 3.973500 -11.555600 7.058500
v 4.072300 -11.232900 6.998000
v 4.171600 -10.885300 6.931200
v 4.300200 -10.899200 7.005700
v 3.861800 -11.535600 6.999100
v 3.945100 -11.213100 6.937900
v 3.734500 -11.504400 6.948700
v 3.803200 -11.182700 6.890900
v 3.871000 -10.834600 6.830600
v 4.027800 -10.864500 6.872700
v 4.096800 -10.507800 6.822100
v 4.246800 -10.526200 6.882600
v 3.932600 -10.481600 6.778700
v 4.379100 -10.538200 6.959300
v 3.685100 -12.544500 7.226100
v 3.810600 -12.337100 7.195200
v 3.624000 -12.517100 7.162600
v 3.728800 -12.308100 7.137300
v 3.826700 -12.090500 7.107800
v 3.928300 -12.120400 7.163000
v 3.553400 -12.485800 7.103300
v 3.640600 -12.275900 7.087100
v 3.464300 -12.445600 7.049800
v 3.538700 -12.236100 7.041500
v 3.606300 -12.018100 7.024200
v 3.721200 -12.057600 7.064000
v 3.791100 -11.814000 7.037900
v 3.899900 -11.840600 7.088300
v 3.670200 -11.778500 6.993200
v 3.999700 -11.861800 7.150100
v 3.203700 -13.484700 7.256100
v 3.358700 -13.245700 7.245600
v 3.172200 -13.459400 7.162900
v 3.313700 -13.214200 7.163300
v 3.431900 -12.975200 7.167300
v 3.492700 -13.014500 7.236600
v 3.119400 -13.415500 7.080500
v 3.255100 -13.171500 7.089200
v 3.042800 -13.351800 7.014700
v 3.176300 -13.113900 7.028600
v 3.284500 -12.880900 7.048700
v 3.366000 -12.932600 7.103600
v 3.463600 -12.704300 7.108500
v 3.530200 -12.741100 7.169900
v 3.380000 -12.659300 7.054000
v 3.590400 -12.775500 7.235000
v 2.376700 -14.326000 7.353600
v 2.620100 -14.176700 7.313700
v 2.348200 -14.299800 7.270700
v 2.580200 -14.140700 7.229700
v 2.807300 -13.947000 7.191900
v 2.855900 -13.991800 7.277200
v 2.311000 -14.259200 7.189800
v 2.531000 -14.090500 7.152800
v 2.260600 -14.197500 7.114700
v 2.469000 -14.021600 7.083200
v 2.675500 -13.813700 7.055400
v 2.748000 -13.888300 7.118800
v 2.947200 -13.658800 7.092500
v 3.004000 -13.711800 7.171000
v 2.871300 -13.587700 7.028100
v 3.043200 -13.747300 7.262400
v 1.583600 -14.763700 7.425800
v 1.777400 -14.675800 7.414400
v 1.546400 -14.699400 7.360700
v 1.740200 -14.620200 7.347000
v 1.937300 -14.536900 7.325000
v 1.972400 -14.582500 7.396600
v 1.513900 -14.638400 7.300600
v 1.706200 -14.564900 7.283500
v 1.483000 -14.572700 7.244400
v 1.671700 -14.501700 7.222900
v 1.862700 -14.424000 7.191300
v 1.902000 -14.486500 7.256800
v 2.102400 -14.387900 7.225000
v 2.136900 -14.431000 7.301000
v 2.058800 -14.327100 7.153000
v 2.166500 -14.463600 7.378700
v 0.791700 -15.067300 7.432700
v 0.997100 -15.024300 7.427800
v 0.766800 -14.983100 7.371700
v 0.966600 -14.940500 7.365100
v 1.165200 -14.880400 7.357100
v 1.199900 -14.961000 7.421500
v 0.744200 -14.903500 7.318400
v 0.938900 -14.859700 7.312300
v 0.723000 -14.823900 7.270700
v 0.913000 -14.778500 7.265900
v 1.104600 -14.721400 7.256200
v 1.133700 -14.801600 7.303400
v 1.324300 -14.722600 7.303300
v 1.356600 -14.793100 7.359900
v 1.294300 -14.649300 7.252300
v 1.393300 -14.866400 7.424600
v 3.810600 -10.119900 6.700300
v 3.864600 -9.838600 6.648000
v 3.617800 -10.081400 6.688500
v 3.665700 -9.805200 6.631400
v 3.710000 -9.555100 6.579500
v 3.912500 -9.585200 6.599000
v 3.412300 -10.032300 6.697000
v 3.451200 -9.760200 6.634800
v 3.200900 -9.971300 6.748400
v 3.230600 -9.702600 6.689300
v 3.261100 -9.455400 6.635800
v 3.488800 -9.511700 6.578500
v 3.521500 -9.270400 6.534700
v 3.745000 -9.314300 6.537400
v 3.290500 -9.213600 6.594500
v 3.318000 -8.961700 6.572000
v 3.546000 -9.020200 6.510300
v 3.765400 -9.066100 6.511600
v 3.947800 -9.342600 6.556200
v 3.963200 -9.094000 6.526900
v 3.591100 -11.458800 6.905200
v 3.647800 -11.138800 6.856800
v 3.432300 -11.398700 6.879000
v 3.480000 -11.081700 6.841400
v 3.526300 -10.741300 6.798700
v 3.703600 -10.793600 6.805400
v 3.258900 -11.323500 6.880300
v 3.300700 -11.011400 6.850600
v 3.075600 -11.234500 6.917700
v 3.112900 -10.928200 6.892500
v 3.145400 -10.602500 6.857400
v 3.339400 -10.677800 6.812300
v 3.375800 -10.344900 6.758700
v 3.571800 -10.400700 6.746000
v 3.173600 -10.277400 6.806900
v 3.757400 -10.446100 6.753000
v 3.347700 -12.391700 7.004300
v 3.415500 -12.184700 6.997400
v 3.207400 -12.324700 6.972000
v 3.271700 -12.120600 6.963300
v 3.329200 -11.905600 6.946600
v 3.476300 -11.968100 6.981200
v 3.047700 -12.245100 6.958000
v 3.108200 -12.043100 6.947700
v 2.875500 -12.153200 6.982300
v 2.932100 -11.952000 6.970700
v 2.984400 -11.737700 6.955600
v 3.163000 -11.828700 6.931900
v 3.213100 -11.592400 6.908400
v 3.382400 -11.669100 6.916300
v 3.032400 -11.501400 6.938300
v 3.534400 -11.730700 6.948600
v 2.940100 -13.267000 6.971400
v 3.070900 -13.037900 6.986600
v 2.818500 -13.167400 6.950400
v 2.944800 -12.948000 6.963500
v 3.047600 -12.734900 6.977300
v 3.177000 -12.814300 7.005700
v 2.684900 -13.059300 6.951700
v 2.804100 -12.849100 6.959600
v 2.545300 -12.946800 6.990800
v 2.655100 -12.744100 6.992200
v 2.742600 -12.546100 6.992300
v 2.900500 -12.644800 6.966300
v 2.980100 -12.444600 6.965000
v 3.134000 -12.528200 6.978400
v 2.814200 -12.350200 6.989200
v 3.268700 -12.600200 7.009300
v 2.192700 -14.108100 7.049400
v 2.390500 -13.929700 7.021400
v 2.111000 -13.997000 7.005400
v 2.298000 -13.818900 6.979500
v 2.484600 -13.613200 6.961800
v 2.587000 -13.721200 6.999200
v 2.018900 -13.870400 6.994600
v 2.194200 -13.693600 6.970100
v 1.921800 -13.735700 7.033200
v 2.085800 -13.561100 7.009600
v 2.250500 -13.364900 6.994500
v 2.370000 -13.492200 6.954800
v 2.536800 -13.277200 6.949400
v 2.661600 -13.392600 6.951000
v 2.407000 -13.156900 6.989900
v 2.774500 -13.497500 6.979100
v 1.450600 -14.494400 7.191200
v 1.632900 -14.422800 7.164100
v 1.413100 -14.402200 7.151700
v 1.587300 -14.327700 7.120200
v 1.759100 -14.241900 7.080900
v 1.815500 -14.342100 7.127700
v 1.367300 -14.294900 7.136600
v 1.532100 -14.216100 7.104600
v 1.313100 -14.177100 7.164100
v 1.468300 -14.093900 7.133300
v 1.618100 -13.996400 7.098000
v 1.692500 -14.124300 7.066000
v 1.853200 -14.011500 7.028000
v 1.932500 -14.134800 7.040900
v 1.767600 -13.878900 7.063700
v 2.001600 -14.241400 7.087100
v 0.701900 -14.739600 7.226800
v 0.888300 -14.693200 7.222200
v 0.679900 -14.645900 7.195600
v 0.862400 -14.599200 7.190800
v 1.047800 -14.542400 7.178300
v 1.077100 -14.636400 7.211200
v 0.655600 -14.538000 7.186100
v 0.833200 -14.491400 7.181200
v 0.630000 -14.417600 7.216200
v 0.801200 -14.372700 7.212700
v 0.975000 -14.317200 7.199300
v 1.013700 -14.434800 7.167500
v 1.193100 -14.368500 7.155100
v 1.232300 -14.475300 7.168200
v 1.147200 -14.251800 7.184600
v 1.264900 -14.567900 7.203900
v 0.170600 -14.819400 7.184600
v 0.176600 -14.903000 7.230600
v 0.164300 -14.724500 7.156300
v 0.332700 -14.709300 7.165300
v 0.344900 -14.804000 7.197500
v 0.356500 -14.887900 7.243800
v 0.157600 -14.615200 7.155500
v 0.150900 -14.493200 7.197300
v 0.306300 -14.475900 7.187900
v 0.319600 -14.599400 7.156100
v 0.485000 -14.573800 7.172000
v 0.503900 -14.682900 7.182800
v 0.465500 -14.451400 7.201000
v 0.521400 -14.777000 7.215100
v 0.538100 -14.861000 7.260300
v 3.342500 -8.684200 6.575100
v 3.559100 -8.745100 6.512200
v 3.375100 -8.407500 6.608600
v 3.573300 -8.470400 6.542600
v 3.760000 -8.523100 6.529000
v 3.765600 -8.793900 6.508300
v 3.427000 -8.158000 6.677100
v 3.601400 -8.221300 6.603300
v 3.501000 -7.958700 6.765700
v 3.650800 -8.020600 6.681600
v 3.788300 -8.082000 6.636100
v 3.763100 -8.279100 6.574900
v 3.906700 -8.328900 6.565800
v 3.927300 -8.557700 6.531000
v 3.910500 -8.149200 6.613600
v 4.000000 -8.212900 6.607900
v 4.033200 -8.351900 6.575500
v 4.078100 -8.570600 6.547500
v 3.951200 -8.822500 6.518300
v 4.119400 -8.832800 6.540600
v 4.058800 -8.150300 6.637500
v 4.143700 -8.329400 6.603600
v 4.143300 -8.086600 6.677700
v 4.246100 -8.285000 6.643600
v 4.338400 -8.531900 6.621300
v 4.215100 -8.558400 6.577700
v 4.240300 -8.032600 6.714000
v 4.348500 -8.242500 6.688900
v 4.331700 -7.991600 6.756400
v 4.440500 -8.206400 6.743300
v 4.540800 -8.473200 6.745500
v 4.447600 -8.502000 6.678200
v 4.526300 -8.788500 6.685700
v 4.410400 -8.810300 6.621300
v 4.621900 -8.766200 6.761700
v 4.273600 -8.826900 6.573900
v 4.399700 -7.966400 6.815200
v 4.511600 -8.181200 6.810800
v 4.437400 -7.948700 6.896400
v 4.553000 -8.162200 6.900100
v 4.661000 -8.430400 6.914800
v 4.615800 -8.450100 6.820500
v 4.438000 -7.929700 7.006200
v 4.555800 -8.144500 7.019900
v 4.398400 -7.913400 7.157500
v 4.511200 -8.129700 7.180400
v 4.614500 -8.394000 7.204400
v 4.664500 -8.411900 7.040200
v 4.744400 -8.710600 7.071200
v 4.742100 -8.729900 6.943200
v 4.691700 -8.687300 7.234600
v 4.697500 -8.747500 6.843700
v 3.958300 -7.663500 7.030400
v 4.039800 -7.714600 6.919000
v 3.933200 -7.751500 6.884800
v 3.836000 -7.698200 6.993300
v 4.126100 -7.769800 6.839000
v 4.031300 -7.808100 6.804200
v 3.934400 -7.867600 6.762200
v 3.826700 -7.809300 6.837400
v 3.714500 -7.754600 6.941000
v 4.225100 -7.854100 6.786600
v 4.134100 -7.894800 6.749900
v 4.039700 -7.953700 6.713100
v 3.960000 -8.031300 6.665200
v 3.849500 -7.951900 6.702300
v 3.729200 -7.891100 6.764700
v 3.599900 -7.832800 6.859400
v 4.075600 -7.650200 7.066600
v 4.137200 -7.695300 6.952300
v 4.187200 -7.677300 7.100500
v 4.232200 -7.713500 6.979400
v 4.257500 -7.754500 6.916500
v 4.204700 -7.749400 6.877100
v 4.292600 -7.763800 7.130800
v 4.331300 -7.788900 6.995000
v 4.333300 -7.813500 6.901200
v 4.294800 -7.831100 6.834300
v 5.286500 -8.803600 9.017200
v 5.299600 -8.967200 9.019400
v 5.118100 -8.993900 9.011800
v 5.110200 -8.816600 9.013200
v 5.304500 -9.142700 9.031000
v 5.118200 -9.185500 9.020300
v 4.951500 -9.234500 8.959900
v 4.956600 -9.019300 8.953500
v 4.952300 -8.822600 8.959600
v 5.310800 -9.321300 9.044200
v 5.120100 -9.379000 9.041200
v 4.943500 -9.454400 8.993000
v 4.777600 -9.542800 8.921700
v 4.806500 -9.283400 8.873900
v 4.820500 -9.039800 8.861100
v 4.819700 -8.821800 8.862500
v 6.064600 -8.625900 8.763300
v 6.116700 -8.793100 8.737300
v 5.907900 -8.862500 8.787300
v 5.866200 -8.698100 8.809900
v 6.157100 -8.971500 8.726800
v 5.939200 -9.037400 8.784000
v 5.722300 -9.082000 8.871900
v 5.700400 -8.910800 8.869700
v 5.668900 -8.750100 8.886700
v 6.187100 -9.157000 8.735800
v 5.962200 -9.216900 8.798600
v 5.738800 -9.256500 8.885800
v 5.519400 -9.285900 8.980100
v 5.508300 -9.112700 8.967900
v 5.495700 -8.942600 8.959600
v 5.474200 -8.783300 8.965400
v 6.781700 -8.108900 8.895300
v 6.884300 -8.263100 8.841200
v 6.716000 -8.429000 8.802100
v 6.628900 -8.269600 8.846000
v 6.971700 -8.439500 8.798700
v 6.787000 -8.607900 8.765100
v 6.586100 -8.755200 8.744900
v 6.527300 -8.576500 8.777500
v 6.453400 -8.413700 8.813700
v 7.044500 -8.633800 8.771400
v 6.843300 -8.803700 8.738700
v 6.631300 -8.948700 8.720800
v 6.411400 -9.067000 8.714800
v 6.374500 -8.876900 8.722900
v 6.325400 -8.697800 8.745000
v 6.262900 -8.531800 8.775300
v 8.905400 -6.755800 9.976700
v 9.005800 -6.791100 9.982100
v 8.893900 -7.195000 9.835400
v 8.797900 -7.145800 9.817700
v 9.094000 -6.832200 10.007200
v 8.976800 -7.246600 9.868300
v 8.833400 -7.698400 9.700100
v 8.757300 -7.634200 9.659300
v 8.667500 -7.568000 9.630200
v 9.170400 -6.878100 10.049800
v 9.048300 -7.300800 9.914600
v 8.898600 -7.761900 9.751900
v 8.731300 -8.239300 9.570600
v 8.673200 -8.164800 9.507800
v 8.603600 -8.084700 9.454800
v 8.519300 -7.997500 9.413600
v 7.855100 -7.902600 9.206700
v 8.000800 -8.031100 9.172400
v 7.818200 -8.332600 8.998500
v 7.694400 -8.169000 9.017800
v 8.129600 -8.162600 9.162600
v 7.926100 -8.496600 9.005300
v 7.695000 -8.797900 8.899600
v 7.612400 -8.607000 8.876500
v 7.515200 -8.414800 8.879900
v 8.240900 -8.292400 9.179300
v 8.018200 -8.654000 9.037600
v 7.763900 -8.977700 8.947100
v 7.492700 -9.254300 8.893700
v 7.445400 -9.059400 8.838200
v 7.386900 -8.851100 8.808300
v 7.316100 -8.641000 8.803100
v 7.191000 -7.422500 9.446100
v 7.353300 -7.541200 9.390000
v 7.250500 -7.725500 9.196700
v 7.097400 -7.598100 9.267200
v 7.522900 -7.662600 9.329300
v 7.404700 -7.864800 9.127200
v 7.278400 -8.060000 8.965500
v 7.145000 -7.905300 9.034400
v 7.006200 -7.769300 9.109800
v 7.693000 -7.781400 9.263600
v 7.554600 -8.012800 9.064200
v 7.402900 -8.231200 8.911800
v 7.231900 -8.440500 8.821600
v 7.134800 -8.254200 8.860800
v 7.025100 -8.086500 8.917300
v 6.904200 -7.940800 8.984500
v 7.377500 -5.595900 11.135300
v 7.398000 -5.403000 11.273000
v 7.520400 -5.438000 11.466600
v 7.498200 -5.634800 11.329800
v 7.422100 -5.202100 11.390500
v 7.548000 -5.236300 11.582500
v 7.663600 -5.269200 11.790400
v 7.627300 -5.471800 11.676900
v 7.598100 -5.672000 11.543500
v 7.461400 -4.993600 11.491100
v 7.589300 -5.029700 11.682300
v 7.523100 -4.777400 11.581900
v 7.653400 -4.817800 11.771300
v 7.781000 -4.854000 11.975800
v 7.711600 -5.063600 11.889300
v 7.818600 -5.098700 12.101900
v 7.761200 -5.303200 12.003900
v 7.894100 -4.890200 12.186700
v 7.716400 -5.505600 11.891100
v 7.679600 -5.708100 11.760500
v 6.646100 -5.424400 10.723200
v 6.389100 -5.381400 10.729300
v 6.502700 -5.137100 10.812600
v 6.735700 -5.209500 10.817800
v 6.116500 -5.323200 10.758000
v 6.250800 -5.047100 10.839600
v 6.382200 -4.752600 10.910700
v 6.613400 -4.874700 10.891500
v 6.822800 -4.976300 10.910600
v 5.845700 -5.233200 10.782200
v 5.993400 -4.932900 10.878200
v 5.588800 -5.101000 10.786000
v 5.743300 -4.789200 10.902400
v 5.894700 -4.451600 10.998200
v 6.138400 -4.611600 10.956900
v 6.283200 -4.275700 11.021300
v 6.513400 -4.445300 10.972800
v 6.045300 -4.093400 11.075900
v 6.202300 -3.718300 11.123900
v 6.433300 -3.928200 11.068300
v 6.650400 -4.128100 11.020000
v 6.725100 -4.597600 10.963500
v 6.913000 -4.726100 10.996200
v 6.843900 -4.308300 11.021300
v 7.012700 -4.460800 11.067700
v 6.936400 -5.270900 10.875400
v 6.870300 -5.468600 10.766700
v 7.001000 -5.055900 10.979200
v 7.155400 -5.117200 11.087200
v 7.110200 -5.322500 10.975700
v 7.065000 -5.512700 10.853300
v 7.071700 -4.824200 11.073600
v 7.155600 -4.577300 11.154900
v 7.282200 -4.664500 11.274000
v 7.210200 -4.897500 11.186500
v 7.337500 -4.951700 11.325700
v 7.293500 -5.164200 11.224900
v 7.402000 -4.728700 11.416300
v 7.262700 -5.365500 11.108800
v 7.233600 -5.555200 10.976300
v 6.237800 -6.139100 10.378100
v 6.340000 -5.973700 10.462600
v 6.610900 -5.984200 10.450300
v 6.502400 -6.151200 10.352100
v 6.445400 -5.800800 10.545100
v 6.709400 -5.817700 10.550700
v 6.941600 -5.854000 10.586500
v 6.854200 -6.021300 10.455100
v 6.746600 -6.192200 10.328800
v 6.548400 -5.619600 10.632100
v 6.795200 -5.648400 10.657300
v 7.010300 -5.687200 10.721400
v 7.194700 -5.732600 10.826400
v 7.141400 -5.906900 10.666100
v 7.348900 -5.780500 10.974300
v 7.308500 -5.964500 10.797800
v 7.069100 -6.086900 10.502700
v 6.969000 -6.266800 10.339400
v 7.252600 -6.155500 10.614100
v 7.191200 -6.374000 10.398100
v 6.224600 -7.689800 9.149000
v 6.383400 -7.776300 9.085900
v 6.266000 -7.913500 8.998000
v 6.114800 -7.828800 9.056400
v 6.529900 -7.872200 9.022500
v 6.402700 -8.014500 8.943900
v 6.256800 -8.141500 8.886900
v 6.137100 -8.036700 8.933500
v 6.001100 -7.956500 8.987700
v 6.663100 -7.980800 8.957400
v 6.524100 -8.132300 8.893200
v 6.362800 -8.267900 8.848500
v 6.185700 -8.380800 8.808500
v 6.098400 -8.250000 8.846600
v 5.999700 -8.473900 8.800900
v 5.930600 -8.341100 8.844200
v 6.005800 -8.144600 8.891700
v 5.895900 -8.072200 8.943100
v 5.866300 -8.231600 8.887300
v 5.821200 -8.157600 8.928300
v 6.318300 -7.540500 9.265600
v 6.480500 -7.626400 9.197600
v 6.405100 -7.381800 9.397800
v 6.567400 -7.466000 9.326800
v 6.720100 -7.554600 9.254600
v 6.632000 -7.717800 9.127800
v 6.494200 -7.214600 9.537200
v 6.654500 -7.297500 9.466800
v 6.596300 -7.040400 9.678400
v 6.753900 -7.121900 9.611500
v 6.900500 -7.211000 9.551000
v 6.805200 -7.385900 9.398200
v 6.950900 -7.485500 9.333000
v 6.865500 -7.654000 9.182700
v 7.043200 -7.311800 9.497800
v 6.773200 -7.820200 9.055700
v 5.819700 -6.744900 9.923300
v 5.932300 -6.597100 10.056200
v 6.143900 -6.653900 10.015200
v 6.030200 -6.812100 9.876800
v 6.046700 -6.450100 10.179600
v 6.266200 -6.491900 10.142700
v 6.479500 -6.547400 10.088500
v 6.348500 -6.719400 9.958100
v 6.230700 -6.886600 9.819800
v 6.144300 -6.297700 10.285300
v 6.386600 -6.322400 10.252300
v 6.616900 -6.369600 10.209400
v 6.832300 -6.440500 10.179700
v 6.682500 -6.612600 10.027600
v 7.015200 -6.532200 10.153200
v 6.864200 -6.687900 9.968000
v 6.543500 -6.788000 9.887600
v 6.420700 -6.962300 9.750700
v 6.722100 -6.861100 9.815900
v 5.954300 -6.150800 10.375500
v 6.042700 -5.988300 10.466400
v 5.649900 -6.178700 10.327800
v 5.726000 -6.005200 10.440200
v 5.842400 -5.802600 10.558700
v 6.150100 -5.806000 10.556300
v 5.322300 -6.214900 10.218500
v 5.397000 -6.001900 10.362600
v 4.899200 -6.243400 10.023500
v 5.092600 -5.908400 10.281400
v 5.263200 -5.645900 10.479700
v 5.540800 -5.759400 10.526400
v 5.692600 -5.505900 10.665600
v 5.976400 -5.575100 10.664500
v 5.428700 -5.381700 10.646500
v 6.268500 -5.604100 10.643900
v 5.377900 -6.379500 10.138900
v 5.166400 -6.491600 10.008000
v 5.636400 -6.318500 10.240100
v 5.661100 -6.413600 10.179000
v 5.523000 -6.493600 10.100000
v 5.379300 -6.617500 9.989400
v 5.893000 -6.293800 10.285000
v 5.825000 -6.425600 10.188300
v 5.716500 -6.554900 10.078500
v 5.599900 -6.691000 9.961000
v 5.209400 -8.223100 9.102600
v 5.381000 -8.209800 9.071700
v 5.375600 -8.365300 9.050300
v 5.203000 -8.382900 9.074600
v 5.548600 -8.189500 9.021400
v 5.547600 -8.334200 9.000400
v 5.578100 -8.472000 8.976100
v 5.398700 -8.507700 9.030400
v 5.222900 -8.525200 9.054300
v 5.704300 -8.170200 8.964800
v 5.712400 -8.292200 8.934800
v 5.756300 -8.415800 8.900700
v 5.811600 -8.550200 8.853400
v 5.623400 -8.607300 8.930200
v 5.436700 -8.642700 8.995600
v 5.255800 -8.660800 9.032000
v 5.255500 -8.035000 9.147800
v 5.428400 -8.035100 9.111200
v 5.327400 -7.831600 9.213700
v 5.504500 -7.849400 9.169700
v 5.678900 -7.871000 9.111300
v 5.597700 -8.034000 9.057600
v 5.411200 -7.625700 9.303900
v 5.595900 -7.660500 9.248200
v 5.496600 -7.425300 9.411600
v 5.689600 -7.474900 9.346200
v 5.875400 -7.536700 9.279600
v 5.776100 -7.704000 9.184700
v 5.950200 -7.759500 9.119700
v 5.846400 -7.904000 9.048800
v 6.054500 -7.609100 9.213800
v 5.756700 -8.040900 9.000000
v 5.573000 -7.238300 9.530100
v 5.772700 -7.299400 9.463600
v 5.647500 -7.063500 9.656700
v 5.852300 -7.131900 9.594800
v 6.046400 -7.211000 9.532200
v 5.963000 -7.372900 9.397900
v 5.727200 -6.899700 9.789000
v 5.935500 -6.970500 9.734600
v 6.132800 -7.049600 9.675300
v 6.319700 -7.131500 9.608100
v 6.231100 -7.295500 9.466400
v 6.145400 -7.454600 9.332100
v 4.668900 -8.055000 8.766500
v 4.771200 -8.137700 8.922700
v 4.769100 -8.314800 8.877900
v 4.669400 -8.246400 8.723600
v 4.890900 -8.196700 9.047500
v 4.887700 -8.363200 9.002800
v 4.906100 -8.510900 8.975700
v 4.783700 -8.476100 8.858700
v 4.680500 -8.427400 8.714300
v 5.041500 -8.221900 9.101000
v 5.036300 -8.384100 9.063600
v 5.055600 -8.526700 9.038500
v 5.084800 -8.665900 9.021900
v 4.931500 -8.658600 8.964200
v 4.804000 -8.639500 8.857700
v 4.695600 -8.611400 8.724000
v 4.685800 -7.840000 8.857400
v 4.801400 -7.927300 9.000500
v 4.707300 -7.617900 8.993800
v 4.842400 -7.704500 9.118200
v 4.986500 -7.771800 9.207700
v 4.929900 -7.992300 9.111700
v 4.720900 -7.405400 9.173300
v 4.877200 -7.490200 9.282500
v 4.732600 -7.199600 9.359700
v 4.910200 -7.282600 9.456700
v 5.096800 -7.348000 9.499900
v 5.042200 -7.556600 9.347400
v 5.223400 -7.596400 9.345800
v 5.151400 -7.809900 9.233000
v 5.295600 -7.389300 9.473800
v 5.085300 -8.024500 9.154400
v 4.748500 -6.997200 9.516800
v 4.945700 -7.079900 9.604100
v 4.773500 -6.785900 9.661700
v 4.990300 -6.877000 9.738600
v 5.209300 -6.955300 9.756700
v 5.150300 -7.146900 9.634000
v 4.812200 -6.553100 9.811600
v 5.050500 -6.669200 9.873900
v 5.280200 -6.775200 9.875100
v 5.507300 -6.843300 9.841300
v 5.430800 -7.011100 9.720000
v 5.362500 -7.193600 9.598100
v 4.202900 -7.698500 8.128500
v 4.309600 -7.994600 8.091300
v 4.283000 -8.036100 7.870200
v 4.196200 -7.807500 7.850300
v 4.369300 -8.266600 8.086200
v 4.350300 -8.301500 7.876000
v 4.387300 -8.348600 7.647500
v 4.314400 -8.094400 7.629400
v 4.233000 -7.876200 7.600900
v 4.403100 -8.534900 8.097100
v 4.399900 -8.572100 7.888700
v 4.451200 -8.619900 7.665300
v 4.571200 -8.657700 7.439900
v 4.498700 -8.376200 7.415300
v 4.410600 -8.119300 7.391500
v 4.315200 -7.903500 7.362800
v 4.340500 -7.775000 8.324400
v 4.387200 -8.020000 8.270300
v 4.464600 -7.860700 8.473000
v 4.486500 -8.085700 8.425300
v 4.505000 -8.314700 8.420300
v 4.426400 -8.275700 8.263400
v 4.570400 -7.958400 8.618500
v 4.577900 -8.165600 8.574600
v 4.588700 -8.369400 8.569400
v 4.599500 -8.576800 8.585000
v 4.516300 -8.545900 8.437200
v 4.446300 -8.529000 8.277300
v 3.873500 -7.591900 7.176900
v 4.002800 -7.595400 7.226600
v 3.781300 -7.520000 7.361400
v 3.919500 -7.537900 7.424400
v 4.041400 -7.601100 7.490100
v 4.119900 -7.642800 7.276600
v 3.677700 -7.467900 7.586800
v 3.826400 -7.484500 7.652000
v 3.569200 -7.409200 7.823400
v 3.729900 -7.417100 7.884700
v 3.885000 -7.460200 7.954500
v 3.963100 -7.543300 7.723100
v 4.088000 -7.647100 7.795200
v 4.144000 -7.712800 7.551700
v 4.037300 -7.544000 8.031900
v 4.221200 -7.745100 7.323300
v 4.140000 -7.474500 8.334100
v 4.297900 -7.553900 8.452500
v 4.086000 -7.283500 8.515000
v 4.259200 -7.348200 8.619100
v 4.422500 -7.428000 8.736600
v 4.443100 -7.641500 8.584200
v 4.035200 -7.099000 8.687500
v 4.224100 -7.149200 8.789000
v 3.984700 -6.918500 8.851100
v 4.189500 -6.955200 8.953800
v 4.383900 -7.017800 9.079100
v 4.403100 -7.220400 8.907900
v 4.565800 -7.310700 9.042300
v 4.569600 -7.521800 8.864100
v 4.561100 -7.105300 9.224100
v 4.569400 -7.740800 8.718900
v 3.931400 -6.739600 9.005500
v 4.152300 -6.764700 9.105100
v 3.872600 -6.546700 9.148800
v 4.107300 -6.563800 9.243300
v 4.338500 -6.611600 9.367300
v 4.364200 -6.819400 9.230800
v 3.805600 -6.323800 9.279400
v 4.049300 -6.338300 9.368900
v 3.724300 -6.059500 9.401100
v 3.971400 -6.075900 9.485000
v 4.236100 -6.113400 9.604500
v 4.301300 -6.381000 9.492500
v 4.559000 -6.454900 9.662300
v 4.558400 -6.691500 9.522400
v 4.518600 -6.174100 9.780400
v 4.558800 -6.903600 9.380200
v 3.152400 -6.968500 8.646100
v 3.356000 -6.948600 8.684000
v 3.446700 -7.080300 8.499000
v 3.249200 -7.095800 8.457600
v 3.566800 -6.920700 8.719200
v 3.646900 -7.066300 8.542800
v 3.728100 -7.206200 8.356600
v 3.542500 -7.200400 8.299900
v 3.355700 -7.207800 8.250100
v 3.776800 -6.908800 8.773900
v 3.843000 -7.072000 8.605500
v 3.909100 -7.235100 8.427900
v 3.975800 -7.399500 8.239800
v 3.807100 -7.342700 8.163100
v 3.636000 -7.317500 8.097900
v 3.462100 -7.317400 8.041600
v 2.902000 -6.078500 9.127300
v 3.086000 -6.081200 9.202300
v 3.148700 -6.373800 9.093800
v 2.956900 -6.377800 9.024900
v 3.282200 -6.073200 9.269200
v 3.353000 -6.356100 9.154400
v 3.419600 -6.585100 9.030300
v 3.209500 -6.609600 8.979500
v 3.011500 -6.619500 8.921100
v 3.494800 -6.062300 9.332300
v 3.572700 -6.334600 9.212100
v 3.642000 -6.559000 9.082300
v 3.709900 -6.744100 8.934600
v 3.490900 -6.766800 8.883500
v 3.277800 -6.796500 8.843600
v 3.074900 -6.813000 8.797700
v 2.792000 -7.721100 7.677600
v 3.029000 -7.571800 7.695900
v 3.169800 -7.644000 7.432900
v 3.007200 -7.788900 7.376800
v 3.221200 -7.484400 7.729100
v 3.346600 -7.550100 7.483400
v 3.473000 -7.603800 7.252100
v 3.318000 -7.691900 7.180600
v 3.176800 -7.829000 7.104600
v 3.400400 -7.430900 7.771500
v 3.516800 -7.490600 7.532600
v 3.629900 -7.544200 7.308200
v 3.735600 -7.621300 7.131400
v 3.596100 -7.679000 7.075300
v 3.462000 -7.760700 6.993700
v 3.342200 -7.890200 6.903800
v 2.440400 -6.854600 8.315500
v 2.612400 -6.883200 8.405500
v 2.698900 -7.066900 8.262500
v 2.515600 -7.058400 8.191500
v 2.785800 -6.923800 8.500700
v 2.879600 -7.083200 8.335500
v 2.986400 -7.233600 8.149800
v 2.798400 -7.251300 8.100200
v 2.601100 -7.272100 8.053800
v 2.964100 -6.956200 8.583000
v 3.061600 -7.094800 8.401800
v 3.171200 -7.219000 8.199900
v 3.284700 -7.335700 7.991900
v 3.100700 -7.373100 7.949500
v 2.906800 -7.430200 7.914800
v 2.693000 -7.487200 7.891700
v 2.243200 -5.964100 8.779700
v 2.398200 -5.987300 8.848100
v 2.441200 -6.276900 8.742800
v 2.285900 -6.245600 8.661200
v 2.558200 -6.024000 8.944500
v 2.602900 -6.322200 8.847800
v 2.650600 -6.563400 8.754600
v 2.486900 -6.512200 8.645000
v 2.329600 -6.474900 8.552100
v 2.726100 -6.056900 9.039500
v 2.774800 -6.358200 8.942400
v 2.825300 -6.601600 8.846400
v 2.886800 -6.796400 8.728900
v 2.710500 -6.757200 8.639700
v 2.542800 -6.706300 8.532800
v 2.379800 -6.669000 8.436300
v 1.599600 -7.138700 8.526100
v 1.578200 -6.932400 8.652500
v 1.834800 -6.817800 8.501300
v 1.863500 -7.015100 8.366200
v 1.551200 -6.702400 8.769700
v 1.803100 -6.606600 8.636200
v 2.003900 -6.522900 8.533900
v 2.040600 -6.718300 8.389800
v 2.078500 -6.907100 8.251300
v 1.519200 -6.432200 8.876700
v 1.767500 -6.357400 8.763500
v 1.483400 -6.107100 8.972900
v 1.728200 -6.053500 8.885100
v 1.924400 -6.004000 8.807000
v 1.965600 -6.290800 8.670900
v 2.132800 -6.251900 8.637000
v 2.174000 -6.478800 8.510500
v 2.090700 -5.971900 8.769000
v 2.217300 -6.670900 8.378400
v 2.266600 -6.858100 8.249300
v 0.411500 -6.150100 8.919200
v 0.422900 -6.499900 8.863800
v 0.808600 -6.171300 9.038700
v 0.830300 -6.525400 8.988400
v 0.849600 -6.822600 8.918000
v 0.433000 -6.794700 8.794300
v 1.171400 -6.151700 9.040300
v 1.201300 -6.495500 8.972200
v 1.227800 -6.783100 8.886700
v 1.249500 -7.025100 8.783300
v 0.865000 -7.069500 8.823200
v 1.264900 -7.234400 8.663100
v 0.875100 -7.278000 8.707800
v 0.441000 -7.039400 8.701900
v 0.446100 -7.245200 8.590700
v 1.596100 -7.882200 8.012100
v 1.614800 -7.708700 8.123600
v 1.915800 -7.635900 8.003400
v 1.904000 -7.833900 7.908100
v 1.620500 -7.528000 8.255000
v 1.909400 -7.431400 8.117400
v 2.158600 -7.342400 8.020600
v 2.186500 -7.565400 7.913300
v 2.188500 -7.784600 7.821100
v 1.614600 -7.337600 8.391400
v 1.890100 -7.222000 8.238300
v 2.120200 -7.119000 8.130700
v 2.325700 -7.070200 8.131400
v 2.388500 -7.295900 8.013300
v 2.449300 -7.524100 7.883600
v 2.473000 -7.753800 7.765700
v 3.094100 -8.896300 6.745800
v 3.126400 -8.619500 6.742100
v 2.874600 -8.829400 6.982600
v 2.914400 -8.559300 6.975100
v 2.973400 -8.287000 6.986700
v 3.173100 -8.342500 6.763800
v 2.660200 -8.766700 7.233200
v 2.710100 -8.512100 7.236400
v 2.444100 -8.709200 7.451900
v 2.500700 -8.473000 7.466300
v 2.578700 -8.230700 7.495900
v 2.781700 -8.252700 7.255900
v 2.879300 -8.001700 7.310200
v 3.061400 -8.035500 7.034900
v 2.675100 -7.986100 7.556800
v 3.245500 -8.091800 6.822400
v 2.990400 -9.896800 6.865300
v 3.013600 -9.631600 6.826100
v 2.781600 -9.814600 7.023700
v 2.800100 -9.553100 7.010700
v 2.820700 -9.310900 7.000800
v 3.038600 -9.386500 6.791400
v 2.575500 -9.730400 7.199500
v 2.590200 -9.473300 7.208400
v 2.371800 -9.649000 7.375100
v 2.382500 -9.396800 7.396200
v 2.393900 -9.162000 7.418500
v 2.606600 -9.234600 7.219600
v 2.627800 -9.003300 7.227700
v 2.844500 -9.074900 6.991300
v 2.411500 -8.935800 7.436500
v 3.065100 -9.146700 6.763400
v 2.886700 -11.132800 6.999400
v 2.919600 -10.832600 6.975300
v 2.692700 -11.022200 7.112700
v 2.721700 -10.728500 7.088500
v 2.744600 -10.418500 7.064600
v 2.946600 -10.514600 6.945100
v 2.493700 -10.906700 7.244500
v 2.520000 -10.620000 7.221500
v 2.291000 -10.789700 7.387800
v 2.316400 -10.510800 7.366700
v 2.337500 -10.219100 7.356800
v 2.541100 -10.318600 7.205100
v 2.559400 -10.017100 7.198000
v 2.763800 -10.108400 7.042300
v 2.356400 -9.927500 7.360800
v 2.969100 -10.196900 6.906700
v 2.698000 -12.049400 7.064700
v 2.750500 -11.847600 7.052300
v 2.517300 -11.937400 7.189800
v 2.565300 -11.733900 7.175600
v 2.611800 -11.518200 7.156500
v 2.800200 -11.632700 7.036300
v 2.335500 -11.821200 7.342100
v 2.378100 -11.615400 7.323800
v 2.147300 -11.702300 7.499900
v 2.185400 -11.494400 7.478500
v 2.223800 -11.276400 7.449700
v 2.420300 -11.398400 7.299000
v 2.459600 -11.164200 7.271500
v 2.655200 -11.283200 7.135500
v 2.259500 -11.043200 7.417400
v 2.846300 -11.397000 7.019200
v 2.405700 -12.833600 7.083300
v 2.503900 -12.635500 7.078700
v 2.263100 -12.719400 7.212600
v 2.349800 -12.524600 7.205000
v 2.416100 -12.330500 7.199600
v 2.580800 -12.440500 7.074600
v 2.114400 -12.603700 7.362000
v 2.191700 -12.412000 7.356700
v 1.952500 -12.483500 7.513300
v 2.021800 -12.296000 7.512000
v 2.072700 -12.103200 7.512400
v 2.249400 -12.218400 7.353800
v 2.295000 -12.021800 7.350500
v 2.469800 -12.135600 7.196200
v 2.112200 -11.905300 7.509800
v 2.643500 -12.246100 7.071000
v 1.825200 -13.600400 7.137500
v 1.979300 -13.429000 7.114500
v 1.722900 -13.461000 7.277000
v 1.869100 -13.294100 7.255600
v 2.013500 -13.110600 7.236700
v 2.133500 -13.238500 7.097200
v 1.608800 -13.314200 7.421700
v 1.749000 -13.153800 7.403500
v 1.479400 -13.156400 7.558700
v 1.615200 -13.004400 7.545100
v 1.743500 -12.840300 7.532500
v 1.885300 -12.979100 7.386700
v 2.009600 -12.794200 7.372400
v 2.147900 -12.916900 7.222700
v 1.857800 -12.665800 7.521000
v 2.278900 -13.037300 7.088100
v 1.250800 -14.053500 7.252000
v 1.397100 -13.966800 7.222700
v 1.172900 -13.923200 7.372900
v 1.311700 -13.833000 7.346900
v 1.447200 -13.727500 7.321500
v 1.538400 -13.865100 7.192100
v 1.071900 -13.785300 7.499200
v 1.205500 -13.690300 7.480000
v 0.940300 -13.636000 7.611100
v 1.071700 -13.533600 7.601800
v 1.206300 -13.419900 7.588200
v 1.338400 -13.580800 7.459500
v 1.472400 -13.456000 7.440200
v 1.583300 -13.604500 7.298600
v 1.342600 -13.294600 7.573500
v 1.679600 -13.744400 7.163500
v 0.525800 -13.951100 7.555800
v 0.596900 -13.891400 7.584000
v 0.674600 -13.997700 7.513100
v 0.549100 -14.038500 7.501100
v 0.697200 -13.811400 7.605200
v 0.801400 -13.936900 7.521300
v 0.876800 -14.065500 7.414600
v 0.726200 -14.118000 7.418200
v 0.576700 -14.156600 7.411600
v 0.813600 -13.727400 7.613300
v 0.935500 -13.866800 7.514800
v 1.026800 -14.000600 7.397500
v 1.094500 -14.129100 7.276400
v 0.932000 -14.193200 7.294500
v 0.767000 -14.245600 7.304900
v 0.603700 -14.286800 7.304000
v 0.144700 -14.360200 7.296800
v 0.141000 -14.215200 7.420400
v 0.285100 -14.196700 7.395700
v 0.293700 -14.340600 7.278900
v 0.142200 -14.057300 7.534700
v 0.150400 -13.888800 7.627800
v 0.296800 -13.895900 7.594800
v 0.283900 -14.047500 7.504800
v 0.419200 -14.048200 7.496000
v 0.430000 -14.180000 7.398400
v 0.429900 -13.923000 7.573900
v 0.446300 -14.317300 7.288300
v 0.932200 -12.602400 7.915900
v 0.965900 -12.494200 7.943300
v 1.139900 -12.567800 7.868500
v 1.036700 -12.687000 7.861700
v 1.013800 -12.356200 7.966400
v 1.218900 -12.431600 7.878000
v 1.406900 -12.548100 7.773200
v 1.302100 -12.689300 7.774100
v 1.178700 -12.819700 7.775300
v 1.065600 -12.212600 7.981700
v 1.290500 -12.287400 7.883900
v 1.115100 -12.058500 7.993900
v 1.352000 -12.131500 7.889100
v 1.569500 -12.234500 7.771600
v 1.496500 -12.397100 7.771700
v 1.686200 -12.528300 7.652500
v 1.582900 -12.690500 7.659700
v 1.770200 -12.356100 7.648100
v 1.463300 -12.842200 7.667400
v 1.331100 -12.983900 7.675500
v 1.156200 -11.888700 8.007900
v 1.400300 -11.960100 7.896900
v 1.191300 -11.705200 8.021300
v 1.439500 -11.775500 7.904800
v 1.666600 -11.871400 7.778700
v 1.624400 -12.058600 7.775000
v 1.222700 -11.510100 8.032100
v 1.473200 -11.580000 7.910100
v 1.252200 -11.305300 8.036500
v 1.504800 -11.375700 7.909100
v 1.733800 -11.470700 7.774700
v 1.701400 -11.674800 7.779900
v 1.914300 -11.786400 7.649700
v 1.878100 -11.984100 7.651000
v 1.947300 -11.582500 7.641200
v 1.832100 -12.174400 7.649100
v 1.281800 -11.092700 8.031100
v 1.537800 -11.164600 7.897700
v 1.311400 -10.872500 8.020200
v 1.571100 -10.945500 7.879700
v 1.804500 -11.042200 7.736800
v 1.768900 -11.260700 7.759300
v 1.341200 -10.644800 8.008300
v 1.603500 -10.717100 7.858900
v 1.371500 -10.409600 7.998900
v 1.635300 -10.478000 7.841800
v 1.870200 -10.568600 7.686900
v 1.838500 -10.812400 7.710500
v 2.054800 -10.923500 7.563600
v 2.020300 -11.155100 7.594600
v 2.086000 -10.674800 7.535400
v 1.983600 -11.373400 7.621600
v 0.371900 -10.347900 8.365300
v 0.362100 -10.577400 8.353700
v 0.733300 -10.352300 8.288100
v 0.714600 -10.583000 8.281900
v 0.694900 -10.811500 8.265800
v 0.351500 -10.806600 8.332100
v 1.068700 -10.370300 8.156800
v 1.043000 -10.602800 8.158000
v 1.017200 -10.830700 8.155400
v 0.992200 -11.052600 8.153800
v 0.676300 -11.035400 8.253700
v 0.967600 -11.267200 8.149300
v 0.658400 -11.252300 8.242000
v 0.341600 -11.032400 8.318800
v 0.332100 -11.251700 8.309500
v 1.402400 -10.166700 7.995800
v 1.666600 -10.226600 7.835000
v 1.428500 -9.920600 7.988000
v 1.693500 -9.969600 7.830900
v 1.923900 -10.039300 7.667000
v 1.898900 -10.308000 7.672500
v 1.443900 -9.675800 7.964700
v 1.712200 -9.713600 7.822000
v 1.449700 -9.436300 7.934200
v 1.721400 -9.464900 7.810500
v 1.957100 -9.512500 7.676800
v 1.944400 -9.771300 7.670200
v 2.155300 -9.844100 7.517300
v 2.135200 -10.124300 7.509900
v 2.169800 -9.575200 7.533000
v 2.112400 -10.404700 7.516700
v 0.390800 -9.449900 8.238000
v 0.389000 -9.673900 8.278900
v 0.772100 -9.438400 8.150200
v 0.768800 -9.665400 8.195800
v 0.760800 -9.893300 8.236400
v 0.385000 -9.897400 8.315700
v 1.129200 -9.430600 8.048100
v 1.124900 -9.662900 8.090200
v 1.113100 -9.898100 8.125200
v 1.093200 -10.134700 8.146600
v 0.748900 -10.122400 8.270000
v 0.379400 -10.121600 8.348500
v 1.447000 -9.205900 7.904700
v 1.720100 -9.229800 7.798200
v 1.442700 -8.985400 7.880200
v 1.716500 -9.006800 7.787500
v 1.957700 -9.044800 7.685100
v 1.958600 -9.271700 7.681700
v 1.443600 -8.775600 7.864600
v 1.718800 -8.794600 7.780900
v 1.455700 -8.578100 7.859200
v 1.734900 -8.592200 7.779500
v 1.984100 -8.617700 7.690500
v 1.963000 -8.828000 7.687300
v 2.191900 -8.876300 7.581100
v 2.180600 -9.097600 7.567800
v 2.219600 -8.658200 7.592800
v 2.175700 -9.328500 7.550800
v 2.273600 -8.437100 7.605200
v 2.030300 -8.410400 7.696800
v 2.089400 -8.203900 7.715600
v 2.345000 -8.212600 7.631100
v 1.772600 -8.398700 7.784700
v 1.484900 -8.394400 7.865100
v 1.523200 -8.220100 7.888400
v 1.820800 -8.210400 7.803600
v 1.868500 -8.023800 7.843100
v 2.149200 -7.996400 7.756100
v 1.562900 -8.051100 7.935600
v 2.424900 -7.984100 7.683100
v 1.272600 -7.424100 8.527500
v 1.271600 -7.597300 8.384800
v 0.875500 -7.621800 8.437300
v 0.878600 -7.459800 8.575600
v 1.261000 -7.757300 8.243500
v 1.241200 -7.910500 8.118600
v 0.849300 -7.914900 8.182800
v 0.865500 -7.771000 8.303400
v 0.439100 -7.739000 8.243600
v 0.445000 -7.583900 8.343000
v 0.430100 -7.891600 8.160000
v 0.447400 -7.422900 8.464900
v 0.396300 -8.382300 8.028900
v 0.389400 -8.574500 8.051800
v 0.406500 -8.205600 8.036300
v 0.804600 -8.215400 8.016700
v 0.784600 -8.385500 7.989200
v 0.770600 -8.571700 7.992300
v 0.418500 -8.044500 8.085500
v 0.827600 -8.060800 8.084200
v 1.212500 -8.063200 8.025100
v 1.180700 -8.221100 7.963400
v 1.151500 -8.389800 7.933900
v 1.130200 -8.572100 7.929100
v 0.387100 -8.781800 8.093800
v 0.765700 -8.774700 8.016300
v 0.766600 -8.989600 8.054700
v 0.387800 -8.999800 8.144300
v 1.121900 -8.770800 7.941500
v 1.122100 -8.982200 7.968000
v 1.126400 -9.203000 8.005400
v 0.770000 -9.212000 8.101200
v 0.389700 -9.223800 8.192700
v 0.279500 -12.591900 8.045900
v 0.342500 -12.793800 7.957000
v 0.273000 -12.393100 8.118800
v 0.539300 -12.355700 8.078700
v 0.543100 -12.523800 8.021900
v 0.592500 -12.695600 7.950400
v 0.279500 -12.210500 8.164800
v 0.291900 -12.033400 8.200800
v 0.580200 -12.022600 8.147600
v 0.555400 -12.190700 8.117400
v 0.819000 -12.185900 8.058000
v 0.786800 -12.337200 8.030500
v 0.856200 -12.026600 8.079300
v 0.769500 -12.485400 7.991100
v 0.795300 -12.632500 7.936600
v 0.770800 -13.471400 7.688800
v 0.903400 -13.357800 7.692200
v 0.565600 -13.300400 7.757500
v 0.711000 -13.172000 7.772300
v 0.874400 -13.052900 7.778200
v 1.045200 -13.239800 7.689800
v 0.326800 -13.131900 7.842200
v 0.505200 -12.985500 7.863200
v 0.713300 -12.871700 7.867100
v 0.892500 -12.780200 7.863900
v 1.033200 -12.938200 7.777900
v 1.189700 -13.115800 7.683600
v 0.168000 -13.711900 7.688100
v 0.196200 -13.523600 7.736500
v 0.385400 -13.593400 7.695300
v 0.330800 -13.744400 7.654100
v 0.236400 -13.320700 7.793900
v 0.460400 -13.443200 7.730800
v 0.654000 -13.582500 7.677900
v 0.555500 -13.693100 7.657400
v 0.478000 -13.805600 7.625200
v 0.303000 -11.851400 8.243800
v 0.313200 -11.661700 8.281100
v 0.622000 -11.657600 8.206000
v 0.602100 -11.845000 8.178400
v 0.322800 -11.461600 8.299900
v 0.640500 -11.459900 8.226700
v 0.942800 -11.473000 8.137500
v 0.916700 -11.669000 8.120600
v 0.888300 -11.853900 8.100700
v 5.357900 -4.916200 10.753800
v 5.513100 -4.610800 10.886200
v 5.155500 -4.699600 10.693700
v 5.306700 -4.412500 10.831800
v 5.450700 -4.085200 10.961300
v 5.663500 -4.272600 11.002900
v 4.984000 -4.472400 10.614000
v 5.127900 -4.209200 10.741700
v 4.838200 -4.254400 10.540100
v 4.969200 -4.014400 10.648200
v 5.088400 -3.724900 10.749000
v 5.262300 -3.899900 10.863900
v 5.386300 -3.537100 10.972600
v 5.587600 -3.713800 11.077600
v 5.195200 -3.377300 10.831900
v 5.305000 -2.974800 10.835300
v 5.518800 -3.128300 10.990500
v 5.736200 -3.307500 11.107600
v 5.810300 -3.902600 11.103300
v 5.967000 -3.507800 11.144600
v 4.645000 -5.804600 10.044300
v 4.849700 -5.654600 10.244600
v 4.463000 -5.431500 10.063000
v 4.656300 -5.325900 10.231500
v 4.830600 -5.160700 10.399600
v 5.027300 -5.431700 10.438500
v 4.314300 -5.087300 10.083000
v 4.500400 -5.007900 10.221100
v 4.196600 -4.781500 10.104800
v 4.377100 -4.718200 10.218000
v 4.542200 -4.608500 10.329900
v 4.670500 -4.877200 10.359700
v 4.831600 -4.696800 10.488700
v 4.996900 -4.950500 10.551700
v 4.695800 -4.453100 10.435700
v 5.196400 -5.187600 10.606400
v 3.622600 -5.742600 9.517900
v 3.866700 -5.764300 9.594800
v 3.517500 -5.394400 9.621500
v 3.753300 -5.423900 9.691200
v 3.999100 -5.449800 9.782600
v 4.126300 -5.794600 9.701500
v 3.425600 -5.036000 9.703700
v 3.648900 -5.075100 9.766900
v 3.358100 -4.693900 9.768800
v 3.565300 -4.743600 9.828100
v 3.783900 -4.780800 9.900200
v 3.881500 -5.104300 9.846800
v 4.105700 -5.113900 9.955200
v 4.239800 -5.462500 9.910000
v 3.996600 -4.797900 9.995700
v 4.394800 -5.829600 9.857400
v 2.730700 -4.491900 9.523400
v 2.876100 -4.533800 9.587800
v 2.894700 -4.920900 9.523400
v 2.741000 -4.887700 9.456100
v 3.021500 -4.585100 9.652400
v 3.054200 -4.958200 9.587500
v 3.116800 -5.349800 9.498800
v 2.943600 -5.328800 9.433700
v 2.779700 -5.306200 9.362400
v 3.179500 -4.639800 9.711500
v 3.229200 -4.996800 9.645800
v 3.306700 -5.370700 9.559400
v 3.400700 -5.733400 9.451500
v 3.198200 -5.729600 9.388400
v 3.012500 -5.724200 9.321200
v 2.838200 -5.712200 9.246300
v 2.067300 -4.444900 9.356700
v 2.235000 -4.445300 9.383400
v 2.260900 -4.829200 9.272800
v 2.102200 -4.823900 9.235000
v 2.406000 -4.450900 9.417200
v 2.422200 -4.841800 9.325700
v 2.459000 -5.255800 9.203600
v 2.302300 -5.234700 9.130000
v 2.148100 -5.223400 9.079900
v 2.572600 -4.465400 9.465200
v 2.582800 -4.861300 9.388500
v 2.618200 -5.280800 9.283400
v 2.669900 -5.688600 9.160100
v 2.507300 -5.659200 9.069800
v 2.349900 -5.630300 8.982800
v 2.196200 -5.613400 8.923700
v 1.333700 -4.453700 9.233900
v 1.560700 -4.450700 9.270500
v 1.598500 -4.843900 9.205700
v 1.367600 -4.853800 9.194900
v 1.747300 -4.448000 9.302000
v 1.786900 -4.834200 9.211000
v 1.832400 -5.243300 9.086200
v 1.641300 -5.263200 9.111100
v 1.405500 -5.283400 9.131400
v 1.910400 -4.445900 9.330200
v 1.949500 -4.826500 9.217600
v 1.996400 -5.228200 9.070600
v 2.044400 -5.620300 8.917200
v 1.879200 -5.644000 8.948500
v 1.685300 -5.677500 9.002500
v 1.444800 -5.712700 9.057600
v 3.326000 -4.394300 9.821200
v 3.514100 -4.455000 9.881300
v 3.324600 -4.131100 9.869000
v 3.493100 -4.203900 9.934200
v 3.677800 -4.264000 10.000300
v 3.716500 -4.502300 9.948600
v 3.349500 -3.898400 9.920500
v 3.500200 -3.985000 9.994700
v 3.395700 -3.689100 9.984100
v 3.526800 -3.791300 10.083500
v 3.674500 -3.887200 10.165400
v 3.666300 -4.061400 10.063200
v 3.831200 -4.120300 10.129700
v 3.862600 -4.303900 10.076500
v 3.827800 -3.971100 10.217400
v 3.943500 -4.028500 10.250300
v 3.985000 -4.142300 10.203700
v 4.039300 -4.310900 10.160500
v 3.916600 -4.528800 10.033900
v 4.107400 -4.523300 10.129100
v 4.011800 -3.969900 10.339000
v 4.117900 -4.107800 10.294500
v 4.106100 -3.877300 10.438500
v 4.239300 -4.025800 10.383900
v 4.346000 -4.190500 10.338000
v 4.200000 -4.272600 10.250200
v 4.221000 -3.755700 10.487800
v 4.358500 -3.905400 10.453600
v 4.322100 -3.600100 10.511200
v 4.459800 -3.744500 10.506200
v 4.592000 -3.898300 10.486000
v 4.478800 -4.066200 10.416200
v 4.584800 -4.245800 10.410900
v 4.440500 -4.382200 10.321300
v 4.712800 -4.065600 10.497300
v 4.281700 -4.474600 10.226200
v 2.757700 -4.154500 9.560100
v 2.897800 -4.201000 9.624500
v 2.809300 -3.859000 9.580700
v 2.946800 -3.910000 9.647400
v 3.068300 -3.976700 9.719900
v 3.030200 -4.261000 9.691800
v 2.872700 -3.589300 9.599500
v 3.010400 -3.648000 9.670800
v 2.946100 -3.327700 9.604500
v 3.087100 -3.401200 9.683600
v 3.196200 -3.488700 9.777300
v 3.124000 -3.722900 9.751100
v 3.230600 -3.808700 9.836900
v 3.188700 -4.052900 9.795700
v 3.292300 -3.586500 9.879800
v 3.168800 -4.327500 9.757700
v 2.051800 -4.116600 9.412800
v 2.233900 -4.114800 9.434100
v 2.049300 -3.812300 9.433600
v 2.247400 -3.812800 9.455400
v 2.450800 -3.817300 9.477800
v 2.419700 -4.116900 9.459200
v 2.053400 -3.505400 9.449500
v 2.265400 -3.514700 9.477500
v 2.072700 -3.168900 9.437300
v 2.293900 -3.194400 9.478500
v 2.530300 -3.229700 9.505000
v 2.486800 -3.529700 9.499300
v 2.693700 -3.552200 9.541200
v 2.641000 -3.830400 9.521900
v 2.754100 -3.272300 9.546000
v 2.596400 -4.128300 9.503100
v 7.964200 3.945200 7.241300
v 7.792500 4.189700 7.162100
v 7.820600 3.840000 7.082100
v 7.613600 4.056400 7.028800
v 7.339700 4.257500 6.996300
v 7.549800 4.425300 7.105800
v 7.659800 3.717400 6.966500
v 7.430200 3.905100 6.932300
v 7.482800 3.578700 6.883400
v 7.243900 3.738100 6.863700
v 6.943700 3.873600 6.865200
v 7.136700 4.072300 6.918200
v 6.788600 4.222400 6.927200
v 7.007900 4.444400 6.982100
v 6.591400 3.990400 6.896700
v 6.200700 4.095900 6.953000
v 6.396400 4.359800 6.959700
v 6.624200 4.619500 6.987800
v 7.243500 4.650700 7.067800
v 6.876300 4.866600 7.047200
v 8.095400 2.909600 7.707100
v 8.105300 3.174900 7.588500
v 8.032200 2.856400 7.472900
v 8.036600 3.113800 7.363300
v 8.019800 3.363400 7.253800
v 8.096800 3.435500 7.467900
v 7.953600 2.791500 7.266700
v 7.944000 3.039100 7.174900
v 7.837800 2.719500 7.097200
v 7.813800 2.954200 7.025700
v 7.758100 3.179500 6.961900
v 7.907600 3.277800 7.087200
v 7.815900 3.506100 7.017900
v 7.951900 3.607300 7.158500
v 7.651000 3.390100 6.915300
v 8.057700 3.693000 7.347700
v 7.858300 1.701600 8.242200
v 7.964700 2.045700 8.085200
v 7.874700 1.675400 7.926800
v 7.972300 2.005600 7.785700
v 8.024700 2.307800 7.666800
v 8.040700 2.352200 7.943300
v 7.825800 1.667600 7.657400
v 7.916100 1.979400 7.534200
v 7.718300 1.670900 7.429000
v 7.800700 1.961700 7.325500
v 7.840800 2.230500 7.241000
v 7.959200 2.267500 7.433000
v 7.965200 2.536200 7.348300
v 8.036400 2.589600 7.568300
v 7.850000 2.480600 7.166900
v 8.079100 2.637800 7.821300
v 6.999500 0.260300 9.044500
v 7.293100 0.555200 8.822100
v 6.965900 0.342300 8.703700
v 7.262000 0.620900 8.493100
v 7.525000 0.945300 8.280300
v 7.548900 0.903700 8.598600
v 6.927800 0.418700 8.377000
v 7.218300 0.684900 8.180200
v 6.867400 0.506000 8.081600
v 7.147500 0.756800 7.897500
v 7.392100 1.040700 7.716100
v 7.475800 0.990100 7.983400
v 7.678600 1.327700 7.808200
v 7.727500 1.309400 8.091600
v 7.582200 1.354600 7.559500
v 7.728500 1.303300 8.409300
v 5.789100 -0.812800 10.096100
v 5.719700 -0.497100 9.685300
v 6.076200 -0.359900 9.547300
v 6.171600 -0.543100 9.913100
v 5.687700 -0.344800 9.302200
v 6.034000 -0.234800 9.171300
v 6.354800 -0.072300 9.040900
v 6.402800 -0.179500 9.393500
v 6.482400 -0.322600 9.756100
v 5.651100 -0.235500 8.960600
v 5.994600 -0.142200 8.826800
v 5.601600 -0.135000 8.644400
v 5.942800 -0.048300 8.508300
v 6.261100 0.108500 8.389100
v 6.314200 0.014200 8.703300
v 6.625800 0.198200 8.552400
v 6.664400 0.115600 8.885700
v 6.570600 0.291600 8.246200
v 6.706600 0.021300 9.230400
v 6.768700 -0.096900 9.587500
v 1.077000 -4.862100 9.171800
v 1.049600 -4.456600 9.190600
v 1.107700 -5.299800 9.133400
v 0.763400 -5.307500 9.100900
v 0.741800 -4.866600 9.130200
v 0.722600 -4.458400 9.142000
v 1.139700 -5.741400 9.091900
v 0.786000 -5.753900 9.073300
v 0.399800 -5.740100 8.969700
v 0.388100 -5.301400 9.017300
v 0.377000 -4.865100 9.064100
v 0.367100 -4.458200 9.089900
v 1.306800 -4.113400 9.234200
v 1.531400 -4.114900 9.289300
v 1.297800 -3.802600 9.196100
v 1.517900 -3.806200 9.268500
v 1.704200 -3.808900 9.334800
v 1.718800 -4.116100 9.338100
v 1.317800 -3.491000 9.119800
v 1.527400 -3.494700 9.214800
v 1.379700 -3.149200 8.996800
v 1.571300 -3.151100 9.115500
v 1.735900 -3.150900 9.239400
v 1.706500 -3.496800 9.307200
v 1.874500 -3.499900 9.389100
v 1.874800 -3.810900 9.391600
v 1.894900 -3.155600 9.352100
v 1.886200 -4.116800 9.380000
v 5.531000 -0.009100 8.337600
v 5.863000 0.080600 8.210600
v 5.442000 0.145900 8.037200
v 5.769200 0.247700 7.932900
v 6.079700 0.403700 7.858700
v 6.175600 0.238800 8.107100
v 5.337300 0.333500 7.740400
v 5.674800 0.455900 7.674800
v 5.202000 0.594300 7.438400
v 5.630100 0.715100 7.452000
v 5.958800 0.832400 7.460200
v 5.995200 0.601500 7.645600
v 6.275400 0.734900 7.591200
v 6.372700 0.569600 7.763800
v 6.231400 0.919400 7.439600
v 6.422400 0.970700 7.408500
v 6.517000 0.875900 7.497700
v 6.644300 0.748900 7.638700
v 6.478700 0.418600 7.982700
v 6.767000 0.620800 7.834500
v 6.805400 3.025500 6.752100
v 6.638300 3.032700 6.766000
v 6.734300 3.200300 6.769300
v 6.930100 3.128700 6.754800
v 6.394400 3.046000 6.813700
v 6.479000 3.245800 6.809600
v 6.606000 3.453400 6.812700
v 6.881700 3.374900 6.783000
v 7.100800 3.270800 6.779600
v 6.106800 3.068400 6.893600
v 6.177300 3.288800 6.887800
v 5.781900 3.104000 6.976600
v 5.839000 3.337700 6.973000
v 5.925500 3.582400 6.966900
v 6.283100 3.518900 6.883400
v 6.422000 3.754300 6.884200
v 6.763800 3.665000 6.830600
v 6.044900 3.835900 6.957800
v 7.056300 3.557800 6.814200
v 7.290800 3.425300 6.821800
v 6.522800 1.115600 7.288400
v 6.722000 1.044600 7.351100
v 6.655500 1.310600 7.137000
v 6.892200 1.243300 7.193000
v 7.097600 1.167100 7.307800
v 6.890400 0.944800 7.474100
v 6.780300 1.527900 7.006300
v 7.029400 1.474500 7.064600
v 6.887100 1.745200 6.907000
v 7.132500 1.712800 6.970300
v 7.359700 1.691300 7.082300
v 7.252300 1.425300 7.177900
v 7.438400 1.386200 7.346100
v 7.265100 1.099600 7.486500
v 7.558900 1.678100 7.236200
v 7.035200 0.846100 7.659200
v 7.663100 2.645300 6.973000
v 7.632500 2.862400 6.918300
v 7.450900 2.571500 6.881700
v 7.417400 2.769300 6.841400
v 7.354900 2.957700 6.808800
v 7.569100 3.069700 6.872000
v 7.222800 2.500300 6.810700
v 7.186100 2.680400 6.783700
v 6.982100 2.440000 6.771100
v 6.940900 2.604900 6.756200
v 6.893000 2.766400 6.746900
v 7.129900 2.852500 6.763900
v 7.053300 3.007400 6.753600
v 7.254000 3.128300 6.788200
v 6.845000 2.915500 6.743700
v 7.458400 3.260000 6.840400
v 6.966400 1.940300 6.849900
v 7.200100 1.932800 6.914000
v 7.010000 2.117400 6.817200
v 7.235300 2.135500 6.877600
v 7.456600 2.164200 6.971700
v 7.424700 1.937400 7.018700
v 7.010200 2.280700 6.791200
v 7.241000 2.321700 6.842600
v 7.464600 2.372700 6.925600
v 7.675400 2.425900 7.029900
v 7.665800 2.196000 7.090000
v 7.630900 1.947400 7.154800
v 5.337200 1.009700 7.253300
v 5.685000 1.035000 7.280400
v 5.469400 1.394400 7.141400
v 5.802100 1.376500 7.146900
v 6.109500 1.371000 7.149900
v 6.007000 1.096200 7.295200
v 5.617100 1.763800 7.059600
v 5.944100 1.700400 7.038400
v 5.807900 2.134300 6.985700
v 6.115800 1.965200 6.947900
v 6.374900 1.861700 6.921500
v 6.236300 1.634900 7.023600
v 6.515400 1.579400 7.002800
v 6.394300 1.351100 7.134600
v 6.633300 1.791600 6.899300
v 6.285300 1.127900 7.283800
v 6.732500 2.398700 6.774300
v 6.684200 2.551900 6.769900
v 6.466900 2.352000 6.814400
v 6.407700 2.508000 6.818200
v 6.372400 2.679100 6.819600
v 6.642800 2.711300 6.767600
v 6.178700 2.275700 6.885900
v 6.102800 2.459600 6.894400
v 5.758000 2.427600 6.979500
v 5.743000 2.662300 6.979100
v 6.074400 2.661600 6.896900
v 6.074200 2.861900 6.896600
v 6.363400 2.857800 6.817600
v 5.750400 2.883300 6.978400
v 6.617700 2.870600 6.765800
v 6.321900 2.129600 6.868100
v 6.547700 2.218700 6.809400
v 6.618400 2.121400 6.816400
v 6.513000 2.025300 6.848800
v 6.778100 2.257800 6.781900
v 6.788900 2.117600 6.800000
v 6.732600 1.966600 6.835400
v 0.749000 6.960500 6.912700
v 1.503600 6.976000 6.976600
v 1.459500 6.490900 7.017800
v 0.727800 6.472100 6.955300
v 2.263900 7.000000 6.911600
v 3.034300 7.037900 6.820400
v 2.933800 6.535000 6.833700
v 2.193600 6.504100 6.938100
v 2.083000 6.002000 6.963000
v 1.384800 6.025700 7.043500
v 2.789000 6.006700 6.864800
v 2.594600 5.366000 6.906600
v 1.907100 5.511900 7.005500
v 1.272400 5.584300 7.081400
v 0.690200 6.018600 7.002000
v 0.635500 5.602400 7.072000
v 4.626900 5.827700 6.934100
v 4.879600 6.263800 6.910700
v 4.012600 5.733900 6.909800
v 4.212100 6.208700 6.883400
v 4.428100 6.676000 6.859700
v 5.152500 6.699900 6.905300
v 3.359000 5.579700 6.885700
v 3.507000 6.099300 6.853200
v 3.683500 6.606700 6.821700
v 3.819200 7.094900 6.805700
v 4.613500 7.142300 6.852400
v 5.412000 7.151100 6.945100
v 5.785500 4.197400 7.028600
v 5.970400 4.489300 7.016400
v 5.359000 4.277000 7.075400
v 5.524800 4.592000 7.054700
v 5.733900 4.921100 7.034900
v 6.194500 4.784900 7.015300
v 4.934400 4.316700 7.045000
v 5.073600 4.649300 7.032300
v 4.518300 4.293100 6.989000
v 4.622100 4.636500 6.987800
v 4.770500 5.021500 6.984100
v 5.257400 5.008200 7.017400
v 5.483800 5.377900 7.010600
v 5.981700 5.251300 7.037200
v 4.963700 5.428200 6.976800
v 6.450800 5.073900 7.043200
v 5.425700 3.157000 7.033500
v 5.474500 3.400800 7.033600
v 5.051300 3.210600 7.060500
v 5.097100 3.461700 7.060700
v 5.158100 3.719600 7.066900
v 5.545800 3.654700 7.035000
v 4.671200 3.248500 7.053800
v 4.720500 3.504000 7.044900
v 4.296700 3.253900 7.015700
v 4.357600 3.511000 7.001100
v 4.414800 3.760300 6.991500
v 4.776600 3.760600 7.041700
v 4.841600 4.026000 7.045000
v 5.241100 3.988800 7.075600
v 4.458800 4.011000 6.988800
v 5.646700 3.919800 7.034000
v 3.938600 3.210300 6.948600
v 4.021200 3.465900 6.944200
v 3.607400 3.167900 6.898900
v 3.732700 3.438500 6.904200
v 3.864300 3.632500 6.924900
v 4.086700 3.701200 6.948100
v 3.313500 3.177100 6.912900
v 3.513500 3.498100 6.911300
v 3.006100 3.274100 6.975500
v 3.372400 3.691300 6.931100
v 3.734300 3.983500 6.942900
v 3.784700 3.755500 6.931000
v 4.103200 3.923600 6.953800
v 4.117300 4.183000 6.958600
v 4.120200 2.131700 7.055900
v 4.151800 2.411100 7.050700
v 4.540600 2.443700 7.089800
v 4.497300 2.161200 7.098600
v 4.193200 2.696600 7.046900
v 4.583500 2.718400 7.081300
v 4.979800 2.709900 7.084000
v 4.945800 2.447000 7.098300
v 4.900400 2.163400 7.112900
v 4.241700 2.980000 7.033100
v 4.626300 2.986600 7.067600
v 5.013500 2.962200 7.069800
v 5.392600 2.922300 7.038100
v 5.372200 2.684800 7.045700
v 5.362000 2.432500 7.054500
v 5.327200 2.147900 7.070500
v 4.175600 4.529200 6.959600
v 3.739300 4.335700 6.942000
v 3.790000 4.770300 6.934200
v 4.278900 4.935900 6.956400
v 3.318400 4.064400 6.929400
v 2.933400 3.784600 6.968400
v 2.867100 4.283600 6.943900
v 3.310700 4.543600 6.917000
v 3.308900 5.054900 6.904600
v 3.876500 5.245400 6.925000
v 2.776000 4.796900 6.923200
v 4.428000 5.376900 6.948700
v 3.851300 1.131400 7.145000
v 3.980100 1.367000 7.124000
v 4.295100 1.296900 7.169700
v 4.160800 1.036400 7.208900
v 4.064600 1.613000 7.099000
v 4.391100 1.578900 7.136600
v 4.742200 1.522000 7.153500
v 4.630100 1.201600 7.201000
v 4.483700 0.915200 7.266800
v 4.101200 1.866800 7.074100
v 4.453000 1.870000 7.113600
v 4.832400 1.848800 7.127700
v 5.233500 1.813400 7.099500
v 5.108900 1.451700 7.149300
v 4.981500 1.085500 7.227800
v 4.820800 0.767300 7.332400
v 3.554100 1.201000 7.061800
v 3.688500 1.407000 7.054000
v 3.281900 1.280800 7.005600
v 3.440900 1.466900 7.000100
v 3.569400 1.607500 7.006500
v 3.771500 1.614700 7.040900
v 3.047300 1.406400 7.022700
v 3.257900 1.596900 7.002700
v 2.833900 1.602700 7.116700
v 3.150200 1.805400 7.023400
v 3.448900 1.957400 6.993800
v 3.501200 1.743400 6.994400
v 3.783100 1.829000 7.026300
v 3.771500 2.064900 7.012800
v 3.784600 2.337700 7.002900
v 3.442500 2.231700 6.982100
v 3.471000 2.541400 6.958900
v 3.818900 2.630600 6.990000
v 3.129000 2.101100 7.024100
v 2.864700 1.994700 7.140500
v 2.897800 2.371700 7.118300
v 3.159800 2.450000 7.002000
v 3.208400 2.818200 6.954000
v 3.523100 2.861200 6.924200
v 2.933900 2.775000 7.059600
v 3.870700 2.926600 6.967900
v 1.285500 4.028600 8.095600
v 0.993100 4.227800 8.102300
v 1.147800 4.388200 7.604000
v 1.458300 4.179700 7.581700
v 0.682100 4.378700 8.120200
v 0.798000 4.541100 7.643600
v 0.946400 4.812800 7.328800
v 1.362300 4.664000 7.263300
v 1.712200 4.443300 7.217000
v 0.346000 4.477500 8.138400
v 0.407800 4.637200 7.679200
v 0.483600 4.899900 7.375800
v 0.563000 5.225600 7.185000
v 1.115400 5.170300 7.158900
v 1.641200 5.052300 7.084700
v 2.069300 4.830200 7.018500
v 2.681100 3.123100 7.169500
v 2.605000 3.565800 7.105700
v 2.459900 3.009700 7.425300
v 2.343000 3.398100 7.347200
v 2.179200 3.782500 7.276500
v 2.485100 4.018400 7.053900
v 2.298200 2.924100 7.760400
v 2.157200 3.271800 7.698900
v 2.186200 2.866200 8.200900
v 2.030100 3.189300 8.168700
v 1.819100 3.503700 8.138700
v 1.963700 3.610400 7.641100
v 1.730500 3.916700 7.598100
v 1.976700 4.140200 7.227200
v 1.565900 3.785400 8.111100
v 2.328600 4.462800 7.016500
v 2.254700 1.719100 8.358600
v 2.297100 1.987600 8.314600
v 2.380600 1.979500 7.915000
v 2.333500 1.701300 7.961500
v 2.307700 2.265700 8.272900
v 2.397200 2.275200 7.865400
v 2.537300 2.291800 7.559000
v 2.518000 1.967500 7.608400
v 2.466600 1.669100 7.648000
v 2.274700 2.558400 8.235300
v 2.374000 2.591000 7.814900
v 2.521300 2.640000 7.497000
v 2.706400 2.708500 7.242900
v 2.697200 2.321400 7.306900
v 2.670200 1.961400 7.342800
v 2.611400 1.636600 7.363100
v 0.916200 3.936700 10.757900
v 0.679000 4.129000 10.800000
v 0.750200 4.179600 10.173500
v 0.998500 3.964700 10.131200
v 0.454600 4.249400 10.830600
v 0.510800 4.335400 10.212600
v 0.560800 4.364000 9.506700
v 0.821800 4.192600 9.472800
v 1.086200 3.976400 9.444800
v 0.226900 4.269500 10.824900
v 0.257600 4.401600 10.222700
v 0.283300 4.473900 9.531300
v 0.308600 4.461100 8.796100
v 0.610500 4.349100 8.775300
v 0.893600 4.185600 8.753800
v 1.171700 3.979300 8.741500
v 2.113800 2.835600 8.773000
v 1.944300 3.153300 8.764500
v 2.047500 2.821600 9.408100
v 1.869100 3.141200 9.419500
v 1.648000 3.455700 9.435500
v 1.725800 3.463900 8.759900
v 1.953700 2.813200 10.037300
v 1.773700 3.130600 10.066700
v 1.836000 2.809000 10.612100
v 1.662700 3.119700 10.659300
v 1.442500 3.427300 10.701000
v 1.549800 3.443900 10.096200
v 1.278200 3.720700 10.111600
v 1.374400 3.732400 9.438200
v 1.182200 3.701200 10.729300
v 1.458700 3.739000 8.747900
v 2.272400 1.708100 8.894100
v 2.306400 1.981900 8.859500
v 2.282200 1.695100 9.473600
v 2.308900 1.975500 9.454500
v 2.286400 2.251800 9.439100
v 2.299600 2.257300 8.828200
v 2.179000 1.706700 10.002600
v 2.205000 1.981000 10.004600
v 2.009800 1.740400 10.464900
v 2.038800 2.000500 10.490000
v 2.022900 2.259200 10.525600
v 2.181700 2.251100 10.013800
v 2.093900 2.524300 10.022200
v 2.192900 2.529500 9.419200
v 1.955700 2.525400 10.566900
v 2.233800 2.539400 8.796800
v 1.427700 0.690600 10.330300
v 1.720300 0.671400 9.911900
v 1.598500 0.543500 9.693100
v 1.368500 0.505900 9.942600
v 1.879200 0.677100 9.462800
v 1.733600 0.572900 9.336900
v 1.623800 0.518600 9.217500
v 1.514300 0.470300 9.390300
v 1.325700 0.399100 9.580900
v 1.895200 0.718200 8.932500
v 1.755500 0.599200 8.902900
v 1.872600 0.730600 8.356000
v 1.735500 0.578700 8.488900
v 1.605700 0.471700 8.578900
v 1.612500 0.515800 8.922400
v 1.473700 0.425700 9.044800
v 1.297200 0.332600 9.210300
v 1.465600 0.368600 8.712300
v 1.285400 0.263700 8.873300
v 0.371200 0.111300 9.554000
v 0.374000 -0.008700 9.306200
v 0.366500 0.237300 9.827800
v 0.722400 0.274700 9.784500
v 0.725600 0.161900 9.477800
v 0.727600 0.053400 9.200800
v 0.356900 0.375100 10.103400
v 0.341200 0.523100 10.360000
v 0.688000 0.554000 10.373400
v 0.712800 0.406300 10.091100
v 1.061700 0.455000 10.056400
v 1.051900 0.331300 9.707300
v 1.040700 0.605600 10.377200
v 1.041000 0.240100 9.358900
v 1.035400 0.151400 9.046300
v 0.186500 4.102600 11.292300
v 0.386500 4.092600 11.298700
v 0.332100 3.916600 11.662300
v 0.154900 3.932200 11.666200
v 0.608300 4.022800 11.296400
v 0.847100 3.885200 11.282300
v 0.780000 3.805800 11.681200
v 0.548700 3.889800 11.676000
v 0.510900 3.758600 11.952000
v 0.317000 3.773300 11.967400
v 0.703800 3.694000 11.931200
v 0.638200 3.587600 12.036500
v 0.502500 3.608400 12.108900
v 0.327400 3.621400 12.161300
v 0.150400 3.789500 11.988000
v 0.160400 3.634100 12.195600
v 1.697900 2.807400 11.083900
v 1.541000 3.107100 11.150500
v 1.517400 2.804200 11.439400
v 1.381200 3.085500 11.522500
v 1.204900 3.365700 11.595800
v 1.337600 3.404800 11.208800
v 1.272800 2.795300 11.665000
v 1.156000 3.048000 11.757400
v 1.001800 2.787900 11.803400
v 0.904800 3.012200 11.899100
v 0.798200 3.236600 11.982300
v 1.014300 3.299500 11.838200
v 0.867600 3.527900 11.894700
v 1.001600 3.618400 11.651600
v 0.707100 3.445900 12.036700
v 1.098200 3.671700 11.252900
v 0.216500 2.993100 12.081000
v 0.243200 2.798700 11.991300
v 0.189900 3.199900 12.162100
v 0.385800 3.199500 12.129600
v 0.438700 2.991800 12.047800
v 0.490900 2.794300 11.956600
v 0.172400 3.425600 12.226900
v 0.349500 3.419700 12.191400
v 0.531100 3.418200 12.131700
v 0.588600 3.207500 12.074600
v 0.666900 2.995900 11.991500
v 0.742500 2.789100 11.897300
v 1.821200 1.793700 10.843800
v 1.854200 2.036000 10.890700
v 1.605000 1.860100 11.133800
v 1.638800 2.083300 11.198600
v 1.637800 2.310100 11.272000
v 1.847200 2.280000 10.948400
v 1.353300 1.933200 11.329300
v 1.380200 2.138200 11.405500
v 1.083800 1.994600 11.455000
v 1.101300 2.187100 11.539300
v 1.095700 2.380200 11.624200
v 1.378100 2.346300 11.486500
v 1.344500 2.563400 11.573900
v 1.600200 2.548100 11.354100
v 1.064000 2.578900 11.712100
v 1.797500 2.534400 11.014700
v 0.873100 1.301900 11.121200
v 0.929400 1.430600 11.194100
v 1.113400 1.346000 11.112200
v 0.967800 1.202900 11.046800
v 0.993300 1.607200 11.281900
v 1.219800 1.525500 11.185200
v 1.434900 1.414700 11.023700
v 1.289600 1.218200 10.963700
v 1.098200 1.059000 10.903300
v 1.046200 1.798300 11.369000
v 1.299800 1.725100 11.256700
v 1.538500 1.632900 11.078000
v 1.750800 1.544300 10.809900
v 1.636300 1.299600 10.776200
v 1.942300 1.470000 10.455000
v 1.829200 1.201200 10.442700
v 1.470800 1.071600 10.729600
v 1.247400 0.888200 10.680900
v 1.663200 0.945700 10.410100
v 0.769800 1.112300 10.997800
v 0.719400 1.272300 11.116400
v 0.856300 0.952400 10.847500
v 0.582000 0.885000 10.799900
v 0.533100 1.055900 10.960600
v 0.502300 1.234700 11.101000
v 0.959500 0.777400 10.640800
v 0.639000 0.715700 10.606900
v 0.318300 0.679300 10.577200
v 0.293300 0.843500 10.764200
v 0.271500 1.015500 10.930700
v 0.256900 1.199800 11.082700
v 0.273600 2.232200 11.709800
v 0.271300 2.034700 11.604400
v 0.270500 2.422600 11.807500
v 0.544000 2.417400 11.775300
v 0.549600 2.229600 11.681400
v 0.544100 2.036800 11.581800
v 0.260700 2.609900 11.900700
v 0.525200 2.604200 11.866400
v 0.791900 2.593100 11.806500
v 0.818400 2.403600 11.717300
v 0.824900 2.216000 11.627900
v 0.814500 2.026300 11.535600
v 4.375400 -3.405400 10.533200
v 4.527200 -3.540500 10.544400
v 4.407600 -3.179500 10.517200
v 4.576400 -3.296800 10.547500
v 4.749600 -3.427000 10.586100
v 4.679200 -3.685800 10.548200
v 4.445500 -2.930300 10.426500
v 4.623100 -3.016600 10.495000
v 4.480800 -2.651800 10.302000
v 4.663800 -2.693700 10.411500
v 4.867900 -2.758800 10.541800
v 4.812300 -3.120100 10.583100
v 5.003400 -3.239400 10.698700
v 4.918800 -3.568500 10.654900
v 5.084800 -2.852100 10.684400
v 4.823100 -3.841900 10.583200
v 3.764900 -3.023000 10.159000
v 3.894700 -3.174700 10.280100
v 3.765200 -3.313200 10.320400
v 3.651900 -3.163500 10.163000
v 4.044200 -3.321600 10.366800
v 3.905000 -3.462600 10.431000
v 3.761300 -3.595400 10.460600
v 3.635800 -3.457300 10.327200
v 3.541900 -3.320700 10.139500
v 4.185100 -3.461300 10.454300
v 4.063300 -3.609100 10.483500
v 3.932400 -3.734600 10.480900
v 3.857700 -3.848900 10.363300
v 3.695400 -3.734400 10.335000
v 3.564200 -3.616000 10.221300
v 3.458100 -3.496200 10.068500
v 3.857600 -2.897500 10.147500
v 3.966800 -3.032500 10.285400
v 3.935400 -2.782000 10.119800
v 4.013900 -2.889900 10.277600
v 4.117400 -2.982200 10.398800
v 4.096700 -3.157800 10.388400
v 4.003500 -2.671500 10.067400
v 4.068400 -2.750300 10.197900
v 4.050700 -2.582000 10.019600
v 4.110900 -2.599400 10.078500
v 4.203700 -2.614200 10.152800
v 4.160700 -2.805700 10.300900
v 4.288900 -2.862900 10.369400
v 4.251600 -3.076700 10.473100
v 4.327200 -2.628500 10.221500
v 4.232400 -3.280000 10.476100
v 4.505600 -2.337900 10.184600
v 4.695100 -2.321800 10.321700
v 4.507800 -1.991800 10.084700
v 4.707700 -1.915400 10.231900
v 4.951900 -1.873600 10.365800
v 4.917200 -2.336800 10.464900
v 4.475400 -1.616900 10.012800
v 4.692400 -1.488700 10.148300
v 4.427400 -1.256200 9.915400
v 4.664200 -1.093700 10.026700
v 4.960100 -0.954200 10.101600
v 4.963800 -1.389000 10.257700
v 5.302500 -1.355200 10.294900
v 5.248200 -1.903000 10.436400
v 5.329800 -0.872900 10.101400
v 5.660200 -1.432300 10.334500
v 5.558300 -2.008200 10.503200
v 5.171100 -2.404300 10.581600
v 5.433000 -2.520400 10.698000
v 3.359500 -2.350800 9.414000
v 3.502000 -2.530700 9.577000
v 3.387500 -2.711900 9.610000
v 3.238400 -2.556800 9.470100
v 3.608400 -2.706500 9.757700
v 3.495900 -2.866800 9.774900
v 3.384500 -3.053400 9.789500
v 3.275700 -2.922000 9.648800
v 3.123500 -2.793900 9.537700
v 3.682800 -2.868800 9.968300
v 3.573100 -3.016000 9.970300
v 3.465700 -3.186200 9.956600
v 3.371400 -3.377700 9.923100
v 3.283900 -3.263100 9.790200
v 3.175600 -3.155400 9.674800
v 3.027900 -3.056800 9.583200
v 4.036800 -2.468100 9.914600
v 4.122100 -2.422900 9.951200
v 3.998000 -2.286300 9.785300
v 4.097300 -2.210700 9.829300
v 4.210100 -2.139000 9.892200
v 4.223100 -2.393200 10.012800
v 3.921400 -2.053700 9.664500
v 4.031900 -1.952600 9.725700
v 3.814000 -1.794100 9.542500
v 3.937800 -1.673300 9.618300
v 4.076000 -1.545800 9.705500
v 4.155500 -1.847700 9.802400
v 4.299900 -1.736200 9.897800
v 4.344400 -2.066200 9.974400
v 4.235200 -1.406900 9.806400
v 4.349600 -2.363300 10.086100
v 3.474100 -2.181500 9.403000
v 3.610000 -2.383500 9.568800
v 3.585700 -2.038800 9.427000
v 3.714000 -2.261100 9.582600
v 3.810500 -2.466400 9.749100
v 3.712600 -2.575700 9.748700
v 3.697800 -1.912800 9.476100
v 3.816700 -2.153800 9.615600
v 3.904000 -2.370800 9.760000
v 3.957400 -2.544100 9.916000
v 3.875900 -2.640400 9.936000
v 3.784000 -2.746100 9.955100
v 4.382400 -0.952800 9.738900
v 4.637600 -0.782300 9.823100
v 4.340900 -0.701100 9.510000
v 4.609400 -0.536400 9.570500
v 4.925800 -0.411600 9.571900
v 4.947800 -0.640700 9.858500
v 4.303100 -0.495800 9.255100
v 4.576300 -0.337800 9.301700
v 4.273700 -0.333300 8.987500
v 4.545500 -0.180800 9.022100
v 4.855700 -0.083900 8.995300
v 4.893000 -0.230000 9.285300
v 5.267600 -0.230400 9.142500
v 5.301800 -0.375700 9.459100
v 5.223400 -0.107700 8.838100
v 5.326100 -0.568100 9.800800
v 2.116100 -2.775700 9.373800
v 2.338600 -2.825600 9.436800
v 2.211400 -2.382600 9.235900
v 2.427500 -2.458900 9.327500
v 2.670500 -2.558400 9.394700
v 2.583700 -2.892500 9.476800
v 2.386400 -2.046700 9.000300
v 2.588700 -2.144900 9.125900
v 2.588100 -1.751700 8.794300
v 2.772800 -1.870700 8.947800
v 2.975100 -2.014400 9.101900
v 2.813900 -2.267700 9.239100
v 3.038800 -2.406900 9.350200
v 2.912100 -2.671400 9.458900
v 3.177300 -2.176600 9.256500
v 2.822000 -2.969300 9.521400
v 3.682600 -1.531300 9.409800
v 3.827200 -1.397600 9.484800
v 3.546000 -1.281600 9.260400
v 3.716400 -1.141700 9.323300
v 3.903700 -1.002900 9.382100
v 3.988100 -1.259800 9.563600
v 3.423200 -1.061700 9.088500
v 3.621400 -0.922200 9.131800
v 3.319700 -0.874300 8.909400
v 3.543700 -0.736700 8.932200
v 3.780500 -0.610100 8.941800
v 3.834700 -0.788300 9.166500
v 4.058900 -0.646100 9.208800
v 4.108800 -0.856300 9.445800
v 4.021300 -0.476100 8.960500
v 4.169500 -1.111700 9.650400
v 2.763200 -1.481500 8.745300
v 2.930600 -1.623500 8.909100
v 2.932600 -1.242600 8.786400
v 3.081400 -1.406000 8.952400
v 3.249600 -1.599000 9.116600
v 3.115500 -1.792400 9.075000
v 3.117000 -1.041600 8.851000
v 3.244400 -1.220800 9.020500
v 3.391700 -1.431400 9.185000
v 3.549500 -1.667000 9.334700
v 3.424300 -1.814000 9.273200
v 3.303000 -1.981400 9.239000
v 4.257400 -0.210200 8.720300
v 4.523900 -0.060000 8.736600
v 4.231900 -0.116800 8.455300
v 4.491700 0.028300 8.445400
v 4.772000 0.136600 8.391200
v 4.820000 0.039000 8.698200
v 4.175000 -0.043700 8.193900
v 4.429300 0.087900 8.148800
v 4.061600 0.030500 7.955700
v 4.308800 0.151400 7.881700
v 4.565300 0.281400 7.786700
v 4.697400 0.206900 8.071400
v 5.005800 0.269600 7.903900
v 5.099200 0.142300 8.222600
v 4.850900 0.403700 7.631600
v 5.169500 0.016500 8.532700
v 1.496600 -2.747800 8.818200
v 1.660800 -2.746400 8.958400
v 1.661900 -2.323400 8.606200
v 1.799300 -2.323700 8.757100
v 1.920400 -2.322500 8.933300
v 1.802400 -2.742200 9.115400
v 1.869300 -1.912800 8.382800
v 1.990200 -1.926400 8.525500
v 2.102300 -1.539800 8.197600
v 2.208800 -1.565500 8.337200
v 2.315700 -1.602600 8.489500
v 2.103600 -1.943500 8.690900
v 2.230200 -1.981600 8.852300
v 2.050000 -2.339700 9.098600
v 2.438900 -1.663500 8.641700
v 1.945800 -2.749900 9.260300
v 3.240800 -0.722600 8.738400
v 3.484600 -0.583100 8.746500
v 3.176400 -0.605700 8.566000
v 3.431300 -0.459500 8.565300
v 3.697800 -0.340900 8.533700
v 3.740100 -0.462400 8.733300
v 3.116500 -0.522900 8.382500
v 3.371200 -0.363800 8.379300
v 3.048500 -0.474300 8.173700
v 3.291600 -0.298200 8.173800
v 3.544100 -0.163700 8.129700
v 3.637500 -0.241500 8.335600
v 3.908300 -0.144200 8.265000
v 3.966000 -0.233300 8.490900
v 3.803700 -0.064300 8.047600
v 3.997000 -0.341200 8.721900
v 2.344400 -1.227900 8.100200
v 2.430600 -1.252400 8.265900
v 2.585800 -0.954800 8.079200
v 2.654700 -0.977300 8.275700
v 2.725900 -1.027800 8.457400
v 2.519900 -1.296900 8.430000
v 2.816900 -0.698400 8.122900
v 2.880600 -0.730800 8.331300
v 2.943000 -0.796300 8.516400
v 3.019200 -0.900000 8.686300
v 2.816300 -1.116400 8.624500
v 2.628600 -1.373000 8.587700
v 1.483200 -1.265500 7.954500
v 1.177100 -1.687900 8.294400
v 0.933700 -1.627700 8.436400
v 1.090700 -1.301900 8.264800
v 0.860600 -2.086000 8.551400
v 0.683900 -1.957300 8.616300
v 0.552300 -1.836400 8.651300
v 0.651200 -1.604200 8.592000
v 0.741600 -1.313200 8.508100
v 0.494000 -2.487500 8.688300
v 0.359300 -2.247100 8.709700
v 0.314200 -1.948200 8.716300
v 0.333200 -1.636900 8.690800
v 0.374100 -1.340700 8.657000
v 3.108800 0.312400 7.160000
v 3.292200 0.499300 7.160600
v 3.569800 0.430800 7.322100
v 3.366700 0.265400 7.351300
v 3.489200 0.698700 7.162900
v 3.781600 0.609800 7.289100
v 4.071000 0.509900 7.430700
v 3.844900 0.355200 7.505000
v 3.623800 0.215200 7.570300
v 3.681600 0.909000 7.157900
v 3.984100 0.809400 7.250000
v 4.290600 0.690600 7.347300
v 4.596100 0.549700 7.460300
v 4.344400 0.391400 7.584800
v 4.102600 0.251300 7.679300
v 3.866600 0.126900 7.759700
v 2.531100 -0.378000 7.263500
v 2.698900 -0.433100 7.435000
v 2.499900 -0.647300 7.460600
v 2.346000 -0.568500 7.331800
v 2.845000 -0.454900 7.668900
v 2.633900 -0.687200 7.649700
v 2.397400 -0.933600 7.674800
v 2.265300 -0.875300 7.537500
v 2.121000 -0.772400 7.452000
v 2.959800 -0.460100 7.925500
v 2.737100 -0.694100 7.883100
v 2.502100 -0.950200 7.867100
v 2.245300 -1.212000 7.938100
v 2.127900 -1.181400 7.800300
v 1.980200 -1.512700 8.083100
v 1.841300 -1.469900 7.998500
v 1.986800 -1.112800 7.707800
v 1.848700 -0.991300 7.652100
v 1.684500 -1.397100 7.948400
v 2.684100 -0.199200 7.218800
v 2.870100 -0.236700 7.418600
v 2.820800 -0.028000 7.190200
v 3.028900 -0.057200 7.402900
v 3.225900 -0.071100 7.665100
v 3.038400 -0.249200 7.676600
v 2.957000 0.139600 7.170200
v 3.190400 0.106500 7.379400
v 3.419300 0.078400 7.626600
v 3.632200 0.015700 7.842100
v 3.402300 -0.106700 7.906800
v 3.179800 -0.264800 7.934000
v 2.863400 0.390900 7.053500
v 3.027200 0.581900 7.050800
v 2.636400 0.485900 7.024500
v 2.780500 0.672600 7.006400
v 2.942200 0.872100 6.998800
v 3.207000 0.784300 7.055000
v 2.433900 0.582100 7.065500
v 2.557800 0.765100 7.041400
v 2.276900 0.666100 7.191100
v 2.382700 0.846300 7.170600
v 2.509200 1.053300 7.155500
v 2.702000 0.967500 7.027600
v 2.863600 1.188900 7.026200
v 3.112500 1.078700 7.001800
v 2.656700 1.291600 7.147900
v 3.388100 0.992100 7.060400
v 0.391500 -0.522000 8.744800
v 0.398200 -0.683300 8.680400
v 0.762300 -0.479400 8.587900
v 0.775700 -0.647600 8.513600
v 0.783800 -0.839200 8.471000
v 0.401000 -0.869800 8.644200
v 1.086600 -0.408000 8.363200
v 1.106700 -0.584600 8.267000
v 1.354600 -0.315500 8.118800
v 1.383500 -0.497900 7.996000
v 1.418400 -0.705200 7.911100
v 1.125000 -0.786700 8.205400
v 1.137100 -1.023700 8.196200
v 0.779200 -1.059600 8.468500
v 1.460300 -0.948200 7.891900
v 0.394900 -1.086900 8.638900
v 1.292700 0.150200 8.612700
v 1.041500 0.035000 8.804300
v 1.310600 0.007900 8.411300
v 1.054400 -0.100800 8.619000
v 0.742000 -0.193200 8.814700
v 0.733600 -0.065300 8.983100
v 1.330800 -0.147100 8.252000
v 1.069300 -0.247600 8.476200
v 0.751300 -0.329600 8.685600
v 0.386200 -0.380300 8.834300
v 0.381700 -0.251500 8.953900
v 0.377500 -0.128600 9.108700
v 2.005100 0.963000 8.424700
v 2.083200 0.966500 8.028800
v 2.001800 0.767000 7.982700
v 2.108800 1.201400 8.430300
v 2.179900 1.192100 8.028800
v 2.291100 1.155400 7.702700
v 2.195500 0.941300 7.709900
v 2.111900 0.757900 7.694300
v 2.192000 1.455300 8.402700
v 2.265000 1.438000 8.002900
v 2.386200 1.398200 7.680700
v 2.507200 1.355300 7.380900
v 2.386500 1.112500 7.396000
v 2.278600 0.903100 7.408600
v 2.186600 0.724500 7.415600
v 1.927900 0.143700 7.427200
v 1.881900 0.269000 7.621400
v 1.968000 0.355900 7.510900
v 2.022900 0.254700 7.326800
v 1.867000 0.399100 7.841700
v 1.955000 0.463100 7.708300
v 2.018800 0.506200 7.596800
v 2.045400 0.451100 7.435300
v 2.111400 0.371800 7.255900
v 1.855600 0.552800 8.059600
v 1.962700 0.599700 7.870700
v 2.053000 0.607000 7.648100
v 2.113500 0.573900 7.414000
v 2.191200 0.508500 7.215100
v 2.024300 0.915100 8.957200
v 2.020500 0.871300 9.519700
v 2.142000 1.124300 9.527100
v 2.134100 1.161800 8.962900
v 1.873300 0.880200 10.005400
v 2.019100 1.140100 10.023300
v 2.119000 1.421000 10.015700
v 2.227900 1.405100 9.504700
v 2.215900 1.430400 8.935200
v 1.744800 0.467500 8.192600
v 1.767500 0.315200 7.962600
v 1.648600 0.218300 8.088200
v 1.621900 0.362900 8.309100
v 1.787800 0.171600 7.747100
v 1.828100 0.025600 7.556700
v 1.709300 -0.093900 7.715200
v 1.673500 0.067100 7.891700
v 1.526700 -0.040600 8.058500
v 1.502500 0.115000 8.236000
v 1.556800 -0.209100 7.902700
v 1.478700 0.258300 8.448300
v 2.351600 -0.272900 7.194300
v 2.489700 -0.108400 7.136100
v 2.179000 -0.138600 7.208800
v 2.303300 0.011500 7.141000
v 2.413300 0.161700 7.091600
v 2.611200 0.053400 7.096900
v 2.032400 0.004000 7.288000
v 2.141200 0.136200 7.204000
v 2.240400 0.271600 7.143000
v 2.333000 0.418900 7.098100
v 2.519200 0.317700 7.052800
v 2.730200 0.217300 7.069100
v 1.598600 -0.390800 7.755600
v 1.768700 -0.267900 7.554700
v 1.857100 -0.446800 7.443400
v 1.657700 -0.587800 7.651600
v 1.910800 -0.133500 7.401900
v 2.030600 -0.294200 7.302700
v 2.182600 -0.445000 7.279200
v 1.979800 -0.622300 7.414900
v 1.740100 -0.802200 7.625300
v 0.473600 -14.995500 14.336500
v 0.583900 -14.983000 14.233200
v 0.609100 -14.989900 14.277300
v 0.495500 -15.011400 14.382300
v 0.687400 -14.951100 14.109700
v 0.715500 -14.952300 14.150000
v 0.733200 -14.920100 14.193500
v 0.624500 -14.964100 14.324000
v 0.509600 -14.996800 14.430300
v 0.782100 -14.903100 13.973600
v 0.814100 -14.906800 14.008900
v 0.864500 -14.835600 13.833500
v 0.898200 -14.843100 13.863100
v 0.925100 -14.814900 13.894600
v 0.837900 -14.875700 14.047400
v 0.855000 -14.822400 14.087600
v 0.740300 -14.873400 14.238600
v 0.947300 -14.753600 13.926500
v 0.629000 -14.922200 14.371700
v 0.514900 -14.962300 14.479500
v 1.660200 -14.096500 10.812300
v 1.663600 -14.071300 10.628000
v 1.697200 -14.097200 10.624200
v 1.692600 -14.125200 10.809400
v 1.653800 -14.058800 10.441600
v 1.689600 -14.082000 10.436800
v 1.739600 -14.088500 10.433000
v 1.746700 -14.104400 10.623400
v 1.741500 -14.132500 10.811200
v 1.629200 -14.063500 10.257900
v 1.667800 -14.088000 10.250900
v 1.594000 -14.080600 10.080900
v 1.635000 -14.108600 10.069500
v 1.689100 -14.119200 10.054300
v 1.719700 -14.096000 10.242600
v 1.793400 -14.087100 10.234700
v 1.811500 -14.078400 10.432500
v 1.764600 -14.111600 10.037200
v 1.817700 -14.091000 10.628800
v 1.810700 -14.115000 10.821400
v 1.552500 -14.105000 9.914200
v 1.594400 -14.136800 9.895500
v 1.498000 -14.132900 9.760900
v 1.538900 -14.169700 9.733900
v 1.593800 -14.188800 9.694900
v 1.649600 -14.150500 9.870100
v 1.423900 -14.160500 9.624100
v 1.461600 -14.204300 9.589500
v 1.324200 -14.183900 9.506200
v 1.355800 -14.238800 9.469100
v 1.401900 -14.281700 9.401000
v 1.514300 -14.232800 9.533500
v 1.590000 -14.251900 9.458400
v 1.670700 -14.192700 9.648800
v 1.469300 -14.320900 9.300200
v 1.726300 -14.146300 9.841900
v 0.690200 -14.219200 9.267600
v 0.686800 -14.353700 9.279900
v 0.870000 -14.326400 9.280200
v 0.867700 -14.212200 9.280100
v 0.687500 -14.487600 9.246000
v 0.877300 -14.437900 9.237000
v 1.067500 -14.388300 9.260200
v 1.049500 -14.300900 9.317800
v 1.038200 -14.207800 9.333900
v 0.693800 -14.609500 9.143800
v 0.889500 -14.542800 9.135700
v 1.091700 -14.472300 9.154500
v 1.294100 -14.396400 9.204100
v 1.247600 -14.334900 9.312400
v 1.214900 -14.271400 9.379700
v 1.193000 -14.199000 9.409300
v 0.510800 -14.674400 9.174900
v 0.518200 -14.783500 8.989800
v 0.508100 -14.541000 9.290700
v 0.335500 -14.591200 9.350600
v 0.336300 -14.736300 9.220500
v 0.340200 -14.849000 9.019200
v 0.509800 -14.388900 9.329700
v 0.514500 -14.235600 9.316100
v 0.340600 -14.254400 9.388800
v 0.337100 -14.423200 9.399400
v 0.166700 -14.448200 9.458300
v 0.165700 -14.631100 9.405300
v 0.168500 -14.268200 9.448800
v 0.165800 -14.794500 9.272200
v 0.167500 -14.918300 9.064200
v 1.299500 -13.779600 9.364300
v 1.187200 -13.768800 9.241300
v 1.176600 -13.896800 9.316500
v 1.288100 -13.906400 9.440200
v 1.053700 -13.752700 9.143500
v 1.042100 -13.881500 9.214800
v 1.035800 -13.998200 9.272200
v 1.173100 -14.009900 9.371900
v 1.286900 -14.015400 9.491700
v 0.901600 -13.736200 9.079700
v 0.887000 -13.865500 9.146400
v 0.737400 -13.724900 9.060800
v 0.718900 -13.853200 9.123700
v 0.706100 -13.975200 9.180500
v 0.877200 -13.985300 9.203700
v 0.870400 -14.099700 9.251400
v 1.034000 -14.107000 9.315300
v 0.696600 -14.095100 9.231500
v 1.178800 -14.111200 9.404800
v 1.300100 -14.108700 9.513600
v 1.546300 -13.759900 10.009700
v 1.504000 -13.766100 9.828200
v 1.488100 -13.887300 9.882600
v 1.529200 -13.878000 10.055000
v 1.455000 -13.774000 9.658500
v 1.440100 -13.897400 9.721900
v 1.441800 -13.997900 9.760000
v 1.491800 -13.983500 9.913400
v 1.533400 -13.970000 10.079400
v 1.387800 -13.779900 9.503600
v 1.374700 -13.905200 9.574900
v 1.374900 -14.010000 9.620200
v 1.393200 -14.095400 9.635500
v 1.463300 -14.076000 9.771300
v 1.515800 -14.055000 9.922100
v 1.557500 -14.036000 10.086100
v 1.656000 -13.798400 10.797200
v 1.654900 -13.777200 10.598100
v 1.635100 -13.882600 10.620800
v 1.638400 -13.901400 10.812900
v 1.633300 -13.764400 10.396800
v 1.612400 -13.873600 10.426800
v 1.608800 -13.958600 10.441600
v 1.629400 -13.966200 10.630800
v 1.632800 -13.984900 10.818100
v 1.593200 -13.759000 10.199900
v 1.573900 -13.872800 10.237300
v 1.574600 -13.960800 10.256600
v 1.595600 -14.022700 10.261700
v 1.624700 -14.019000 10.444900
v 1.639900 -14.028300 10.631700
v 1.640200 -14.049800 10.816600
v 1.684500 -13.675200 10.767500
v 1.686900 -13.649600 10.559100
v 1.722200 -13.535200 10.729800
v 1.725800 -13.503400 10.511200
v 1.710300 -13.477400 10.290000
v 1.669200 -13.631100 10.348200
v 1.766900 -13.381900 10.690400
v 1.765900 -13.342300 10.462100
v 1.799900 -13.217800 10.655100
v 1.794000 -13.170200 10.418900
v 1.773200 -13.125500 10.180400
v 1.746700 -13.307100 10.231600
v 1.715100 -13.279900 10.003800
v 1.677600 -13.458800 10.071800
v 1.745600 -13.089100 9.944000
v 1.709800 -13.065700 9.712200
v 1.673500 -13.264000 9.781400
v 1.633300 -13.449400 9.859900
v 1.632400 -13.619700 10.141000
v 1.585900 -13.615900 9.940300
v 0.374400 -14.642700 14.172600
v 0.467500 -14.625000 14.085800
v 0.486700 -14.736400 14.121800
v 0.390900 -14.752500 14.213800
v 0.556800 -14.598500 13.981800
v 0.578900 -14.709100 14.012500
v 0.610300 -14.810600 14.042200
v 0.514800 -14.838900 14.156500
v 0.415100 -14.852900 14.252900
v 0.638600 -14.565500 13.863800
v 0.664300 -14.672800 13.890200
v 0.711400 -14.525100 13.738700
v 0.741300 -14.626500 13.762000
v 0.778500 -14.716400 13.783700
v 0.698700 -14.770100 13.915300
v 0.740800 -14.852200 13.942700
v 0.649400 -14.897600 14.074200
v 0.822100 -14.789700 13.807300
v 0.549800 -14.926900 14.193300
v 0.444700 -14.938300 14.293500
v 0.367600 -14.529600 14.125800
v 0.459000 -14.510100 14.045200
v 0.365300 -14.413100 14.069700
v 0.455300 -14.392000 13.995800
v 0.539400 -14.365300 13.904100
v 0.545500 -14.484000 13.946900
v 0.362100 -14.293400 14.001100
v 0.450400 -14.270700 13.933600
v 0.357000 -14.167800 13.923500
v 0.444200 -14.143500 13.862000
v 0.527200 -14.112800 13.786200
v 0.533300 -14.242400 13.849600
v 0.607000 -14.210400 13.750800
v 0.612900 -14.335600 13.795600
v 0.603400 -14.077200 13.698500
v 0.670100 -14.038000 13.601800
v 0.670400 -14.174300 13.642500
v 0.676200 -14.301100 13.678100
v 0.622400 -14.453500 13.832800
v 0.689800 -14.417400 13.710500
v 1.664500 -13.060300 9.487200
v 1.624200 -13.263000 9.567500
v 1.599600 -13.064800 9.281500
v 1.559100 -13.269800 9.370800
v 1.519600 -13.458200 9.471100
v 1.582700 -13.451100 9.657800
v 1.505000 -13.070800 9.107500
v 1.470300 -13.276900 9.200500
v 1.389300 -13.072500 8.974900
v 1.362500 -13.278800 9.063600
v 1.338100 -13.466200 9.164800
v 1.437700 -13.465000 9.305400
v 1.409500 -13.632900 9.410100
v 1.483200 -13.626900 9.571000
v 1.316600 -13.633000 9.268800
v 1.539100 -13.619800 9.749000
v 1.261000 -13.064000 8.893400
v 1.240500 -13.269500 8.967000
v 1.126400 -13.056000 8.850500
v 1.108100 -13.258400 8.906000
v 1.090600 -13.443400 8.974400
v 1.221700 -13.456700 9.053400
v 0.991300 -13.059600 8.833500
v 0.969100 -13.254400 8.876000
v 0.851900 -13.081900 8.841700
v 0.823500 -13.265400 8.879100
v 0.793500 -13.433900 8.927400
v 0.946600 -13.433300 8.930700
v 0.922800 -13.593000 9.003200
v 1.071200 -13.607400 9.058400
v 0.763500 -13.586100 8.991700
v 1.203100 -13.622600 9.149200
v 0.598900 -13.593200 9.032200
v 0.567500 -13.724100 9.097900
v 0.635000 -13.452700 8.969600
v 0.481500 -13.478900 9.040800
v 0.433800 -13.606000 9.101400
v 0.392000 -13.727400 9.161700
v 0.671000 -13.298900 8.917500
v 0.704100 -13.130300 8.874500
v 0.560100 -13.188200 8.930100
v 0.524100 -13.341000 8.982900
v 0.395200 -13.377800 9.066500
v 0.343400 -13.501900 9.124700
v 0.432300 -13.238800 9.007200
v 0.329500 -13.266800 9.093100
v 0.293400 -13.395300 9.157000
v 0.235900 -13.507500 9.212800
v 0.273000 -13.616000 9.175700
v 0.210800 -13.728400 9.223000
v 0.148600 -13.606600 9.251500
v 1.456900 -13.791700 13.562100
v 1.427300 -13.708400 13.787300
v 1.274100 -13.917400 13.867600
v 1.274500 -13.980600 13.714800
v 1.388900 -13.654900 13.974100
v 1.249900 -13.864100 14.044500
v 1.121200 -14.073800 14.115800
v 1.138600 -14.131000 13.952700
v 1.142900 -14.176600 13.806100
v 1.345800 -13.604000 14.151100
v 1.217000 -13.806600 14.218400
v 1.094000 -14.006300 14.282800
v 0.975000 -14.189000 14.346500
v 1.005300 -14.273300 14.188300
v 1.034300 -14.352700 14.033500
v 1.054000 -14.397500 13.883700
v 1.482200 -13.412600 14.078900
v 1.535600 -13.456600 13.904300
v 1.667800 -13.269700 13.832000
v 1.603600 -13.231100 14.001600
v 1.584800 -13.500700 13.721000
v 1.640800 -13.529800 13.531100
v 1.786700 -13.326600 13.485300
v 1.728300 -13.304000 13.659600
v 1.839700 -13.128000 13.593900
v 1.763400 -13.094500 13.754400
v 1.911300 -13.152600 13.437300
v 1.687300 -13.058200 13.919100
v 1.138800 -14.350300 13.393600
v 1.182500 -14.248800 13.429000
v 1.120100 -14.278700 13.514100
v 1.076700 -14.381200 13.494000
v 1.244700 -14.129000 13.471600
v 1.178000 -14.170800 13.550600
v 1.122000 -14.233900 13.616300
v 1.068900 -14.327900 13.614300
v 1.027600 -14.445600 13.615100
v 1.323800 -13.997600 13.517500
v 1.236000 -14.068300 13.613300
v 1.130700 -14.209000 13.688800
v 1.056200 -14.378400 13.740800
v 1.010400 -14.538600 13.766600
v 1.195100 -14.358100 13.304200
v 1.229000 -14.255900 13.347700
v 1.245900 -14.379700 13.224900
v 1.269100 -14.271700 13.274700
v 1.292400 -14.186500 13.318400
v 1.278400 -14.144600 13.387000
v 1.291200 -14.390000 13.155000
v 1.312300 -14.268100 13.214500
v 1.332100 -14.394300 13.083600
v 1.357100 -14.257500 13.148900
v 1.387400 -14.105600 13.241900
v 1.332400 -14.143700 13.296500
v 1.346100 -14.038100 13.404800
v 1.425400 -13.955500 13.368600
v 0.931100 -14.745700 13.698100
v 0.961100 -14.751300 13.721400
v 0.985500 -14.654900 13.566800
v 1.009700 -14.653600 13.584900
v 1.021200 -14.619400 13.600300
v 0.981400 -14.721500 13.744000
v 1.031300 -14.584900 13.439300
v 1.050700 -14.572300 13.454800
v 1.072400 -14.545700 13.321400
v 1.091400 -14.526300 13.336100
v 1.102600 -14.483700 13.351600
v 1.059300 -14.532500 13.468600
v 1.062200 -14.467300 13.480300
v 1.019400 -14.546400 13.610400
v 1.115200 -14.426800 13.369300
v 0.991600 -14.651800 13.763300
v 1.112500 -14.547400 13.218800
v 1.139300 -14.534700 13.234300
v 1.149400 -14.567200 13.129100
v 1.185600 -14.565500 13.145500
v 1.212500 -14.532300 13.165400
v 1.157900 -14.496000 13.252100
v 1.181000 -14.582600 13.050000
v 1.221700 -14.586700 13.066000
v 1.206600 -14.589900 12.975700
v 1.248900 -14.597000 12.990600
v 1.284400 -14.567500 13.011000
v 1.253800 -14.555700 13.086800
v 1.274400 -14.488000 13.114500
v 1.229800 -14.468400 13.190100
v 1.310100 -14.498700 13.039800
v 1.174000 -14.437600 13.273800
v 0.917800 -14.340800 13.268800
v 0.951900 -14.426200 13.279400
v 0.911900 -14.462000 13.390600
v 0.875100 -14.378700 13.374900
v 0.992400 -14.492100 13.291100
v 0.953600 -14.526800 13.406000
v 0.906900 -14.579900 13.529700
v 0.865100 -14.511000 13.510900
v 0.827600 -14.425600 13.490900
v 1.036000 -14.533100 13.305700
v 0.996200 -14.568700 13.422700
v 0.949100 -14.629100 13.548300
v 0.891300 -14.709000 13.676200
v 0.848200 -14.648000 13.655400
v 0.808200 -14.569200 13.635200
v 0.773700 -14.476500 13.613300
v 1.056100 -14.291700 12.941100
v 1.079700 -14.395400 12.945800
v 1.051800 -14.397000 13.019900
v 1.026300 -14.296200 13.016000
v 1.117000 -14.480900 12.953600
v 1.089600 -14.480500 13.026700
v 1.059200 -14.478600 13.104300
v 1.021000 -14.399700 13.097400
v 0.993400 -14.303400 13.093100
v 1.161000 -14.548400 12.963500
v 1.134800 -14.544800 13.036800
v 1.104600 -14.536400 13.115200
v 1.071900 -14.527400 13.204000
v 1.027200 -14.479300 13.191500
v 0.988000 -14.407400 13.182800
v 0.957200 -14.317000 13.176100
v 0.886700 -13.865700 13.222000
v 0.946200 -13.830500 13.147000
v 0.933900 -13.968500 13.155800
v 0.878800 -14.002800 13.234200
v 1.005700 -13.800200 13.076400
v 0.988200 -13.940000 13.083300
v 0.978300 -14.072100 13.087000
v 0.930200 -14.096800 13.162700
v 0.880500 -14.128600 13.245600
v 1.063400 -13.773100 13.006200
v 1.040600 -13.915500 13.012500
v 1.118600 -13.747100 12.933600
v 1.090900 -13.892700 12.940000
v 1.066900 -14.035100 12.940900
v 1.023700 -14.052400 13.014200
v 1.018000 -14.180300 13.014700
v 0.979600 -14.193700 13.089900
v 1.053600 -14.169900 12.940300
v 0.938000 -14.213200 13.169400
v 0.893800 -14.241400 13.257300
v 0.724600 -13.996300 13.498800
v 0.722700 -14.133800 13.530000
v 0.774900 -13.952700 13.397400
v 0.771400 -14.090200 13.420700
v 0.779300 -14.215400 13.444600
v 0.729900 -14.260100 13.559200
v 0.829300 -13.907800 13.305300
v 0.824000 -14.045000 13.322300
v 0.829900 -14.169900 13.339800
v 0.847400 -14.281200 13.357600
v 0.798600 -14.327200 13.468400
v 0.747300 -14.373900 13.587500
v 1.843700 -13.781800 12.702900
v 1.773400 -13.736200 12.930800
v 1.656800 -13.921200 12.907600
v 1.695800 -13.965500 12.744600
v 1.692900 -13.723300 13.128300
v 1.589700 -13.907900 13.078700
v 1.502300 -14.082600 13.013600
v 1.553100 -14.093900 12.878000
v 1.590800 -14.122300 12.745300
v 1.598000 -13.733100 13.327000
v 1.509600 -13.915700 13.246100
v 1.445600 -14.085800 13.141300
v 1.401800 -14.252500 13.059700
v 1.445100 -14.254000 12.954300
v 1.369400 -14.397600 12.999700
v 1.404100 -14.401100 12.905400
v 1.485700 -14.263000 12.840000
v 1.521000 -14.279100 12.723500
v 1.437500 -14.406100 12.802900
v 1.469400 -14.412200 12.694000
v 2.211300 -13.180700 12.827600
v 2.351200 -13.220200 12.676500
v 2.087400 -13.345400 12.795100
v 2.216700 -13.375500 12.624800
v 2.347100 -13.401400 12.446200
v 2.502600 -13.261000 12.514000
v 1.971100 -13.543800 12.758200
v 2.082000 -13.552200 12.565500
v 1.959300 -13.734700 12.485400
v 2.046000 -13.709400 12.281200
v 2.189800 -13.551000 12.368900
v 2.272200 -13.535800 12.165900
v 2.449900 -13.403200 12.251100
v 2.115300 -13.681600 12.076000
v 2.637600 -13.279300 12.327200
v 1.714700 -13.529300 13.336500
v 1.797300 -13.521800 13.141300
v 1.909500 -13.327700 13.136400
v 1.844800 -13.330400 13.310400
v 1.879500 -13.530200 12.949300
v 1.987700 -13.331100 12.965100
v 2.110900 -13.166500 12.980100
v 2.036100 -13.164700 13.132700
v 1.973100 -13.162500 13.284400
v 1.758900 -14.216500 11.576300
v 1.797000 -14.165100 11.400900
v 1.886500 -14.064500 11.455300
v 1.840700 -14.110700 11.636300
v 1.836000 -14.118300 11.221400
v 1.933800 -14.022000 11.271200
v 2.048400 -13.895800 11.335300
v 1.991200 -13.932500 11.523100
v 1.936800 -13.972500 11.709000
v 1.873700 -14.087000 11.035900
v 1.980500 -13.994000 11.080800
v 2.106700 -13.871000 11.140100
v 2.249300 -13.727600 11.211500
v 2.175800 -13.750000 11.410500
v 2.108200 -13.780000 11.600400
v 2.046200 -13.813200 11.789400
v 1.611200 -14.357400 12.217200
v 1.663800 -14.241000 12.290300
v 1.617600 -14.281800 12.403000
v 1.570600 -14.390600 12.345200
v 1.721300 -14.103800 12.389600
v 1.660400 -14.161600 12.485200
v 1.614100 -14.214600 12.538900
v 1.577300 -14.309800 12.504900
v 1.532400 -14.415600 12.464000
v 1.781500 -13.958400 12.521500
v 1.691800 -14.050900 12.601400
v 1.608500 -14.170200 12.626400
v 1.548300 -14.301800 12.611800
v 1.499900 -14.419100 12.580600
v 1.651100 -14.329100 12.073000
v 1.710800 -14.210700 12.151000
v 1.689100 -14.299300 11.915800
v 1.756500 -14.183000 11.991300
v 1.836500 -14.038500 12.081900
v 1.780700 -14.066700 12.250400
v 1.724000 -14.261500 11.749100
v 1.798600 -14.150000 11.817300
v 1.886900 -14.007500 11.898400
v 1.989600 -13.845100 11.985700
v 1.930600 -13.876300 12.182000
v 1.861200 -13.907100 12.371100
v 1.692200 -14.278400 11.534100
v 1.725400 -14.223300 11.363900
v 1.638200 -14.305200 11.506500
v 1.669000 -14.247900 11.340900
v 1.699100 -14.198100 11.170100
v 1.758700 -14.174400 11.188900
v 1.594800 -14.305700 11.490100
v 1.625400 -14.247700 11.328500
v 1.559000 -14.280300 11.482700
v 1.591400 -14.223200 11.324300
v 1.621600 -14.171900 11.160200
v 1.654400 -14.196800 11.161500
v 1.677600 -14.157100 10.988400
v 1.724500 -14.161700 10.993400
v 1.645300 -14.129800 10.989700
v 1.789100 -14.140600 11.008100
v 1.225400 -14.585400 12.900900
v 1.268100 -14.595200 12.914100
v 1.241800 -14.573200 12.821200
v 1.284300 -14.585300 12.832800
v 1.326100 -14.563400 12.848700
v 1.307100 -14.569000 12.932500
v 1.260300 -14.556900 12.732700
v 1.302300 -14.571200 12.743100
v 1.284500 -14.541200 12.630500
v 1.326200 -14.557000 12.640900
v 1.371100 -14.544200 12.653900
v 1.346200 -14.554200 12.756900
v 1.391100 -14.501200 12.776000
v 1.365300 -14.503200 12.871500
v 1.419100 -14.498300 12.671200
v 1.339300 -14.503100 12.959200
v 1.565800 -14.440300 12.164000
v 1.600900 -14.411700 12.016500
v 1.523000 -14.489500 12.126500
v 1.555700 -14.458700 11.977200
v 1.584400 -14.417500 11.823900
v 1.633000 -14.376800 11.861300
v 1.478600 -14.504700 12.100200
v 1.511100 -14.470000 11.951000
v 1.434000 -14.486000 12.082500
v 1.467600 -14.447500 11.934500
v 1.498600 -14.397300 11.786200
v 1.539900 -14.423300 11.800000
v 1.567000 -14.366400 11.646800
v 1.611000 -14.364000 11.667300
v 1.528600 -14.340000 11.636100
v 1.662400 -14.331000 11.700200
v 1.318100 -14.530400 12.510200
v 1.360400 -14.547000 12.522200
v 1.356700 -14.520600 12.375700
v 1.400000 -14.537700 12.390100
v 1.443900 -14.526900 12.408400
v 1.404900 -14.536400 12.537000
v 1.396100 -14.508100 12.231300
v 1.440500 -14.525400 12.248000
v 1.484500 -14.511800 12.270900
v 1.527100 -14.467000 12.302200
v 1.488000 -14.487100 12.432400
v 1.451700 -14.495500 12.556100
v 1.083000 -14.286300 12.864600
v 1.104000 -14.391000 12.871000
v 1.108700 -14.279000 12.782700
v 1.127100 -14.383700 12.791100
v 1.161700 -14.466200 12.801700
v 1.140100 -14.475700 12.880200
v 1.135000 -14.268800 12.691600
v 1.151300 -14.373100 12.701700
v 1.164600 -14.254300 12.587700
v 1.178800 -14.359400 12.598500
v 1.210700 -14.439700 12.611000
v 1.184600 -14.453600 12.713600
v 1.221000 -14.516300 12.723400
v 1.200400 -14.531400 12.811300
v 1.246000 -14.501200 12.621100
v 1.181600 -14.543100 12.889800
v 1.507200 -13.956400 11.498000
v 1.554400 -13.909900 11.338700
v 1.544000 -14.015900 11.336000
v 1.499800 -14.064800 11.492100
v 1.598200 -13.866900 11.168300
v 1.585000 -13.971000 11.170700
v 1.584400 -14.057400 11.167900
v 1.547000 -14.104900 11.330700
v 1.506900 -14.156700 11.485800
v 1.634500 -13.829000 10.987600
v 1.619100 -13.931800 10.996300
v 1.615400 -14.016400 10.997100
v 1.624400 -14.082600 10.993700
v 1.597400 -14.124900 11.163400
v 1.564100 -14.174700 11.325900
v 1.528200 -14.229600 11.482000
v 1.327000 -14.141600 12.058500
v 1.332300 -14.256800 12.059100
v 1.290500 -14.292100 12.202000
v 1.283300 -14.178200 12.198200
v 1.355000 -14.354800 12.062900
v 1.315700 -14.386400 12.208900
v 1.277000 -14.409500 12.352600
v 1.249700 -14.320500 12.343100
v 1.240700 -14.209100 12.336300
v 1.390900 -14.433700 12.070300
v 1.352700 -14.460100 12.218500
v 1.314200 -14.477100 12.363300
v 1.277800 -14.489400 12.499300
v 1.241700 -14.426100 12.488600
v 1.212100 -14.342400 12.477100
v 1.200500 -14.234500 12.467700
v 1.370300 -14.099400 11.922200
v 1.373000 -14.214200 11.919500
v 1.414300 -14.053200 11.785700
v 1.413900 -14.166600 11.780400
v 1.429600 -14.264200 11.777500
v 1.392500 -14.313100 11.919800
v 1.460200 -14.004800 11.645700
v 1.456300 -14.115900 11.639100
v 1.467700 -14.210900 11.633800
v 1.493600 -14.286900 11.632300
v 1.459800 -14.342700 11.779000
v 1.426100 -14.393100 11.924500
v 1.529200 -13.833800 11.500700
v 1.578000 -13.788500 11.335500
v 1.564600 -13.698400 11.500500
v 1.613500 -13.653700 11.328200
v 1.658900 -13.611000 11.140700
v 1.623100 -13.746100 11.157200
v 1.612300 -13.551800 11.497800
v 1.660200 -13.507200 11.318400
v 1.663300 -13.395000 11.491600
v 1.708600 -13.350600 11.306600
v 1.749900 -13.306800 11.103100
v 1.705000 -13.464000 11.121900
v 1.743600 -13.422300 10.911400
v 1.697500 -13.571300 10.940500
v 1.782700 -13.262900 10.884600
v 1.660900 -13.707900 10.967400
v 1.170800 -13.720200 12.855600
v 1.139000 -13.869200 12.862400
v 1.220000 -13.693600 12.770500
v 1.184700 -13.846000 12.777800
v 1.147300 -13.999800 12.779500
v 1.108200 -14.017500 12.863600
v 1.266400 -13.668500 12.676400
v 1.227800 -13.823800 12.683800
v 1.311100 -13.646000 12.572000
v 1.269000 -13.803400 12.578900
v 1.220600 -13.963900 12.580700
v 1.184300 -13.982000 12.685900
v 1.149700 -14.134300 12.687400
v 1.118700 -14.147600 12.780000
v 1.182200 -14.118300 12.582700
v 1.087000 -14.159200 12.863200
v 1.355300 -13.627100 12.456100
v 1.309400 -13.785500 12.461400
v 1.399000 -13.608700 12.331700
v 1.349500 -13.767300 12.334800
v 1.296600 -13.924600 12.333500
v 1.257900 -13.945300 12.461800
v 1.442000 -13.587700 12.201600
v 1.389700 -13.746000 12.202800
v 1.484900 -13.561300 12.069100
v 1.430900 -13.719000 12.069000
v 1.378800 -13.869900 12.064600
v 1.336900 -13.900100 12.199700
v 1.300100 -14.045800 12.197800
v 1.258300 -14.074600 12.333500
v 1.343300 -14.011700 12.060700
v 1.218700 -14.098600 12.463300
v 1.387100 -13.971600 11.926700
v 1.422000 -13.832500 11.931900
v 1.467300 -13.790000 11.797000
v 1.432500 -13.927300 11.791500
v 1.473500 -13.683600 11.937000
v 1.528500 -13.526400 11.937500
v 1.572800 -13.485400 11.801200
v 1.518000 -13.642400 11.801400
v 1.564500 -13.597700 11.656900
v 1.515400 -13.744600 11.654900
v 1.617800 -13.440800 11.654500
v 1.480200 -13.880700 11.651100
v 8.863400 -2.559800 10.432000
v 9.067100 -2.528100 10.423800
v 9.140000 -2.845600 10.450600
v 9.025600 -2.880800 10.465000
v 9.199800 -2.504100 10.467600
v 9.249300 -2.825500 10.479300
v 9.286600 -3.120900 10.486100
v 9.200200 -3.134900 10.468300
v 9.108300 -3.152800 10.483500
v 9.301800 -2.486600 10.519900
v 9.339000 -2.811900 10.517400
v 9.364500 -3.110800 10.512700
v 9.382900 -3.388200 10.501300
v 9.312000 -3.395900 10.482300
v 9.395200 -3.648700 10.487400
v 9.328300 -3.654400 10.474300
v 9.235600 -3.404300 10.473100
v 9.153800 -3.410400 10.491600
v 9.255800 -3.658600 10.472600
v 9.178100 -3.658000 10.495200
v 8.784400 -2.171100 10.362500
v 8.993700 -2.173900 10.391800
v 8.727500 -1.783300 10.309600
v 8.927400 -1.782100 10.360900
v 9.075100 -1.761500 10.444500
v 9.137700 -2.151300 10.456400
v 8.687200 -1.355000 10.276900
v 8.875800 -1.351300 10.337500
v 9.023800 -1.329400 10.430400
v 9.148800 -1.301100 10.522300
v 9.192900 -1.736800 10.527000
v 9.248500 -2.130100 10.524700
v 7.184700 -2.272300 10.940500
v 6.790200 -1.881600 10.753900
v 6.946600 -1.457300 10.696700
v 7.297600 -1.741600 10.782600
v 6.470900 -1.534500 10.524500
v 6.639300 -1.125600 10.488100
v 6.815800 -0.758700 10.434000
v 7.084600 -1.044900 10.623600
v 7.406700 -1.319500 10.672800
v 6.151300 -1.176600 10.318600
v 6.370100 -0.809600 10.226700
v 6.617500 -0.516800 10.123900
v 6.866700 -0.250900 9.957600
v 7.018400 -0.443800 10.275800
v 7.241400 -0.678800 10.477000
v 7.518500 -0.914800 10.546600
v 8.489800 -2.406500 10.503300
v 8.477400 -2.115800 10.400400
v 8.099600 -2.313000 10.613100
v 8.104400 -2.025000 10.504900
v 8.124900 -1.669400 10.406600
v 8.452900 -1.750400 10.323700
v 7.681000 -2.248300 10.769800
v 7.697300 -1.915600 10.675500
v 7.764800 -1.526700 10.561700
v 7.832300 -1.110800 10.469700
v 8.150500 -1.253300 10.347600
v 8.440400 -1.328500 10.281800
v 6.820500 -2.598500 11.023400
v 6.578100 -2.283100 10.852600
v 6.574000 -2.949600 11.097100
v 6.350300 -2.681200 10.970000
v 6.106900 -2.428300 10.787000
v 6.292700 -1.974900 10.629900
v 6.373300 -3.330000 11.130800
v 6.146800 -3.095000 11.083800
v 5.915300 -2.875800 10.978500
v 5.679200 -2.680900 10.840100
v 5.843700 -2.193600 10.625700
v 5.988500 -1.665100 10.451700
v 7.223400 -2.744700 10.985100
v 6.995800 -2.930000 11.046000
v 7.312700 -3.056700 10.990300
v 7.134800 -3.237500 11.024400
v 6.960000 -3.498500 11.049100
v 6.777900 -3.231000 11.090600
v 7.420700 -3.296000 11.045100
v 7.268600 -3.480900 11.062300
v 7.536800 -3.482000 11.143700
v 7.395600 -3.673600 11.150500
v 7.256800 -3.912800 11.146100
v 7.118100 -3.725500 11.071300
v 6.975700 -4.009500 11.057400
v 6.798800 -3.803900 11.046600
v 7.128200 -4.182500 11.118000
v 6.594300 -3.571900 11.094700
v 7.650200 -3.633700 11.280400
v 7.514200 -3.829100 11.279800
v 7.770000 -3.755200 11.440400
v 7.633400 -3.952200 11.436700
v 7.497400 -4.176800 11.407400
v 7.380800 -4.061400 11.262200
v 7.904900 -3.850200 11.609100
v 7.761900 -4.047400 11.607400
v 8.078700 -3.906400 11.804600
v 7.895100 -4.120800 11.787000
v 7.737700 -4.331400 11.742700
v 7.614100 -4.264500 11.569000
v 7.494200 -4.495600 11.501400
v 7.379100 -4.419200 11.350400
v 7.614500 -4.553500 11.670000
v 7.259900 -4.317000 11.219200
v 7.749500 -4.600300 11.854400
v 7.875200 -4.384600 11.923600
v 8.006100 -4.426000 12.115200
v 7.881600 -4.639800 12.051900
v 8.028100 -4.178100 11.970700
v 8.188600 -3.988700 12.006300
v 8.291600 -4.017800 12.197900
v 8.147200 -4.217900 12.163000
v 8.238400 -4.238400 12.368600
v 8.110200 -4.457600 12.320900
v 8.371400 -4.018900 12.402500
v 7.993400 -4.675600 12.260000
v 8.509800 -2.982600 10.900400
v 8.355900 -2.911600 10.903400
v 8.393500 -2.835500 10.830500
v 8.589000 -2.921600 10.814000
v 8.186700 -2.873600 10.901600
v 8.176100 -2.790600 10.842400
v 8.151700 -2.679900 10.775900
v 8.427200 -2.737200 10.739800
v 8.666400 -2.844200 10.708200
v 8.026500 -2.867100 10.899300
v 7.974400 -2.785900 10.852900
v 7.917300 -2.874500 10.901200
v 7.827500 -2.822400 10.872300
v 7.692300 -2.720100 10.860600
v 7.887600 -2.670600 10.817400
v 7.767100 -2.495700 10.803400
v 8.120800 -2.526000 10.701400
v 7.505500 -2.556200 10.892600
v 8.466200 -2.603900 10.623600
v 8.750500 -2.738700 10.574000
v 8.420800 -3.038800 10.976300
v 8.305100 -2.978300 10.966300
v 8.317900 -3.089100 11.039400
v 8.229900 -3.032100 11.013900
v 8.156000 -2.994100 10.988000
v 8.176600 -2.944900 10.954500
v 8.197200 -3.132300 11.087700
v 8.119000 -3.069600 11.040700
v 8.067300 -3.173200 11.118900
v 7.987700 -3.095000 11.049300
v 7.928900 -3.014000 10.986000
v 8.061300 -3.006700 10.993000
v 8.043000 -2.940000 10.945900
v 7.907700 -2.934900 10.933600
v 7.936700 -3.216500 11.130900
v 7.851300 -3.112800 11.042100
v 7.805200 -3.273500 11.133900
v 7.710800 -3.139400 11.032700
v 7.642700 -2.991100 10.954300
v 7.790400 -3.003700 10.967300
v 7.672600 -3.355300 11.138200
v 7.567700 -3.191400 11.034400
v 7.482700 -2.991700 10.964500
v 7.436300 -2.750700 10.931700
v 7.623600 -2.839100 10.901600
v 7.774300 -2.900900 10.910600
v 8.267900 -3.780600 11.886200
v 8.336800 -3.824300 12.041000
v 8.397200 -3.663900 11.915700
v 8.464400 -3.674100 12.058600
v 8.545400 -3.648500 12.227100
v 8.426100 -3.828200 12.222800
v 8.494300 -3.540900 11.907000
v 8.563000 -3.527400 12.042500
v 8.566900 -3.421600 11.867000
v 8.636600 -3.389400 11.991100
v 8.719900 -3.321000 12.133400
v 8.644100 -3.478300 12.200200
v 8.732000 -3.387700 12.380900
v 8.625300 -3.587500 12.418300
v 8.815400 -3.206700 12.297500
v 8.502700 -3.799900 12.422400
v 8.421600 -3.389200 11.412200
v 8.293400 -3.465400 11.509400
v 8.211500 -3.427900 11.421200
v 8.325100 -3.357700 11.330600
v 8.199800 -3.575900 11.598100
v 8.104100 -3.536500 11.498300
v 8.003100 -3.469500 11.382000
v 8.118800 -3.373200 11.329600
v 8.237000 -3.305700 11.261700
v 8.133600 -3.716800 11.689600
v 8.010500 -3.678600 11.566800
v 7.890000 -3.595600 11.420500
v 7.778700 -3.488900 11.272300
v 7.903000 -3.382700 11.255400
v 8.026600 -3.303000 11.229800
v 8.150700 -3.243800 11.190400
v 9.217000 -4.621200 10.510900
v 9.218300 -4.378400 10.511200
v 9.280700 -4.379000 10.482000
v 9.275400 -4.620100 10.481900
v 9.210600 -4.138700 10.505800
v 9.278600 -4.141300 10.477500
v 9.342100 -4.140100 10.466300
v 9.339300 -4.377800 10.468000
v 9.330100 -4.618900 10.467900
v 9.197100 -3.899700 10.500200
v 9.270200 -3.902700 10.474200
v 9.338400 -3.900700 10.468700
v 9.402200 -3.896600 10.475200
v 9.402700 -4.137300 10.467300
v 9.395600 -4.376300 10.466100
v 9.382200 -4.618800 10.466400
v 9.122900 -5.629100 10.395800
v 9.154400 -5.376800 10.446100
v 9.217700 -5.378400 10.419800
v 9.192900 -5.633700 10.369900
v 9.181500 -5.122400 10.477500
v 9.241500 -5.122100 10.450500
v 9.296100 -5.124100 10.442500
v 9.275600 -5.383400 10.414700
v 9.257600 -5.643000 10.367200
v 9.203600 -4.869900 10.499400
v 9.261500 -4.868500 10.471200
v 9.315000 -4.868500 10.459800
v 9.364000 -4.870200 10.463000
v 9.344200 -5.128400 10.451700
v 9.325700 -5.391100 10.428200
v 9.313900 -5.655800 10.385000
v 9.170000 -5.884000 10.291400
v 9.087600 -5.875400 10.317200
v 9.246800 -5.899400 10.290900
v 9.225300 -6.171400 10.200800
v 9.137700 -6.148600 10.196600
v 9.043300 -6.134000 10.218400
v 9.314300 -5.920000 10.314300
v 9.302600 -6.200900 10.230700
v 9.254900 -6.515800 10.148900
v 9.175600 -6.478100 10.112200
v 9.085000 -6.446700 10.098000
v 8.984900 -6.423000 10.107600
v 9.299900 -3.826100 11.228400
v 9.325200 -4.057400 11.188400
v 9.204200 -3.854800 11.243500
v 9.235000 -4.077100 11.204700
v 9.255800 -4.301400 11.178600
v 9.340400 -4.287500 11.160600
v 9.116100 -3.874900 11.240400
v 9.150700 -4.087100 11.201500
v 9.031800 -3.881000 11.215600
v 9.069900 -4.082600 11.174700
v 9.098700 -4.296100 11.146900
v 9.175500 -4.305600 11.175300
v 9.190700 -4.527400 11.155700
v 9.265700 -4.526400 11.159500
v 9.119200 -4.516700 11.126300
v 9.126200 -4.742000 11.119700
v 9.194200 -4.752000 11.150300
v 9.265900 -4.753100 11.154600
v 9.344500 -4.516800 11.140800
v 9.340700 -4.747300 11.134500
v 8.947200 -3.867900 11.165700
v 8.990000 -4.058900 11.120300
v 8.879300 -3.823600 11.092400
v 8.929100 -4.012100 11.041700
v 8.969900 -4.226700 11.008700
v 9.024600 -4.268500 11.089500
v 8.845400 -3.736100 10.997300
v 8.905400 -3.938100 10.942000
v 8.839700 -3.602800 10.881800
v 8.918800 -3.875300 10.833500
v 8.964500 -4.132300 10.806300
v 8.951300 -4.174900 10.910000
v 8.984500 -4.419100 10.891700
v 9.001300 -4.456800 10.988300
v 8.996200 -4.388300 10.791700
v 9.009200 -4.642600 10.784900
v 8.999000 -4.666300 10.884100
v 9.015700 -4.694400 10.980500
v 9.051100 -4.491200 11.068500
v 9.062400 -4.721200 11.061100
v 9.031900 -4.374100 10.701500
v 9.042800 -4.629200 10.696300
v 9.005200 -4.118200 10.710200
v 9.065400 -4.121300 10.625600
v 9.085400 -4.371200 10.623100
v 9.093200 -4.623000 10.619900
v 8.968900 -3.862000 10.728400
v 8.926000 -3.618900 10.747000
v 9.010600 -3.635000 10.642500
v 9.040700 -3.874400 10.633400
v 9.118700 -3.888600 10.555300
v 9.136700 -4.130100 10.556300
v 9.095500 -3.649100 10.555200
v 9.150300 -4.374200 10.559000
v 9.153800 -4.621300 10.557500
v 8.777200 -3.388500 10.872000
v 8.879200 -3.402300 10.756800
v 8.710000 -3.224900 10.876600
v 8.816200 -3.212500 10.767800
v 8.916900 -3.195900 10.659200
v 8.974600 -3.407800 10.648900
v 8.624400 -3.088300 10.888800
v 8.724700 -3.049800 10.790000
v 8.821900 -3.002500 10.680200
v 8.920900 -2.939700 10.556700
v 9.014000 -3.174600 10.555800
v 9.066500 -3.411000 10.555300
v 9.114600 -4.969400 11.133900
v 9.184000 -4.979100 11.166900
v 9.086400 -5.194900 11.162500
v 9.161500 -5.205100 11.201400
v 9.241300 -5.212200 11.206800
v 9.257300 -4.982700 11.171100
v 9.044000 -5.414700 11.199600
v 9.128300 -5.426000 11.249800
v 8.992500 -5.628300 11.233200
v 9.088000 -5.641400 11.299500
v 9.192100 -5.660600 11.317900
v 9.219300 -5.438400 11.259900
v 9.307400 -5.450500 11.226800
v 9.320500 -5.216100 11.178300
v 9.290900 -5.683700 11.282000
v 9.332100 -4.981000 11.147200
v 8.886700 -5.640800 10.725100
v 8.867500 -5.633600 10.856300
v 8.921300 -5.396900 10.878500
v 8.936600 -5.394900 10.758600
v 8.876200 -5.625400 10.994200
v 8.932800 -5.399300 11.000900
v 8.976200 -5.167800 10.995300
v 8.961000 -5.155900 10.885100
v 8.972200 -5.145600 10.774100
v 8.919900 -5.623300 11.125600
v 8.976300 -5.405500 11.112200
v 9.021300 -5.181600 11.090800
v 9.051300 -4.952500 11.071200
v 9.005600 -4.932200 10.985700
v 8.989100 -4.912100 10.884400
v 8.998800 -4.894900 10.780900
v 9.050600 -5.630500 10.447800
v 9.088000 -5.379100 10.496300
v 8.983000 -5.635000 10.521900
v 9.025300 -5.383900 10.566800
v 9.056600 -5.129700 10.592400
v 9.117500 -5.124900 10.525600
v 8.926800 -5.639900 10.614000
v 8.973000 -5.389900 10.654500
v 9.006100 -5.136700 10.675900
v 9.031800 -4.883300 10.688800
v 9.081500 -4.875900 10.609900
v 9.141100 -4.871900 10.546200
v 9.100800 -6.602000 11.523900
v 8.979600 -6.834100 11.619200
v 8.965200 -6.540800 11.531300
v 8.831400 -6.775200 11.612600
v 8.687600 -6.996500 11.731900
v 8.847300 -7.053700 11.750000
v 8.789600 -6.537600 11.436300
v 8.633800 -6.779700 11.516200
v 8.571400 -6.584200 11.267500
v 8.395000 -6.834300 11.410200
v 8.223000 -7.035200 11.541300
v 8.467000 -7.005000 11.636700
v 8.319600 -7.195100 11.800600
v 8.566700 -7.183100 11.908500
v 8.066700 -7.210300 11.699400
v 8.732500 -7.245000 11.932200
v 8.937000 -5.835400 11.251700
v 9.044100 -5.850700 11.337700
v 8.864800 -6.051300 11.257600
v 8.986400 -6.065300 11.368100
v 9.117500 -6.094800 11.417000
v 9.160400 -5.878000 11.368500
v 8.763300 -6.291600 11.253800
v 8.904400 -6.296900 11.393900
v 9.056500 -6.314900 11.468700
v 9.182300 -6.373200 11.448300
v 9.234900 -6.145100 11.386700
v 9.268900 -5.915300 11.333300
v 8.408700 -6.673200 10.287600
v 8.432400 -6.530900 10.593000
v 8.586000 -6.318400 10.656000
v 8.598200 -6.375300 10.454400
v 8.469900 -6.475600 10.841500
v 8.615300 -6.269100 10.876200
v 8.722000 -6.058900 10.925400
v 8.704700 -6.091500 10.742200
v 8.723100 -6.123200 10.574400
v 8.512200 -6.498600 11.057100
v 8.670700 -6.271300 11.078400
v 8.776000 -6.047300 11.103700
v 8.856100 -5.834300 11.121100
v 8.807400 -5.844800 10.966900
v 8.796900 -5.864200 10.809900
v 8.817400 -5.880900 10.664200
v 7.999300 -7.614600 9.436400
v 8.156900 -7.705900 9.396600
v 8.133200 -7.312900 9.695600
v 8.295100 -7.365500 9.647400
v 8.437000 -7.429800 9.617300
v 8.296500 -7.802900 9.378800
v 8.263400 -7.005000 9.973500
v 8.423700 -7.018400 9.901600
v 8.546600 -6.687600 10.131100
v 8.671300 -6.704600 10.041600
v 8.561300 -7.055700 9.841600
v 8.686500 -7.098700 9.816700
v 8.560900 -7.498600 9.613900
v 8.792400 -6.727100 9.993300
v 8.417100 -7.901800 9.386400
v 8.667500 -6.396200 10.308000
v 8.776100 -6.132100 10.442200
v 8.853600 -6.130100 10.341100
v 8.768800 -6.400700 10.207100
v 8.861800 -5.883600 10.543700
v 8.925400 -5.879400 10.446300
v 9.003300 -5.875300 10.369800
v 8.945600 -6.129300 10.266500
v 8.877000 -6.408600 10.142100
v 7.676400 -6.593000 11.330900
v 7.590100 -6.472900 11.119300
v 7.601200 -6.306800 11.284200
v 7.655600 -6.368100 11.510200
v 7.498100 -6.404000 10.896000
v 7.517600 -6.245000 11.048000
v 7.545000 -6.063600 11.215400
v 7.619300 -6.114100 11.446700
v 7.669600 -6.162100 11.669000
v 7.377000 -6.372300 10.658300
v 7.401700 -6.201400 10.810300
v 7.442200 -6.015200 10.990000
v 7.473300 -5.826800 11.167000
v 7.571300 -5.870900 11.385100
v 7.646300 -5.912800 11.608900
v 7.700500 -5.953000 11.824000
v 7.694900 -6.690700 11.972800
v 7.703500 -6.493000 12.100600
v 7.695700 -6.647200 11.780000
v 7.695700 -6.447300 11.912600
v 7.718500 -6.243500 12.052200
v 7.729600 -6.290700 12.235200
v 7.697300 -6.616800 11.581100
v 7.683400 -6.410300 11.717700
v 7.700600 -6.203000 11.867200
v 7.735800 -5.992300 12.015600
v 7.756800 -6.034900 12.195200
v 7.767900 -6.084500 12.373800
v 7.685400 -6.695100 11.065200
v 7.583900 -6.594600 10.950100
v 7.678700 -6.761100 10.844800
v 7.567200 -6.679900 10.768000
v 7.503100 -6.614400 10.690100
v 7.495900 -6.529100 10.772100
v 7.645700 -6.813600 10.612600
v 7.524800 -6.737100 10.564400
v 7.588300 -6.871700 10.366100
v 7.459500 -6.790000 10.340100
v 7.359800 -6.681900 10.322500
v 7.444300 -6.635200 10.532400
v 7.393100 -6.515200 10.564700
v 7.276800 -6.552800 10.342500
v 8.230600 -6.814600 11.226300
v 8.123200 -6.925200 11.374700
v 7.962300 -6.915700 11.236400
v 7.887100 -6.954800 11.398600
v 7.815200 -6.992000 11.566400
v 7.993400 -7.043300 11.522600
v 7.791400 -6.817700 11.282900
v 7.755100 -6.825200 11.471100
v 7.725800 -6.844400 11.658400
v 7.709300 -6.882900 11.854700
v 7.765900 -7.046400 11.758400
v 7.883600 -7.158200 11.696000
v 7.818400 -6.857400 10.629000
v 7.758900 -6.921200 10.371200
v 7.844900 -6.824500 10.868000
v 8.047500 -6.815200 10.860100
v 8.022000 -6.835500 10.620800
v 7.957600 -6.915900 10.355800
v 7.828600 -6.814400 11.083900
v 8.021700 -6.855600 11.061100
v 8.272700 -6.721800 11.051800
v 8.268200 -6.678300 10.843700
v 8.235500 -6.715000 10.595000
v 8.170800 -6.833100 10.320300
v 7.300300 -7.238000 9.635900
v 7.465100 -7.346300 9.600200
v 7.410800 -7.072500 9.850200
v 7.576100 -7.165600 9.834100
v 7.758700 -7.238300 9.804800
v 7.642500 -7.447100 9.555200
v 7.508400 -6.954200 10.102800
v 7.676100 -7.023900 10.098700
v 7.866800 -7.055700 10.077700
v 8.070200 -7.033400 10.034100
v 7.949400 -7.278900 9.753400
v 7.824100 -7.532500 9.494900
v 7.148400 -6.641600 10.120200
v 7.259100 -6.755900 10.095900
v 7.144700 -6.868100 9.880900
v 7.013500 -6.773500 9.917600
v 7.374200 -6.862500 10.096000
v 7.272100 -6.970600 9.862100
v 7.156000 -7.130300 9.668400
v 7.019500 -7.029100 9.705600
v 6.877800 -6.940400 9.754900
v 9.050100 -2.949600 11.577300
v 9.135400 -3.124000 11.448600
v 8.942100 -3.088800 11.556800
v 9.026900 -3.229600 11.450900
v 9.107100 -3.425700 11.371500
v 9.213000 -3.359100 11.358400
v 8.859900 -3.197100 11.538000
v 8.937900 -3.316700 11.444700
v 8.789500 -3.278500 11.514200
v 8.858000 -3.383800 11.426100
v 8.925400 -3.529500 11.348000
v 9.013100 -3.484400 11.368600
v 9.071400 -3.672200 11.298300
v 9.163900 -3.635800 11.300700
v 8.983500 -3.695900 11.275600
v 9.265100 -3.593200 11.285000
v 8.717100 -3.337000 11.478700
v 8.776900 -3.429300 11.390900
v 8.637600 -3.372400 11.443500
v 8.693400 -3.446600 11.348300
v 8.757700 -3.549200 11.254200
v 8.838700 -3.555100 11.307800
v 8.546100 -3.384300 11.420600
v 8.606500 -3.429100 11.307400
v 8.520000 -3.387000 11.266000
v 8.620100 -3.423500 11.139000
v 8.687000 -3.500100 11.193500
v 8.769600 -3.596300 11.085600
v 8.821000 -3.672100 11.166000
v 8.723900 -3.487600 11.016900
v 8.896100 -3.700600 11.230500
v 8.622600 -3.316300 11.802400
v 8.689400 -3.265200 11.902400
v 8.672600 -3.246300 11.717500
v 8.736400 -3.178600 11.787900
v 8.814800 -3.080200 11.870700
v 8.770500 -3.180400 12.018200
v 8.728000 -3.233200 11.616300
v 8.793000 -3.153500 11.659400
v 8.871700 -3.044400 11.706800
v 8.974900 -2.897400 11.766000
v 8.913000 -2.940200 11.972900
v 8.867800 -3.050400 12.155800
v 8.523900 -3.366900 11.526200
v 8.440500 -3.409600 11.546600
v 8.600200 -3.334700 11.534800
v 8.583300 -3.327900 11.603600
v 8.533500 -3.359700 11.623600
v 8.470400 -3.419400 11.653800
v 8.666000 -3.291900 11.569800
v 8.618300 -3.294500 11.651900
v 8.568500 -3.345300 11.712600
v 8.512000 -3.427500 11.757600
v 8.665700 -3.360400 10.987800
v 8.550500 -3.335200 11.104300
v 8.477500 -3.244600 11.081000
v 8.596100 -3.233300 10.981000
v 8.437600 -3.330600 11.221800
v 8.357200 -3.265800 11.176700
v 8.276800 -3.198700 11.132500
v 8.400200 -3.161300 11.060500
v 8.516100 -3.124900 10.979200
v 8.353300 -3.483900 11.598800
v 8.400400 -3.498600 11.692300
v 8.347000 -3.565400 11.724000
v 8.283700 -3.580300 11.675000
v 8.443800 -3.524400 11.792700
v 8.359000 -3.617700 11.801400
v 8.252700 -3.689200 11.767500
v 1.770000 -12.892600 9.899800
v 1.745600 -12.860700 9.659500
v 1.784800 -12.938000 10.143900
v 1.789600 -12.747900 10.118700
v 1.789700 -12.693400 9.868500
v 1.777100 -12.651900 9.621500
v 1.796600 -12.991100 10.388600
v 1.802300 -13.045700 10.630000
v 1.787500 -12.869800 10.612300
v 1.786800 -12.809100 10.367800
v 1.777600 -12.628100 10.353200
v 1.796000 -12.558700 10.101200
v 1.768900 -12.694400 10.599300
v 1.746100 -12.521600 10.588700
v 1.768100 -12.450000 10.342100
v 1.803500 -12.372100 10.088900
v 1.806300 -12.494200 9.847600
v 1.800700 -12.442200 9.596700
v 1.820800 -12.297600 9.834000
v 1.818600 -12.235100 9.581100
v 1.665300 -13.274900 11.645200
v 1.708600 -13.229400 11.480700
v 1.620300 -13.319800 11.792800
v 1.655800 -13.149100 11.776900
v 1.701300 -13.103100 11.629700
v 1.742700 -13.057600 11.465500
v 1.574000 -13.362000 11.929100
v 1.526200 -13.399300 12.059800
v 1.554000 -13.235900 12.042300
v 1.607100 -13.193900 11.912800
v 1.624900 -13.025600 11.889800
v 1.674500 -12.976700 11.754400
v 1.567200 -13.074200 12.018000
v 1.567000 -12.917400 11.988900
v 1.628500 -12.861100 11.862100
v 1.678300 -12.806600 11.727800
v 1.720200 -12.928400 11.608500
v 1.760000 -12.882200 11.446300
v 1.723600 -12.754600 11.584000
v 1.761900 -12.706800 11.424700
v 1.286300 -13.524900 12.658600
v 1.330500 -13.500600 12.554700
v 1.242100 -13.550400 12.753100
v 1.245400 -13.415600 12.724700
v 1.284100 -13.391500 12.629900
v 1.326400 -13.365800 12.526700
v 1.194800 -13.576600 12.838900
v 1.143400 -13.602900 12.918000
v 1.159200 -13.461200 12.893200
v 1.204900 -13.438700 12.812000
v 1.194900 -13.306700 12.774300
v 1.224300 -13.288700 12.684400
v 1.159900 -13.323300 12.859300
v 1.144900 -13.190200 12.819500
v 1.168800 -13.180300 12.731000
v 1.188300 -13.167600 12.639200
v 1.256400 -13.267000 12.589300
v 1.297900 -13.239800 12.487800
v 1.215900 -13.148300 12.544700
v 1.258300 -13.119700 12.445400
v 1.790900 -12.664700 11.243900
v 1.792200 -12.839700 11.261800
v 1.797700 -12.623300 11.043000
v 1.805300 -12.796700 11.057400
v 1.800800 -12.970400 11.071900
v 1.779100 -13.014300 11.278600
v 1.769400 -12.577500 10.823500
v 1.787800 -12.749400 10.835300
v 1.797900 -12.922900 10.848400
v 1.798500 -13.095300 10.864200
v 1.782000 -13.141400 11.086800
v 1.749800 -13.185500 11.293400
v 1.322300 -13.079100 12.338800
v 1.355400 -13.205500 12.378300
v 1.400800 -13.029700 12.226500
v 1.423600 -13.165500 12.262700
v 1.435300 -13.307300 12.294800
v 1.377900 -13.337900 12.414300
v 1.486700 -12.974700 12.110100
v 1.497100 -13.121300 12.142400
v 1.495300 -13.273500 12.170200
v 1.477100 -13.429600 12.190300
v 1.427400 -13.455200 12.318100
v 1.378000 -13.478100 12.440400
v 1.417500 -12.849300 8.908800
v 1.284800 -12.842900 8.836400
v 1.445100 -12.615900 8.862300
v 1.309400 -12.611800 8.793500
v 1.171200 -12.614500 8.766800
v 1.148100 -12.840100 8.804800
v 1.469700 -12.378900 8.832800
v 1.332700 -12.376300 8.762400
v 1.491900 -12.144500 8.813700
v 1.353600 -12.140900 8.740400
v 1.213300 -12.148200 8.709600
v 1.193700 -12.383000 8.734400
v 1.056100 -12.406900 8.735800
v 1.036300 -12.633200 8.766000
v 1.071700 -12.173400 8.712400
v 0.925300 -12.222700 8.733200
v 0.914700 -12.454300 8.754000
v 0.898500 -12.674700 8.782300
v 1.014200 -12.851600 8.797700
v 0.877200 -12.884400 8.810500
v 1.795400 -12.193400 9.333900
v 1.771800 -12.410300 9.352600
v 1.736600 -12.167500 9.112900
v 1.709000 -12.392600 9.133700
v 1.676100 -12.620700 9.166300
v 1.741800 -12.630000 9.382200
v 1.627500 -12.152300 8.938700
v 1.601700 -12.383200 8.958500
v 1.572200 -12.617500 8.989800
v 1.539500 -12.848800 9.038400
v 1.639100 -12.846600 9.214500
v 1.704900 -12.848000 9.426300
v 0.731300 -12.945500 8.838600
v 0.751800 -12.745500 8.806900
v 0.606700 -12.827200 8.845500
v 0.588000 -13.016800 8.885000
v 0.764300 -12.531400 8.776300
v 0.770500 -12.302200 8.756900
v 0.617300 -12.395100 8.790300
v 0.615100 -12.620200 8.809500
v 0.476800 -12.702700 8.860200
v 0.473900 -12.901300 8.903400
v 0.475800 -12.484300 8.840200
v 0.358800 -12.553400 8.901300
v 0.361600 -12.762100 8.922000
v 0.363400 -12.950800 8.971500
v 0.458800 -13.080000 8.952700
v 0.352800 -13.118800 9.030000
v 0.479100 -12.246200 8.860900
v 0.366500 -12.325000 8.929500
v 0.617600 -12.151500 8.800900
v 0.617400 -11.899300 8.840300
v 0.483900 -11.998300 8.918100
v 0.377600 -12.088000 8.999800
v 0.771700 -12.057300 8.758600
v 0.929900 -11.979400 8.727400
v 0.929900 -11.733000 8.742900
v 0.770200 -11.806200 8.784300
v 0.768500 -11.558300 8.836800
v 0.617800 -11.648300 8.907400
v 0.926700 -11.491800 8.786200
v 0.919200 -11.263000 8.847900
v 0.764300 -11.321200 8.904900
v 0.617000 -11.404800 8.986200
v 0.487300 -11.750300 9.008100
v 0.385300 -11.853700 9.105200
v 0.489000 -11.504000 9.104100
v 0.370800 -11.614400 9.268700
v 1.832800 -12.034000 9.571300
v 1.813100 -11.983800 9.322800
v 1.842000 -11.836500 9.567700
v 1.821800 -11.780000 9.321400
v 1.766600 -11.741700 9.100100
v 1.757700 -11.950800 9.100200
v 1.844800 -11.640400 9.571200
v 1.818400 -11.580500 9.331900
v 1.836100 -11.444300 9.583200
v 1.799600 -11.384800 9.355400
v 1.729700 -11.343300 9.152100
v 1.757600 -11.539200 9.117200
v 1.652000 -11.511400 8.943600
v 1.659500 -11.717300 8.924000
v 1.625400 -11.313700 8.985400
v 1.498400 -11.289000 8.865100
v 1.519400 -11.490200 8.818700
v 1.523300 -11.700700 8.797500
v 1.649100 -11.930600 8.924800
v 1.512000 -11.918600 8.798900
v 1.743500 -12.409700 10.811400
v 1.718800 -12.353800 10.578300
v 1.780200 -12.453100 11.028200
v 1.756700 -12.279500 11.013100
v 1.712600 -12.239600 10.799100
v 1.687100 -12.184700 10.568200
v 1.777300 -12.492800 11.225400
v 1.750100 -12.534900 11.402300
v 1.731000 -12.359700 11.379900
v 1.757100 -12.317200 11.206700
v 1.735900 -12.131200 11.188200
v 1.731300 -12.095800 10.997700
v 1.711400 -12.174400 11.358300
v 1.696500 -11.971800 11.338100
v 1.719900 -11.927600 11.170500
v 1.711500 -11.894600 10.982300
v 1.679000 -12.060400 10.786400
v 1.651100 -12.008000 10.558300
v 1.651700 -11.864400 10.773700
v 1.620300 -11.816400 10.548800
v 1.220800 -13.002400 12.407000
v 1.290200 -12.956700 12.302200
v 1.185600 -12.881300 12.373000
v 1.258600 -12.831700 12.268500
v 1.347400 -12.768500 12.157600
v 1.375400 -12.899700 12.191400
v 1.153200 -12.750000 12.343700
v 1.226700 -12.697500 12.237900
v 1.125400 -12.602500 12.320000
v 1.197300 -12.547500 12.211800
v 1.287400 -12.474000 12.097300
v 1.317000 -12.629000 12.125600
v 1.417500 -12.549600 12.011300
v 1.444600 -12.696500 12.043300
v 1.390700 -12.387000 11.982400
v 1.488000 -12.293700 11.865500
v 1.510900 -12.465300 11.893700
v 1.534300 -12.621100 11.924800
v 1.468400 -12.835700 12.076700
v 1.554500 -12.769100 11.957200
v 1.713300 -12.585700 11.558300
v 1.668900 -12.642900 11.699500
v 1.651700 -12.478000 11.670900
v 1.695500 -12.414400 11.532600
v 1.618600 -12.704400 11.831900
v 1.600600 -12.547600 11.801200
v 1.579700 -12.382700 11.771600
v 1.632100 -12.304400 11.643500
v 1.560000 -12.201500 11.744800
v 1.614900 -12.114200 11.618500
v 1.676400 -12.233600 11.507900
v 1.661000 -12.035900 11.485200
v 1.834600 -12.105700 9.824300
v 1.811700 -12.189700 10.079000
v 1.815400 -12.007300 10.072100
v 1.844300 -11.915500 9.819000
v 1.757300 -12.276400 10.332300
v 1.742200 -12.102100 10.323800
v 1.719600 -11.921900 10.317200
v 1.809800 -11.821000 10.068700
v 1.697100 -11.729800 10.312200
v 1.798200 -11.626400 10.068600
v 1.846700 -11.723800 9.818400
v 1.840100 -11.528000 9.823300
v 1.081100 -11.933500 8.700700
v 1.227400 -11.912700 8.694500
v 1.233800 -11.680400 8.697800
v 1.084000 -11.693600 8.709000
v 1.371300 -11.910100 8.724600
v 1.380800 -11.685500 8.724700
v 1.377600 -11.468500 8.749900
v 1.230000 -11.455600 8.728400
v 1.360700 -11.262100 8.800800
v 1.216300 -11.242500 8.783200
v 1.080200 -11.460500 8.745300
v 1.069500 -11.239800 8.803100
v 0.672900 -13.893100 13.553900
v 0.734400 -13.848700 13.464700
v 0.678600 -13.740700 13.503300
v 0.747600 -13.693500 13.427700
v 0.809200 -13.647400 13.349800
v 0.790400 -13.803800 13.375100
v 0.687000 -13.581900 13.454100
v 0.759200 -13.533100 13.387500
v 0.693500 -13.420900 13.403800
v 0.766600 -13.370400 13.343900
v 0.830200 -13.325400 13.279300
v 0.822700 -13.487200 13.317200
v 0.879500 -13.446100 13.243000
v 0.864900 -13.604600 13.269400
v 0.888000 -13.286400 13.211300
v 0.943200 -13.254600 13.139400
v 0.934800 -13.410800 13.167200
v 0.920500 -13.566600 13.190300
v 0.845600 -13.759800 13.288900
v 0.902500 -13.719300 13.208000
v 0.268000 -14.184100 13.968000
v 0.260800 -14.050900 13.880900
v 0.348600 -14.033500 13.840300
v 0.178100 -14.193900 13.997700
v 0.172900 -14.061000 13.908200
v 0.166500 -13.924400 13.816100
v 0.252100 -13.913600 13.791300
v 0.339300 -13.894700 13.754800
v 0.087800 -14.198400 14.014500
v 0.085100 -14.065600 13.923700
v 0.081700 -13.929000 13.830300
v 0.078300 -13.796200 13.733200
v 0.160100 -13.790500 13.721600
v 0.075500 -13.670400 13.636800
v 0.155200 -13.662800 13.628900
v 0.244000 -13.777600 13.701100
v 0.331000 -13.755400 13.670100
v 0.237900 -13.646600 13.613600
v 0.325000 -13.619800 13.588600
v 0.601000 -13.935400 13.638800
v 0.521300 -13.974100 13.716700
v 0.516700 -13.828900 13.645000
v 0.600800 -13.786500 13.576700
v 0.436300 -14.007400 13.784700
v 0.428500 -13.865700 13.705200
v 0.422300 -13.721900 13.627100
v 0.514500 -13.679900 13.575100
v 0.418100 -13.580100 13.551800
v 0.513400 -13.531000 13.507000
v 0.604000 -13.632000 13.517000
v 0.607100 -13.476200 13.457900
v 1.086900 -13.628400 12.992200
v 1.026700 -13.655100 13.063500
v 1.044900 -13.507400 13.043900
v 1.104900 -13.483500 12.970100
v 0.964100 -13.684900 13.134100
v 0.981900 -13.534700 13.116200
v 0.994100 -13.382600 13.092200
v 1.054000 -13.359700 13.016600
v 0.999100 -13.231200 13.063500
v 1.053500 -13.214000 12.984600
v 1.111100 -13.340400 12.939600
v 1.104300 -13.200900 12.903600
v 1.083500 -13.066900 12.865100
v 1.113800 -13.063200 12.777000
v 1.043000 -13.072700 12.950500
v 1.026800 -12.931000 12.917500
v 1.057000 -12.931700 12.828500
v 1.077900 -12.934200 12.737300
v 0.995500 -13.083100 13.032000
v 0.943400 -13.100600 13.107700
v 0.938000 -12.947900 13.075400
v 0.986000 -12.935500 13.000400
v 0.973400 -12.785500 12.971600
v 1.009400 -12.784100 12.888500
v 0.929600 -12.795500 13.046200
v 0.916400 -12.643700 13.019600
v 0.957100 -12.631200 12.946000
v 0.991100 -12.628000 12.863800
v 1.033500 -12.788500 12.798100
v 1.048600 -12.795000 12.705600
v 1.013800 -12.631900 12.774100
v 1.027700 -12.639200 12.682100
v 0.322400 -13.492000 13.512700
v 0.416000 -13.444400 13.480700
v 0.321100 -13.366900 13.438500
v 0.415400 -13.308100 13.413300
v 0.511800 -13.239600 13.379800
v 0.512000 -13.386700 13.440700
v 0.318900 -13.239600 13.362400
v 0.415500 -13.164200 13.349200
v 0.308700 -13.089800 13.272800
v 0.417000 -12.996500 13.294300
v 0.518100 -12.910700 13.282000
v 0.514100 -13.082900 13.327500
v 0.608300 -13.003700 13.296700
v 0.605600 -13.167700 13.341700
v 0.612900 -12.831500 13.255600
v 0.697300 -12.767200 13.220500
v 0.693800 -12.934800 13.258900
v 0.691600 -13.100600 13.299100
v 0.606400 -13.323300 13.397500
v 0.693300 -13.261500 13.349700
v 0.889100 -13.127800 13.175900
v 0.830900 -13.164000 13.238200
v 0.828800 -13.004100 13.199100
v 0.886000 -12.971000 13.141000
v 0.766800 -13.208500 13.296400
v 0.765000 -13.046700 13.251600
v 0.766100 -12.884500 13.216100
v 0.827900 -12.847000 13.167200
v 0.767000 -12.726500 13.181900
v 0.824800 -12.697300 13.137100
v 0.881700 -12.816700 13.110900
v 0.873400 -12.667700 13.083100
v 1.174900 -13.032500 12.503900
v 1.146800 -13.050400 12.596200
v 1.106000 -12.929500 12.558200
v 1.136200 -12.912700 12.468100
v 1.130600 -13.059200 12.687300
v 1.090300 -12.935100 12.647500
v 1.057700 -12.799700 12.615900
v 1.072000 -12.797100 12.527500
v 1.035200 -12.646300 12.593000
v 1.047600 -12.646700 12.504900
v 1.102700 -12.781900 12.438500
v 1.076600 -12.633800 12.415800
v 1.691900 -11.744600 11.320000
v 1.715300 -11.698900 11.153900
v 1.689800 -11.502000 11.304000
v 1.713800 -11.453800 11.138400
v 1.701800 -11.424100 10.953100
v 1.704500 -11.668200 10.967500
v 1.682600 -11.253300 11.290200
v 1.707100 -11.200400 11.124200
v 1.658300 -11.009700 11.277500
v 1.682000 -10.950000 11.110000
v 1.670200 -10.914200 10.923800
v 1.694700 -11.169500 10.938800
v 1.627700 -11.154400 10.736400
v 1.634500 -11.405400 10.749000
v 1.608700 -10.898700 10.722700
v 1.564500 -10.878400 10.513400
v 1.583800 -11.128400 10.523000
v 1.594800 -11.371600 10.531700
v 1.639700 -11.644100 10.761400
v 1.604300 -11.602600 10.540100
v 1.605300 -10.782400 11.264700
v 1.625500 -10.713300 11.094800
v 1.532900 -10.566500 11.253000
v 1.548600 -10.487800 11.080100
v 1.541100 -10.431700 10.890300
v 1.615400 -10.668300 10.907100
v 1.450800 -10.356600 11.243600
v 1.462500 -10.270800 11.067300
v 1.358100 -10.149000 11.235500
v 1.365600 -10.061600 11.055800
v 1.363000 -9.990300 10.861900
v 1.458100 -10.204500 10.875200
v 1.440400 -10.160800 10.676100
v 1.508300 -10.399200 10.691000
v 1.355600 -9.939600 10.662900
v 1.349900 -9.914300 10.467900
v 1.427200 -10.136700 10.478300
v 1.483900 -10.378300 10.490100
v 1.566700 -10.646100 10.707100
v 1.530500 -10.626900 10.502100
v 1.254000 -9.939600 11.227700
v 1.256400 -9.859800 11.045100
v 1.140400 -9.740800 11.220300
v 1.139100 -9.671300 11.035800
v 1.132700 -9.612600 10.840700
v 1.252200 -9.792800 10.850300
v 1.019000 -9.564800 11.213600
v 1.018000 -9.502100 11.028600
v 0.889900 -9.427900 11.207200
v 0.889200 -9.369100 11.021800
v 0.883400 -9.322900 10.826600
v 1.011800 -9.450400 10.833500
v 1.002800 -9.419400 10.636800
v 1.125100 -9.572100 10.643500
v 0.874600 -9.300900 10.630500
v 0.867200 -9.305000 10.445300
v 0.994400 -9.415100 10.449000
v 1.118300 -9.558500 10.453700
v 1.246500 -9.744400 10.652100
v 1.241800 -9.723200 10.459800
v 0.734900 -9.231300 10.623000
v 0.733500 -9.240200 10.442400
v 0.741600 -9.246700 10.817900
v 0.597500 -9.234700 10.807300
v 0.593300 -9.225200 10.610600
v 0.601300 -9.235700 10.429600
v 0.748700 -9.289400 11.013800
v 0.752900 -9.346300 11.200900
v 0.615800 -9.328500 11.191900
v 0.606500 -9.273200 11.004200
v 0.472900 -9.331300 10.992900
v 0.462100 -9.299800 10.794700
v 0.486300 -9.383000 11.177900
v 0.370200 -9.487300 11.164500
v 0.355500 -9.444700 10.984900
v 0.344600 -9.424700 10.789400
v 0.459300 -9.297400 10.589400
v 0.478300 -9.306700 10.396200
v 0.341900 -9.431100 10.581200
v 0.351800 -9.453200 10.335200
v 1.613500 -11.097100 11.422600
v 1.563000 -10.877000 11.411200
v 1.551700 -11.204300 11.552100
v 1.502200 -10.989500 11.540600
v 1.439800 -10.781700 11.532400
v 1.495800 -10.666700 11.401700
v 1.477400 -11.323500 11.673100
v 1.426300 -11.112600 11.659600
v 1.391200 -11.447300 11.791800
v 1.341500 -11.237800 11.777600
v 1.288900 -11.027400 11.770400
v 1.367400 -10.905100 11.651300
v 1.311600 -10.690800 11.652900
v 1.372900 -10.572500 11.529900
v 1.246000 -10.805800 11.776800
v 1.200600 -10.566600 11.791400
v 1.251800 -10.462100 11.661100
v 1.298900 -10.353700 11.531300
v 1.420100 -10.459100 11.395600
v 1.335000 -10.247800 11.391700
v 1.186200 -10.908800 11.914000
v 1.152400 -10.660600 11.932700
v 1.214800 -11.139600 11.901900
v 1.152100 -11.238200 12.043300
v 1.132800 -10.998300 12.061300
v 1.103500 -10.741900 12.081300
v 1.254100 -11.356400 11.904200
v 1.293500 -11.568400 11.914400
v 1.202400 -11.677800 12.041900
v 1.177200 -11.462200 12.038700
v 1.124100 -11.548800 12.180400
v 1.107800 -11.319900 12.192300
v 1.136000 -11.766500 12.175700
v 1.090100 -11.830200 12.302900
v 1.086400 -11.615300 12.314000
v 1.072800 -11.389900 12.331000
v 1.086500 -11.072300 12.215500
v 1.050600 -10.808100 12.233800
v 1.043800 -11.147100 12.357100
v 0.979600 -10.858100 12.396300
v 1.352700 -9.919200 10.286000
v 1.436300 -10.129400 10.290500
v 1.356100 -9.946000 10.118100
v 1.449600 -10.137000 10.114600
v 1.528100 -10.342000 10.109700
v 1.501400 -10.357200 10.295400
v 1.352400 -9.986200 9.965000
v 1.448600 -10.157600 9.952400
v 1.337200 -10.030300 9.827500
v 1.431000 -10.182600 9.805700
v 1.511500 -10.341900 9.776900
v 1.531300 -10.339000 9.935800
v 1.608500 -10.525800 9.915200
v 1.600500 -10.553100 10.102800
v 1.585900 -10.506700 9.742200
v 1.654400 -10.679200 9.704900
v 1.679000 -10.718500 9.892800
v 1.664900 -10.768600 10.094500
v 1.558100 -10.591400 10.299600
v 1.605000 -10.828400 10.302700
v 1.536400 -10.492800 9.588900
v 1.598300 -10.651400 9.538100
v 1.469300 -10.344300 9.636200
v 1.409200 -10.343800 9.515800
v 1.467200 -10.479700 9.456700
v 1.521000 -10.629000 9.393400
v 1.394600 -10.203200 9.676100
v 1.306200 -10.068700 9.706000
v 1.265500 -10.102200 9.601900
v 1.344200 -10.218700 9.565600
v 1.284800 -10.228100 9.475900
v 1.336000 -10.337900 9.417500
v 1.221300 -10.131500 9.516300
v 1.184600 -10.154200 9.460500
v 1.213300 -10.223100 9.412900
v 1.250300 -10.323800 9.346300
v 1.385400 -10.463000 9.346900
v 1.432700 -10.605700 9.271900
v 1.291500 -10.442700 9.266500
v 1.333200 -10.581700 9.182700
v 1.117400 -10.109500 9.454700
v 1.126500 -10.194900 9.382100
v 1.020000 -10.050400 9.449100
v 1.026200 -10.152100 9.369400
v 1.045300 -10.267300 9.289900
v 1.152700 -10.299000 9.307100
v 0.907900 -9.984900 9.441000
v 0.914200 -10.103300 9.360600
v 0.784200 -9.928800 9.444800
v 0.791500 -10.062300 9.365300
v 0.806700 -10.206200 9.294700
v 0.930300 -10.232700 9.284500
v 0.953100 -10.370800 9.206600
v 1.072200 -10.394300 9.205400
v 0.826800 -10.357300 9.225500
v 0.848900 -10.516000 9.153700
v 0.979200 -10.519100 9.126100
v 1.103000 -10.535200 9.118500
v 1.186100 -10.419100 9.222400
v 1.222200 -10.557100 9.134500
v 0.651700 -9.897700 9.475000
v 0.659400 -10.043500 9.393100
v 0.521800 -9.895800 9.531500
v 0.530300 -10.050900 9.448100
v 0.543600 -10.214900 9.380800
v 0.673200 -10.198800 9.324200
v 0.405500 -9.927100 9.614500
v 0.416900 -10.088800 9.534300
v 0.306900 -9.991700 9.717600
v 0.320200 -10.152900 9.641800
v 0.335000 -10.321600 9.584300
v 0.431400 -10.258500 9.472400
v 0.446800 -10.436300 9.419700
v 0.560200 -10.387900 9.323300
v 0.348600 -10.497100 9.533000
v 0.361400 -10.681200 9.482100
v 0.461900 -10.622800 9.367800
v 0.577300 -10.569500 9.266500
v 0.691300 -10.362300 9.261500
v 0.710700 -10.533400 9.197900
v 0.906300 -11.053400 8.918700
v 0.755800 -11.102500 8.976900
v 0.889500 -10.860800 8.995600
v 0.743600 -10.900000 9.051300
v 0.604600 -10.959400 9.132000
v 0.612700 -11.174900 9.060600
v 0.870100 -10.682800 9.075500
v 0.728300 -10.711500 9.126400
v 0.592500 -10.758700 9.201700
v 0.475300 -10.818600 9.308300
v 0.485000 -11.029400 9.244400
v 0.373800 -10.875600 9.426000
v 0.383300 -11.086600 9.369300
v 0.488900 -11.260700 9.179600
v 0.387300 -11.320300 9.317100
v 1.051900 -11.037400 8.876000
v 1.192700 -11.045600 8.859000
v 1.163700 -10.862800 8.945300
v 1.029600 -10.851100 8.957800
v 1.329100 -11.069300 8.877600
v 1.458600 -11.098900 8.939400
v 1.412400 -10.917500 9.024600
v 1.291600 -10.887700 8.965600
v 1.256600 -10.715200 9.050100
v 1.133700 -10.692000 9.031800
v 1.372000 -10.742500 9.103800
v 1.005000 -10.678700 9.042100
v 1.810900 -11.247100 9.605200
v 1.761800 -11.192200 9.392900
v 1.770800 -11.051800 9.634500
v 1.711900 -11.004500 9.438900
v 1.626200 -10.971000 9.268500
v 1.682200 -11.153900 9.205700
v 1.717300 -10.861700 9.668300
v 1.657100 -10.823100 9.487600
v 1.573300 -10.794400 9.330800
v 1.477900 -10.768200 9.200200
v 1.525100 -10.943600 9.127900
v 1.578700 -11.124900 9.051600
v 1.822800 -11.325600 9.834500
v 1.784200 -11.419300 10.071900
v 1.760400 -11.204500 10.077900
v 1.791100 -11.120800 9.850700
v 1.681900 -11.519700 10.308800
v 1.665900 -11.296400 10.306400
v 1.640600 -11.064700 10.304700
v 1.719400 -10.986700 10.085800
v 1.741500 -10.917600 9.870700
v 1.144100 -11.980200 12.174100
v 1.089200 -12.041700 12.294900
v 1.221800 -11.892600 12.047600
v 1.240100 -12.100800 12.057700
v 1.154400 -12.184900 12.178400
v 1.091200 -12.244300 12.293600
v 1.322500 -11.784800 11.925700
v 1.425400 -11.666400 11.806200
v 1.449500 -11.886300 11.822500
v 1.345600 -11.998100 11.939900
v 1.367500 -12.201000 11.958700
v 1.261800 -12.296200 12.074500
v 1.469000 -12.098100 11.842000
v 1.172600 -12.375300 12.191500
v 1.104000 -12.432500 12.302600
v 1.510000 -11.547600 11.687200
v 1.580000 -11.434600 11.564700
v 1.594900 -11.669900 11.579300
v 1.530500 -11.775100 11.703100
v 1.638800 -11.333900 11.434700
v 1.649100 -11.576500 11.448600
v 1.654200 -11.813600 11.465400
v 1.604500 -11.899600 11.597200
v 1.545400 -11.996000 11.722100
v 0.896800 -12.492500 12.995200
v 0.936200 -12.470400 12.924100
v 0.865300 -12.349700 12.975600
v 0.906700 -12.310400 12.905300
v 0.948300 -12.285700 12.827100
v 0.971900 -12.458800 12.843800
v 0.816400 -12.222800 12.963100
v 0.864400 -12.158400 12.889300
v 0.743500 -12.097300 12.957800
v 0.819700 -12.013500 12.873000
v 0.881000 -11.961100 12.799200
v 0.916500 -12.117800 12.811900
v 0.961300 -12.092100 12.732500
v 0.983500 -12.272700 12.743600
v 0.933800 -11.924100 12.725400
v 0.977500 -11.900900 12.652200
v 0.996400 -12.079800 12.652800
v 1.009000 -12.269800 12.658000
v 0.999100 -12.456200 12.756700
v 1.017000 -12.460100 12.667000
v 0.617600 -12.651000 13.211700
v 0.699400 -12.600800 13.175000
v 0.523200 -12.717200 13.241400
v 0.530100 -12.519800 13.193300
v 0.624300 -12.469000 13.157600
v 0.705000 -12.437100 13.118600
v 0.420400 -12.788800 13.254200
v 0.329300 -12.843600 13.224900
v 0.337100 -12.617800 13.183400
v 0.427700 -12.572700 13.210100
v 0.440700 -12.379900 13.143000
v 0.539800 -12.335600 13.125200
v 0.354000 -12.419100 13.117600
v 0.374000 -12.246200 13.042400
v 0.454200 -12.209800 13.067600
v 0.546900 -12.168100 13.052000
v 0.634900 -12.292100 13.086200
v 0.718900 -12.277500 13.047600
v 0.640300 -12.126200 13.013900
v 0.764200 -12.577400 13.141200
v 0.766900 -12.440700 13.091800
v 0.805200 -12.467300 13.077000
v 0.815900 -12.559800 13.103500
v 0.784100 -12.319700 13.031500
v 0.830600 -12.406800 13.034900
v 0.858400 -12.526900 13.054900
v 1.056900 -12.071200 12.399700
v 1.061000 -11.864600 12.411000
v 1.053300 -12.272800 12.394700
v 1.032700 -12.280100 12.486500
v 1.036900 -12.080000 12.491800
v 1.038200 -11.880800 12.502700
v 1.060000 -12.462200 12.400600
v 1.035400 -12.471700 12.491000
v 1.025100 -12.468100 12.579100
v 1.021700 -12.275600 12.573200
v 1.019200 -12.079300 12.574400
v 1.011300 -11.889700 12.580500
v 0.296000 -12.447300 13.027400
v 0.318000 -12.272000 12.958400
v 0.278100 -12.644900 13.088400
v 0.242500 -12.657400 12.952200
v 0.260200 -12.463800 12.896800
v 0.282300 -12.287800 12.836200
v 0.269700 -12.859800 13.127900
v 0.249600 -13.046300 13.149900
v 0.216900 -13.025400 13.015400
v 0.234000 -12.856100 12.990800
v 0.215000 -12.851800 12.841000
v 0.222000 -12.658900 12.802000
v 0.201000 -13.015600 12.868300
v 0.193500 -13.009300 12.710900
v 0.205900 -12.845600 12.682500
v 0.212100 -12.654000 12.644000
v 0.240100 -12.467900 12.750200
v 0.263000 -12.294000 12.696500
v 0.231200 -12.465200 12.596300
v 0.254700 -12.294500 12.549600
v 0.228800 -12.460900 12.443600
v 0.252200 -12.292900 12.406000
v 0.208400 -12.647400 12.484300
v 0.207800 -12.640300 12.324500
v 0.229400 -12.456100 12.292400
v 0.252400 -12.290600 12.264300
v 0.200000 -12.836400 12.519100
v 0.186100 -12.998700 12.545600
v 0.179700 -12.986600 12.375800
v 0.196100 -12.826200 12.353300
v 0.193000 -12.816800 12.187700
v 0.207300 -12.633500 12.165900
v 0.174800 -12.975700 12.204600
v 0.171000 -12.966700 12.037800
v 0.190600 -12.809200 12.026200
v 0.206700 -12.628200 12.010800
v 0.229700 -12.451600 12.142500
v 0.252200 -12.288600 12.123200
v 0.229600 -12.448500 11.994500
v 0.251500 -12.287900 11.981800
v 0.167800 -12.960500 11.880900
v 0.188300 -12.804500 11.872900
v 0.164700 -12.954900 11.731500
v 0.186200 -12.800700 11.725800
v 0.204800 -12.624000 11.716300
v 0.205700 -12.625600 11.861400
v 0.161200 -12.947700 11.587500
v 0.184000 -12.795900 11.583000
v 0.156600 -12.936700 11.446500
v 0.181500 -12.788300 11.442600
v 0.203700 -12.617200 11.434000
v 0.204200 -12.621800 11.574200
v 0.227800 -12.448200 11.563600
v 0.228200 -12.448300 11.705500
v 0.227800 -12.446000 11.422800
v 0.248600 -12.293600 11.411800
v 0.248800 -12.293700 11.553800
v 0.249500 -12.291800 11.696600
v 0.228900 -12.447900 11.849000
v 0.250500 -12.289400 11.839400
v 0.228200 -12.440200 11.282900
v 0.248800 -12.290000 11.271200
v 0.203200 -12.608500 11.294300
v 0.202700 -12.597500 11.154000
v 0.228600 -12.431700 11.143000
v 0.249500 -12.283400 11.131400
v 0.178300 -12.775800 11.302700
v 0.150300 -12.919500 11.306000
v 0.144400 -12.901000 11.164700
v 0.175200 -12.761500 11.162000
v 0.173000 -12.748000 11.019100
v 0.202100 -12.585800 11.012000
v 0.140800 -12.886000 11.021100
v 0.139500 -12.877000 10.873800
v 0.171700 -12.737900 10.872500
v 0.201300 -12.575200 10.867000
v 0.228900 -12.421300 11.002100
v 0.250300 -12.273900 10.991900
v 0.228700 -12.410100 10.859400
v 0.251100 -12.261900 10.852000
v 0.227700 -12.399000 10.713900
v 0.251500 -12.247700 10.711200
v 0.200100 -12.567300 10.717800
v 0.198600 -12.560900 10.566300
v 0.226200 -12.387300 10.566700
v 0.251700 -12.231400 10.569800
v 0.171500 -12.733800 10.721000
v 0.140400 -12.876600 10.721600
v 0.143800 -12.883000 10.567200
v 0.172400 -12.733600 10.567000
v 0.174200 -12.735300 10.412900
v 0.197000 -12.554800 10.414300
v 0.150200 -12.894400 10.413600
v 0.157500 -12.906600 10.263500
v 0.176300 -12.736700 10.261200
v 0.195400 -12.547800 10.263700
v 0.224100 -12.374600 10.419000
v 0.251600 -12.212800 10.428100
v 0.221600 -12.360400 10.271900
v 0.250600 -12.192100 10.286300
v 0.163500 -12.915100 10.119400
v 0.178000 -12.735400 10.114300
v 0.168700 -12.921200 9.978300
v 0.179500 -12.730800 9.970500
v 0.192200 -12.524200 9.972400
v 0.193600 -12.538500 10.116500
v 0.173700 -12.925900 9.837500
v 0.181100 -12.722000 9.827700
v 0.179400 -12.929300 9.680500
v 0.182200 -12.692800 9.688200
v 0.192200 -12.468800 9.696000
v 0.191800 -12.502000 9.831200
v 0.216500 -12.285600 9.837600
v 0.216200 -12.320800 9.981900
v 0.217500 -12.248400 9.701700
v 0.253700 -12.022600 9.698600
v 0.247800 -12.094200 9.857800
v 0.246300 -12.138600 10.002300
v 0.218400 -12.344000 10.126400
v 0.248000 -12.169200 10.144800
v 0.217900 -12.218600 9.582400
v 0.247300 -12.040300 9.574600
v 0.192900 -12.421600 9.570000
v 0.195600 -12.368900 9.454800
v 0.219300 -12.192600 9.477900
v 0.246600 -12.038400 9.484900
v 0.182300 -12.626900 9.553700
v 0.181000 -12.802000 9.531200
v 0.179600 -12.712000 9.406600
v 0.183200 -12.550100 9.428700
v 0.186700 -12.488300 9.317500
v 0.201400 -12.319600 9.352200
v 0.180100 -12.649900 9.295500
v 0.185800 -12.613600 9.198100
v 0.195300 -12.443500 9.220800
v 0.212500 -12.275700 9.263900
v 0.223600 -12.166700 9.386800
v 0.248300 -12.037100 9.405800
v 0.233400 -12.134400 9.311600
v 0.250000 -12.047200 9.347700
v 0.290000 -12.371100 8.997800
v 0.279300 -12.585700 8.967900
v 0.306200 -12.153400 9.067300
v 0.260200 -12.201500 9.128600
v 0.241300 -12.397700 9.067300
v 0.229200 -12.596400 9.039200
v 0.320200 -11.947800 9.165500
v 0.324800 -11.804700 9.273600
v 0.292500 -11.903500 9.294800
v 0.279700 -12.027800 9.208700
v 0.251400 -12.089000 9.254800
v 0.230500 -12.239300 9.191800
v 0.267200 -11.983200 9.323700
v 0.211600 -12.417500 9.139500
v 0.200100 -12.600700 9.114300
v 0.229600 -10.089700 9.834300
v 0.241200 -10.239000 9.760400
v 0.158800 -10.197300 9.947800
v 0.166500 -10.328400 9.873000
v 0.174100 -10.469500 9.808300
v 0.253100 -10.396100 9.701700
v 0.079300 -10.291100 10.041200
v 0.082800 -10.402200 9.962500
v 0.086500 -10.529500 9.887800
v 0.089700 -10.679200 9.803800
v 0.179800 -10.621900 9.740900
v 0.099000 -10.835900 9.726600
v 0.187900 -10.782100 9.676500
v 0.262800 -10.560000 9.645300
v 0.272700 -10.732400 9.590000
v 0.077800 -10.030800 10.379400
v 0.081500 -9.970800 10.521800
v 0.075500 -10.102500 10.250200
v 0.151100 -9.970300 10.167300
v 0.156700 -9.891000 10.313800
v 0.164500 -9.831800 10.476300
v 0.076400 -10.190200 10.137300
v 0.152700 -10.075200 10.045600
v 0.221100 -9.948700 9.936200
v 0.220200 -9.824300 10.067900
v 0.297900 -9.838700 9.823600
v 0.298900 -9.699900 9.960600
v 0.231700 -9.724700 10.231100
v 0.245100 -9.652300 10.414700
v 0.315500 -9.581300 10.129400
v 0.461700 -9.403800 10.145300
v 0.532900 -9.310500 10.234000
v 0.573600 -9.401300 10.015100
v 0.617800 -9.326300 10.113000
v 0.662900 -9.294100 10.181800
v 0.628600 -9.257200 10.279700
v 0.700600 -9.441500 9.932400
v 0.727600 -9.371500 10.043300
v 0.834300 -9.518100 9.885300
v 0.851400 -9.447400 10.007800
v 0.863100 -9.388100 10.138300
v 0.745900 -9.316500 10.158000
v 0.742500 -9.270600 10.289200
v 0.865900 -9.337300 10.282600
v 1.235000 -9.829100 9.973400
v 1.222900 -9.886500 9.840900
v 1.239200 -9.776600 10.120700
v 1.111500 -9.626700 10.123700
v 1.106900 -9.685700 9.980600
v 1.096600 -9.751500 9.850700
v 1.240400 -9.737600 10.282800
v 1.114500 -9.580500 10.281000
v 0.989700 -9.443800 10.280400
v 0.985500 -9.494300 10.128200
v 0.978400 -9.555300 9.989500
v 0.966700 -9.625100 9.861800
v 0.914700 -9.880100 9.531800
v 0.787500 -9.808500 9.540700
v 1.031400 -9.963700 9.534300
v 1.052900 -9.887600 9.628100
v 0.929900 -9.786500 9.632600
v 0.798800 -9.700300 9.648600
v 1.135200 -10.045400 9.532400
v 1.166600 -9.992400 9.620300
v 1.198000 -9.940200 9.723100
v 1.076600 -9.817800 9.733400
v 0.948900 -9.701800 9.742700
v 0.815600 -9.603000 9.764500
v 0.421100 -9.510300 10.006700
v 0.403000 -9.632600 9.853700
v 0.525900 -9.615300 9.759800
v 0.543500 -9.498400 9.891500
v 0.399400 -9.773300 9.722000
v 0.519500 -9.749200 9.637600
v 0.652300 -9.762900 9.576500
v 0.661000 -9.640500 9.691200
v 0.677700 -9.532300 9.812400
v 1.239700 -10.026300 11.389000
v 1.214900 -10.117500 11.535300
v 1.116400 -9.889300 11.537400
v 1.132700 -9.813500 11.385700
v 1.180900 -10.211000 11.672700
v 1.140700 -10.303400 11.808500
v 1.059200 -10.049000 11.819900
v 1.091900 -9.967700 11.680800
v 0.977900 -9.762600 11.678500
v 0.998500 -9.694500 11.533300
v 0.949300 -9.836100 11.817500
v 0.828000 -9.681800 11.809000
v 0.853100 -9.611500 11.672000
v 0.871100 -9.548300 11.527300
v 1.012300 -9.628700 11.380100
v 0.883600 -9.487300 11.374100
v 1.097600 -10.391300 11.949900
v 1.048400 -10.468600 12.092300
v 0.969500 -10.210300 12.091800
v 1.018300 -10.133000 11.958800
v 0.990200 -10.529100 12.231000
v 0.913500 -10.543700 12.351800
v 0.842600 -10.298500 12.315000
v 0.913100 -10.271300 12.213300
v 0.827200 -10.070500 12.186700
v 0.868800 -9.998900 12.077500
v 0.773300 -10.113300 12.272100
v 0.720500 -10.005500 12.229900
v 0.736200 -9.935000 12.162800
v 0.760200 -9.850900 12.058700
v 0.911200 -9.917800 11.952500
v 0.793900 -9.764000 11.939400
v 0.902200 -11.778100 12.724100
v 0.950700 -11.743700 12.657000
v 0.846400 -11.821400 12.789900
v 0.810100 -11.695100 12.788300
v 0.865200 -11.647000 12.730800
v 0.915100 -11.600900 12.669100
v 0.783200 -11.874600 12.853400
v 0.711800 -11.929200 12.910500
v 0.684000 -11.796400 12.884800
v 0.749800 -11.745600 12.840100
v 0.714200 -11.630600 12.843000
v 0.769600 -11.578400 12.798800
v 0.654300 -11.681300 12.879700
v 0.618400 -11.579900 12.890100
v 0.671700 -11.524800 12.859000
v 0.720400 -11.466100 12.820200
v 0.821300 -11.523700 12.747700
v 0.869600 -11.465400 12.690200
v 0.766300 -11.401800 12.774000
v 0.810000 -11.330600 12.720200
v 0.631000 -11.977100 12.957400
v 0.546300 -12.020500 12.988600
v 0.537800 -11.891500 12.942700
v 0.612100 -11.845300 12.920700
v 0.463300 -12.062000 12.998800
v 0.391000 -12.097900 12.972700
v 0.399800 -11.971200 12.916700
v 0.464500 -11.934200 12.945500
v 0.454700 -11.824100 12.916400
v 0.521200 -11.779600 12.922400
v 0.395500 -11.863400 12.882400
v 0.378800 -11.772700 12.869100
v 0.434500 -11.730800 12.907600
v 0.496000 -11.683900 12.921200
v 0.588900 -11.731500 12.908200
v 0.558600 -11.633300 12.913100
v 1.000900 -11.238500 12.466700
v 0.936800 -11.033400 12.504900
v 1.037500 -11.453200 12.441700
v 1.000400 -11.509100 12.530700
v 0.957800 -11.329400 12.553500
v 0.893800 -11.154500 12.586700
v 1.056000 -11.660300 12.424100
v 1.026600 -11.691700 12.514700
v 0.991800 -11.717200 12.589800
v 0.959900 -11.556600 12.604400
v 0.914500 -11.402900 12.626700
v 0.852000 -11.250900 12.658100
v 0.062500 -13.258000 13.143600
v 0.068300 -13.303700 13.254800
v 0.056700 -13.229700 13.021500
v 0.115500 -13.192400 13.030500
v 0.128700 -13.221700 13.155400
v 0.141700 -13.271800 13.266400
v 0.053200 -13.216400 12.885500
v 0.051000 -13.210100 12.734900
v 0.103900 -13.176500 12.736100
v 0.108100 -13.180900 12.890400
v 0.161400 -13.119600 12.884700
v 0.173200 -13.130900 13.028600
v 0.155400 -13.114600 12.728500
v 0.196800 -13.159100 13.158300
v 0.220000 -13.212900 13.271800
v 0.047000 -13.179000 11.877200
v 0.047200 -13.183200 12.040700
v 0.046600 -13.173200 11.722500
v 0.092800 -13.133600 11.727300
v 0.093900 -13.139800 11.880700
v 0.094600 -13.145000 12.042900
v 0.045500 -13.163200 11.574000
v 0.042900 -13.143400 11.429300
v 0.086000 -13.106300 11.436400
v 0.090600 -13.123800 11.580000
v 0.129600 -13.054500 11.585500
v 0.132900 -13.063400 11.731200
v 0.124300 -13.040100 11.443300
v 0.135300 -13.069600 11.882700
v 0.137500 -13.075700 12.042700
v 0.166900 -13.118200 9.760100
v 0.172400 -13.156600 9.678000
v 0.182300 -13.025600 9.598800
v 0.136400 -13.252700 9.814400
v 0.141800 -13.281200 9.738400
v 0.144300 -13.308400 9.674000
v 0.175900 -13.196700 9.611600
v 0.186500 -13.079300 9.537000
v 0.074700 -13.348200 9.852500
v 0.077900 -13.373700 9.781100
v 0.079200 -13.394200 9.718700
v 0.078800 -13.413700 9.659000
v 0.144200 -13.333200 9.613200
v 0.077000 -13.436000 9.589800
v 0.142100 -13.361200 9.547000
v 0.177400 -13.226200 9.548200
v 0.189600 -13.110100 9.472300
v 0.178100 -13.256400 9.481700
v 0.193700 -13.136800 9.403900
v 0.197400 -13.017800 9.324000
v 0.192000 -13.001800 9.394400
v 0.193800 -12.894400 9.255300
v 0.188300 -12.894500 9.331100
v 0.186600 -12.900800 9.392700
v 0.188700 -12.976400 9.455600
v 0.187600 -12.761800 9.211500
v 0.182500 -12.781300 9.299100
v 0.182500 -12.830100 9.395200
v 0.184100 -12.914200 9.499800
v 0.201200 -12.765800 9.132200
v 0.206800 -12.915200 9.182000
v 0.234700 -12.941800 9.110500
v 0.230300 -12.777600 9.058700
v 0.208200 -13.051800 9.252100
v 0.200700 -13.178400 9.330800
v 0.219900 -13.222500 9.254200
v 0.232700 -13.089500 9.179100
v 0.279100 -13.116900 9.105300
v 0.285300 -12.959000 9.040500
v 0.260700 -13.256600 9.175200
v 0.281600 -12.781800 8.988400
v 0.684100 -9.689700 11.927900
v 0.712100 -9.603100 11.802200
v 0.658000 -9.782200 12.044900
v 0.561300 -9.777300 12.031200
v 0.581100 -9.684500 11.913700
v 0.602100 -9.596700 11.790400
v 0.644200 -9.873300 12.153500
v 0.652900 -9.977100 12.248800
v 0.562200 -9.968300 12.255200
v 0.552500 -9.868200 12.146800
v 0.462300 -9.902900 12.130800
v 0.469800 -9.820300 12.012800
v 0.468200 -9.990700 12.244300
v 0.373500 -10.027800 12.227300
v 0.372600 -9.956300 12.112400
v 0.380100 -9.887100 11.993500
v 0.484200 -9.738100 11.892200
v 0.498200 -9.658900 11.766900
v 0.390500 -9.820700 11.869200
v 0.398800 -9.754900 11.740700
v 0.302300 -9.849300 11.720900
v 0.301900 -9.791600 11.590100
v 0.400100 -9.687500 11.609200
v 0.204700 -9.930300 11.707200
v 0.204300 -9.883500 11.577100
v 0.200200 -9.833500 11.443700
v 0.296200 -9.730800 11.455000
v 0.395000 -9.618700 11.471600
v 0.102300 -9.986000 11.699600
v 0.102000 -9.949500 11.569500
v 0.099800 -9.909300 11.437200
v 0.095900 -9.867000 11.300100
v 0.192600 -9.782900 11.304100
v 0.091800 -9.840000 11.154500
v 0.184400 -9.747100 11.154200
v 0.285700 -9.668900 11.312100
v 0.384200 -9.548600 11.325000
v 0.273400 -9.619100 11.157000
v 0.497000 -9.445700 11.343600
v 0.620600 -9.388300 11.360700
v 0.620400 -9.452300 11.514600
v 0.503600 -9.514600 11.494400
v 0.751200 -9.404600 11.369200
v 0.744000 -9.465500 11.523300
v 0.731500 -9.530100 11.667500
v 0.614700 -9.520500 11.657600
v 0.504300 -9.585100 11.635000
v 0.136300 -11.361100 9.708700
v 0.201100 -11.387100 9.666900
v 0.173400 -11.264300 9.643800
v 0.109800 -11.260600 9.681200
v 0.266100 -11.431500 9.587900
v 0.244400 -11.281900 9.572900
v 0.222300 -11.113900 9.583700
v 0.147700 -11.126400 9.644100
v 0.086000 -11.148900 9.676400
v 0.317600 -11.495800 9.458700
v 0.310800 -11.313900 9.456100
v 0.298300 -11.107700 9.487300
v 0.285100 -10.914400 9.534600
v 0.202800 -10.946700 9.621200
v 0.120500 -10.984300 9.672600
v 0.055800 -11.035300 9.695800
v 0.283800 -11.885600 9.780000
v 0.278900 -11.948900 9.902400
v 0.300100 -11.780900 9.848200
v 0.299300 -11.838000 9.956600
v 0.298300 -11.885400 10.077500
v 0.277400 -11.995800 10.036800
v 0.294400 -11.693900 9.908100
v 0.298900 -11.749700 10.005700
v 0.264200 -11.629200 9.951400
v 0.272900 -11.686100 10.042100
v 0.272700 -11.740700 10.146000
v 0.298100 -11.800400 10.116400
v 0.293300 -11.846500 10.234500
v 0.296800 -11.925600 10.204000
v 0.265600 -11.792400 10.257700
v 0.256300 -11.839000 10.373100
v 0.286300 -11.887900 10.355700
v 0.293600 -11.960700 10.332500
v 0.277900 -12.031500 10.172400
v 0.278100 -12.060500 10.308000
v 0.265600 -12.149700 10.847000
v 0.263300 -12.162800 10.983600
v 0.269600 -12.066100 10.844400
v 0.265900 -12.080300 10.977900
v 0.263500 -12.089500 11.114800
v 0.261600 -12.171900 11.121700
v 0.260600 -12.003900 10.844000
v 0.256300 -12.018900 10.975200
v 0.235200 -11.957900 10.845600
v 0.231200 -11.972900 10.975700
v 0.228000 -11.982100 11.112300
v 0.253300 -12.028100 11.111400
v 0.252000 -12.031700 11.252500
v 0.262500 -12.093700 11.255100
v 0.226200 -11.985300 11.254900
v 0.225200 -11.983800 11.403000
v 0.251600 -12.030600 11.398300
v 0.262500 -12.093800 11.398700
v 0.260900 -12.177200 11.261600
v 0.260800 -12.178800 11.403500
v 0.269900 -12.159300 12.380400
v 0.274300 -12.157000 12.514500
v 0.268100 -12.160500 12.247500
v 0.270700 -12.060500 12.242700
v 0.275200 -12.054900 12.368500
v 0.282800 -12.047500 12.493700
v 0.266300 -12.161800 12.113700
v 0.264600 -12.164100 11.977200
v 0.264900 -12.071300 11.980400
v 0.267200 -12.065800 12.114100
v 0.250100 -11.995100 12.124500
v 0.254400 -11.985500 12.250800
v 0.248600 -12.003500 11.990900
v 0.216300 -11.955500 12.008100
v 0.216700 -11.944100 12.144200
v 0.221400 -11.929400 12.271400
v 0.261700 -11.974200 12.372000
v 0.273300 -11.960400 12.490300
v 0.231400 -11.911100 12.390900
v 0.247200 -11.889800 12.504300
v 0.224200 -11.978500 11.555900
v 0.251500 -12.025600 11.548300
v 0.222500 -11.971400 11.710200
v 0.251000 -12.018600 11.699300
v 0.263500 -12.084300 11.693500
v 0.262900 -12.090100 11.545800
v 0.219000 -11.964200 11.862200
v 0.249400 -12.011200 11.848000
v 0.263900 -12.077800 11.839300
v 0.263300 -12.168300 11.836300
v 0.262200 -12.172900 11.692600
v 0.261300 -12.176900 11.547700
v 0.275500 -12.087500 10.442600
v 0.287400 -11.993200 10.459500
v 0.280400 -12.022100 10.586300
v 0.271700 -12.111700 10.576900
v 0.278900 -11.924700 10.475700
v 0.249500 -11.878100 10.487900
v 0.244100 -11.910600 10.603800
v 0.271800 -11.956400 10.596000
v 0.265700 -11.982900 10.718200
v 0.274400 -12.046600 10.714200
v 0.239400 -11.937200 10.722300
v 0.268400 -12.132600 10.711600
v 0.174600 -11.441100 9.757400
v 0.234200 -11.483800 9.708800
v 0.214000 -11.508300 9.817500
v 0.264400 -11.562700 9.764600
v 0.296900 -11.632600 9.686900
v 0.284500 -11.543800 9.627800
v 0.244200 -11.570400 9.879400
v 0.283700 -11.632100 9.829400
v 0.300700 -11.712100 9.759300
v 0.293500 -11.800900 9.680500
v 0.304600 -11.707000 9.594700
v 0.278200 -11.874600 9.601400
v 0.299100 -11.773900 9.511100
v 0.314100 -11.616100 9.512800
v 0.323400 -11.694900 9.411800
v 0.203700 -11.810700 10.380000
v 0.198700 -11.850000 10.492900
v 0.138000 -11.797300 10.380400
v 0.135200 -11.835600 10.493200
v 0.133800 -11.864200 10.608200
v 0.195500 -11.880900 10.607400
v 0.068600 -11.792800 10.378100
v 0.067400 -11.830400 10.491500
v 0.066800 -11.857600 10.607500
v 0.066500 -11.875900 10.727900
v 0.132800 -11.884900 10.727100
v 0.065800 -11.888400 10.854700
v 0.131600 -11.900000 10.852100
v 0.192800 -11.905000 10.725300
v 0.190200 -11.923200 10.848700
v 0.058400 -11.908700 11.595700
v 0.059600 -11.909600 11.436800
v 0.057300 -11.906000 11.756500
v 0.118500 -11.917200 11.743000
v 0.121100 -11.920900 11.583700
v 0.123200 -11.922900 11.426100
v 0.056000 -11.901100 11.916900
v 0.055100 -11.889800 12.074400
v 0.113000 -11.901700 12.055700
v 0.115300 -11.911900 11.901400
v 0.172000 -11.932000 11.881600
v 0.176000 -11.938300 11.726100
v 0.168900 -11.922600 12.031700
v 0.178600 -11.943900 11.569000
v 0.180400 -11.947800 11.413500
v 0.182100 -11.948700 11.263000
v 0.184200 -11.945400 11.118100
v 0.127200 -11.919500 11.125900
v 0.125200 -11.922800 11.273200
v 0.187100 -11.936800 10.979800
v 0.129600 -11.911700 10.985300
v 0.064400 -11.898500 10.990000
v 0.062600 -11.905500 11.132800
v 0.061000 -11.908800 11.282100
v 0.206800 -11.591500 9.969700
v 0.217000 -11.649000 10.058100
v 0.136200 -11.572700 9.972700
v 0.145300 -11.630900 10.061100
v 0.146600 -11.690500 10.160600
v 0.217700 -11.706500 10.158700
v 0.066500 -11.564700 9.970000
v 0.071800 -11.624200 10.058400
v 0.072700 -11.685300 10.157800
v 0.071000 -11.743000 10.265600
v 0.143000 -11.747400 10.268300
v 0.211700 -11.761600 10.267400
v 0.026000 -11.108100 9.697900
v 0.017300 -11.190100 9.695800
v 0.033300 -11.218600 9.694100
v 0.048800 -11.185500 9.688500
v 0.015900 -11.269000 9.706500
v 0.020500 -11.341500 9.732300
v 0.046900 -11.349100 9.731100
v 0.035800 -11.278100 9.703200
v 0.065500 -11.270200 9.697900
v 0.085200 -11.352000 9.726700
v 0.349600 -11.895800 12.812800
v 0.334000 -11.808300 12.802100
v 0.351400 -12.000200 12.843900
v 0.317400 -12.022000 12.740800
v 0.315300 -11.922200 12.717800
v 0.298200 -11.838900 12.714300
v 0.338700 -12.124300 12.894900
v 0.303900 -12.142200 12.782300
v 0.284000 -12.152200 12.652000
v 0.295700 -12.037100 12.621000
v 0.290500 -11.943400 12.608000
v 0.269400 -11.865900 12.613600
v 0.443300 -10.387700 12.609700
v 0.320000 -10.357700 12.610800
v 0.311100 -10.266300 12.527200
v 0.429400 -10.280100 12.531800
v 0.205700 -10.351200 12.606200
v 0.201000 -10.269300 12.519400
v 0.195100 -10.199000 12.424700
v 0.299200 -10.186500 12.434000
v 0.409400 -10.182700 12.443100
v 0.099500 -10.352400 12.605200
v 0.097500 -10.275000 12.516400
v 0.095200 -10.209000 12.420800
v 0.093300 -10.154100 12.317500
v 0.189800 -10.140700 12.320700
v 0.092800 -10.109600 12.205800
v 0.187300 -10.091700 12.208500
v 0.287500 -10.120700 12.328700
v 0.388200 -10.100900 12.339600
v 0.280400 -10.062900 12.215600
v 0.090300 -11.631700 12.825000
v 0.132400 -11.688300 12.743500
v 0.087200 -11.729400 12.646200
v 0.158500 -11.602900 12.883200
v 0.187100 -11.655300 12.817600
v 0.227100 -11.707600 12.766700
v 0.186000 -11.741000 12.682200
v 0.152000 -11.777000 12.583600
v 0.216600 -11.581700 12.922900
v 0.237200 -11.627200 12.875800
v 0.258900 -11.568400 12.942200
v 0.283400 -11.595200 12.921900
v 0.317300 -11.638100 12.895600
v 0.270700 -11.674800 12.838800
v 0.305400 -11.734900 12.812500
v 0.266500 -11.768100 12.731400
v 0.350900 -11.697400 12.875700
v 0.233100 -11.799300 12.638700
v 0.206100 -11.829500 12.535900
v 0.055400 -11.868000 12.226100
v 0.058400 -11.833000 12.373500
v 0.117900 -11.855100 12.340800
v 0.113000 -11.882900 12.202600
v 0.065800 -11.782300 12.518200
v 0.130100 -11.817400 12.468800
v 0.186400 -11.859600 12.424700
v 0.174000 -11.886600 12.304100
v 0.168900 -11.907500 12.172800
v 0.518500 -11.548200 12.928800
v 0.571500 -11.488000 12.911000
v 0.461600 -11.603500 12.932300
v 0.418800 -11.539600 12.953600
v 0.468800 -11.478100 12.953500
v 0.514200 -11.408600 12.939400
v 0.404400 -11.653400 12.915200
v 0.367400 -11.593000 12.934100
v 0.326500 -11.550600 12.959500
v 0.368100 -11.493700 12.982600
v 0.278600 -11.528300 12.978800
v 0.308800 -11.467100 13.009900
v 0.409800 -11.424800 12.985100
v 0.446900 -11.344600 12.972200
v 0.341500 -11.389900 13.017300
v 0.370400 -11.299100 13.006100
v 0.693900 -10.108100 12.325800
v 0.751200 -10.274200 12.388500
v 0.644400 -10.230300 12.432700
v 0.597800 -10.088600 12.351200
v 0.808800 -10.483200 12.440500
v 0.844400 -10.691400 12.494200
v 0.713000 -10.560000 12.556800
v 0.686700 -10.394600 12.497900
v 0.557400 -10.324900 12.525200
v 0.527400 -10.198500 12.446800
v 0.576800 -10.457000 12.593500
v 0.493800 -10.088200 12.351400
v 0.695700 -11.275100 12.809300
v 0.732100 -11.189700 12.759000
v 0.657800 -11.352700 12.851300
v 0.582900 -11.246300 12.886000
v 0.611300 -11.153900 12.846700
v 0.638700 -11.054700 12.799200
v 0.617200 -11.423200 12.885200
v 0.551300 -11.331200 12.916800
v 0.474700 -11.254100 12.949400
v 0.496200 -11.154800 12.917900
v 0.389500 -11.196500 12.981500
v 0.402000 -11.085200 12.947200
v 0.514600 -11.048700 12.879300
v 0.532300 -10.937800 12.833100
v 0.411700 -10.968200 12.906900
v 0.420700 -10.849000 12.860000
v 0.431200 -10.731400 12.805900
v 0.551400 -10.824400 12.779400
v 0.440500 -10.615100 12.745700
v 0.568200 -10.707100 12.720300
v 0.692700 -10.833800 12.682500
v 0.667100 -10.949100 12.743400
v 0.445800 -10.500000 12.680700
v 0.578500 -10.584500 12.658400
v 0.711500 -10.705200 12.619300
v 0.835600 -10.855200 12.561900
v 0.803300 -10.986100 12.633800
v 0.768400 -11.095400 12.700000
v 0.271100 -11.909000 9.530300
v 0.269500 -11.923600 9.462500
v 0.284300 -11.864500 9.432000
v 0.292000 -11.821400 9.459700
v 0.270700 -11.938200 9.393200
v 0.291800 -11.855600 9.374000
v 0.312700 -11.774600 9.372900
v 0.846400 -13.256100 16.823700
v 0.937400 -13.265300 17.097500
v 0.642100 -13.276000 17.173100
v 0.572300 -13.272400 16.891300
v 1.063900 -13.268600 17.385300
v 0.747800 -13.278400 17.481200
v 0.384400 -13.281800 17.582000
v 0.325200 -13.279300 17.233800
v 0.287500 -13.280700 16.939400
v 0.384400 -7.730900 26.076600
v 0.796000 -7.731600 26.061600
v 0.793500 -6.951100 26.458700
v 0.383000 -6.947100 26.475100
v 1.256600 -7.716700 26.043100
v 1.253600 -6.940100 26.438300
v 1.254000 -6.083000 26.792700
v 0.794500 -6.091600 26.818500
v 0.383800 -6.085100 26.838300
v 0.514700 5.449300 26.664000
v 0.516500 6.162300 26.401700
v 1.030400 5.430200 26.633000
v 1.034000 6.147200 26.371800
v 1.021600 6.857700 26.084800
v 0.509800 6.871700 26.112200
v 1.542800 5.404800 26.579100
v 1.548300 6.125700 26.320700
v 1.532100 6.837000 26.037800
v 1.499300 7.549100 25.727200
v 0.997400 7.570700 25.770000
v 1.452500 8.264800 25.370200
v 0.963900 8.287900 25.409100
v 0.497000 7.585300 25.794500
v 0.479600 8.303500 25.430500
v 0.460900 3.223800 27.268000
v 0.929400 3.178800 27.241600
v 0.970200 3.948000 27.075500
v 0.482700 3.984400 27.103900
v 1.408000 3.128200 27.192000
v 1.462200 3.905400 27.023000
v 1.510600 4.664500 26.816000
v 1.006500 4.697800 26.870100
v 0.502100 4.724700 26.900300
v 0.459100 9.026400 25.002400
v 0.923800 9.010700 24.983600
v 0.879100 9.703900 24.500400
v 0.436400 9.719600 24.516900
v 1.394500 8.986800 24.948200
v 1.329100 9.679600 24.468700
v 1.259700 10.307600 23.939200
v 0.831900 10.332400 23.966700
v 1.194100 10.857900 23.395200
v 0.787000 10.883900 23.417800
v 0.412500 10.348200 23.980600
v 0.389700 10.900400 23.428300
v 0.370100 11.364200 22.894800
v 0.749000 11.346000 22.888900
v 0.721100 11.740900 22.365200
v 0.355500 11.760400 22.365400
v 1.140100 11.317500 22.872500
v 1.101500 11.710500 22.356200
v 1.081900 12.060500 21.831100
v 0.706100 12.090600 21.831900
v 0.347400 12.109400 21.825600
v 0.200200 -15.190000 7.999700
v 0.189200 -15.106700 8.225400
v 0.404500 -15.192200 8.004500
v 0.383000 -15.087000 8.224100
v 0.361800 -14.986400 8.477100
v 0.178200 -15.030300 8.489700
v 0.611500 -15.178800 8.011900
v 0.581100 -15.061100 8.228600
v 0.550700 -14.944600 8.475000
v 0.530600 -14.862800 8.742600
v 0.348100 -14.919700 8.756800
v 0.171300 -14.982200 8.786300
v 0.628400 -15.260300 7.582000
v 0.609700 -15.183900 7.496300
v 0.638400 -15.297900 7.691500
v 0.423600 -15.306300 7.682200
v 0.417000 -15.272000 7.572300
v 0.404500 -15.200100 7.486300
v 0.631700 -15.264200 7.833900
v 0.418700 -15.272500 7.825000
v 0.207600 -15.259100 7.819000
v 0.210200 -15.290000 7.677400
v 0.206900 -15.259200 7.568700
v 0.200700 -15.194300 7.482800
v 0.554400 -14.939500 7.309900
v 0.571500 -15.017800 7.364700
v 0.379000 -15.041300 7.352800
v 0.367600 -14.965200 7.295700
v 0.590300 -15.101200 7.425300
v 0.391600 -15.121400 7.414700
v 0.194200 -15.123300 7.409600
v 0.187900 -15.050000 7.344900
v 0.182200 -14.978200 7.284700
v 1.058000 -3.483100 9.030400
v 1.139700 -3.138200 8.899600
v 1.025600 -3.797300 9.120500
v 0.710700 -3.789000 9.056100
v 0.747300 -3.464300 8.958300
v 0.845400 -3.108000 8.829400
v 1.027600 -4.111700 9.173700
v 0.707300 -4.109800 9.117400
v 0.359300 -4.107300 9.074800
v 0.362400 -3.776100 9.017100
v 0.385200 -3.427900 8.915300
v 0.491300 -3.048500 8.791900
v 0.264600 1.825600 11.488200
v 0.529500 1.834700 11.473500
v 0.512500 1.629600 11.357000
v 0.257400 1.612100 11.362000
v 0.789800 1.830200 11.437500
v 0.757600 1.634900 11.334700
v 0.724700 1.447800 11.228200
v 0.499400 1.427800 11.233000
v 0.253500 1.401100 11.226700
v 1.285700 -2.731800 8.724000
v 1.033200 -2.692300 8.674900
v 1.279600 -2.256200 8.482900
v 1.483500 -2.301600 8.516400
v 0.744000 -2.623400 8.669900
v 1.065500 -2.185000 8.500800
v 1.378200 -1.765400 8.236500
v 1.553800 -1.838500 8.241800
v 1.720700 -1.885600 8.289300
v 0.391700 -14.987300 14.554800
v 0.262500 -14.999500 14.601800
v 0.257600 -15.004300 14.549500
v 0.386100 -15.007400 14.503800
v 0.130600 -15.000900 14.624700
v 0.127800 -14.996000 14.572100
v 0.124300 -14.980700 14.527700
v 0.250400 -14.994700 14.503700
v 0.119400 -14.950200 14.486900
v 0.240200 -14.966000 14.461200
v 0.375100 -15.009000 14.456500
v 0.358600 -14.985500 14.411700
v 0.294700 -14.755200 14.283900
v 0.281400 -14.649700 14.238900
v 0.313800 -14.850500 14.325800
v 0.210500 -14.840100 14.375700
v 0.197300 -14.750400 14.332700
v 0.187800 -14.649700 14.285500
v 0.336700 -14.929900 14.368300
v 0.225900 -14.913300 14.418500
v 0.112300 -14.899600 14.445300
v 0.104600 -14.830500 14.403200
v 0.097800 -14.744100 14.360900
v 0.092900 -14.646300 14.313400
v 0.089300 -14.320200 14.104100
v 0.181000 -14.316800 14.084500
v 0.182500 -14.432400 14.163500
v 0.090100 -14.434000 14.186500
v 0.272100 -14.308300 14.050800
v 0.274300 -14.426000 14.125100
v 0.276000 -14.539900 14.186800
v 0.183800 -14.543500 14.229800
v 0.090800 -14.542800 14.255800
v 0.521200 -14.099000 9.273900
v 0.531100 -13.972400 9.216900
v 0.353800 -13.973500 9.277000
v 0.345500 -14.106600 9.340800
v 0.545700 -13.848900 9.158900
v 0.367400 -13.848500 9.218800
v 0.183700 -13.847700 9.270100
v 0.175800 -13.975400 9.324600
v 0.171100 -14.113100 9.394100
v 0.071600 -13.368900 13.358100
v 0.148400 -13.345600 13.365300
v 0.151400 -13.438200 13.455900
v 0.073300 -13.452800 13.454600
v 0.230300 -13.301300 13.367200
v 0.233500 -13.409900 13.451600
v 0.235200 -13.524600 13.532100
v 0.152900 -13.544600 13.542000
v 0.074300 -13.554600 13.545700
v 0.084400 -9.917700 10.674400
v 0.169500 -9.787500 10.646000
v 0.173400 -9.757400 10.818800
v 0.086900 -9.875000 10.833700
v 0.250300 -9.609900 10.607500
v 0.253800 -9.592300 10.800700
v 0.262100 -9.594400 10.985200
v 0.178200 -9.741300 10.990300
v 0.089100 -9.845900 10.996400
v 0.069400 -13.313600 9.939800
v 0.127900 -13.223800 9.910300
v 0.118000 -13.194400 10.021900
v 0.063200 -13.273600 10.041900
v 0.159400 -13.093900 9.870600
v 0.150700 -13.076300 9.998100
v 0.141900 -13.058100 10.130900
v 0.108200 -13.163900 10.145200
v 0.132000 -13.036900 10.269800
v 0.097100 -13.129500 10.277700
v 0.057100 -13.232100 10.158100
v 0.050300 -13.186200 10.285000
v 0.104800 -12.977900 11.015800
v 0.104300 -12.971000 10.868700
v 0.108200 -12.993600 11.159900
v 0.070000 -13.048300 11.151300
v 0.067700 -13.032700 11.007100
v 0.068000 -13.028400 10.860700
v 0.115900 -13.017000 11.301900
v 0.077600 -13.077000 11.294000
v 0.037900 -13.108100 11.286100
v 0.033300 -13.074300 11.143000
v 0.032200 -13.059000 10.998800
v 0.032500 -13.057400 10.853100
v 0.140300 -13.084200 12.213400
v 0.144100 -13.094200 12.388600
v 0.097500 -13.159900 12.393900
v 0.095700 -13.151900 12.216200
v 0.149400 -13.105300 12.561700
v 0.100300 -13.168800 12.568900
v 0.049300 -13.202300 12.569000
v 0.048100 -13.194600 12.393800
v 0.047500 -13.188300 12.215300
v 0.119700 -13.010500 10.415300
v 0.109300 -12.986800 10.565200
v 0.071800 -13.052500 10.562400
v 0.083300 -13.088400 10.417300
v 0.105000 -12.973800 10.717500
v 0.068100 -13.033800 10.711300
v 0.032400 -13.064700 10.705700
v 0.034600 -13.087700 10.559900
v 0.041600 -13.133100 10.419400
v 0.227900 -13.379100 9.242800
v 0.192100 -13.342400 9.325400
v 0.145700 -13.440000 9.379900
v 0.174000 -13.481700 9.296600
v 0.179300 -13.298300 9.406200
v 0.138800 -13.398400 9.466300
v 0.074200 -13.465500 9.499200
v 0.077100 -13.505900 9.405100
v 0.092600 -13.561400 9.325200
v 0.100300 -10.017200 11.829800
v 0.200900 -9.971500 11.836900
v 0.195200 -10.010000 11.964800
v 0.097300 -10.045900 11.958900
v 0.296800 -9.902200 11.850400
v 0.289000 -9.953700 11.976900
v 0.282200 -10.007300 12.098400
v 0.189900 -10.049100 12.089300
v 0.094400 -10.075100 12.085200
v 0.055400 -11.512100 9.895100
v 0.116500 -11.520000 9.898300
v 0.091700 -11.468000 9.834200
v 0.041900 -11.460600 9.831000
v 0.184000 -11.536300 9.897700
v 0.152700 -11.480300 9.835200
v 0.117000 -11.420500 9.775400
v 0.067000 -11.411800 9.776700
v 0.029700 -11.404600 9.775300
v 0.311500 -10.798300 12.878800
v 0.316200 -10.679900 12.821100
v 0.204800 -10.775100 12.891300
v 0.206000 -10.657400 12.829600
v 0.207200 -10.546800 12.761200
v 0.320300 -10.566300 12.757100
v 0.100500 -10.768800 12.899300
v 0.100600 -10.651500 12.835700
v 0.100700 -10.542100 12.765200
v 0.100500 -10.441900 12.688200
